id,kode_provinsi,nama_provinsi,kode_kabupaten_kota,nama_kabupaten_kota,jenis_hotel,jumlah_kamar,satuan,tahun
1,32,JAWA BARAT,3201,KABUPATEN BOGOR,BINTANG 1,2480,UNIT,2014
2,32,JAWA BARAT,3201,KABUPATEN BOGOR,BINTANG 2,1730,UNIT,2014
3,32,JAWA BARAT,3201,KABUPATEN BOGOR,BINTANG 3,5870,UNIT,2014
4,32,JAWA BARAT,3201,KABUPATEN BOGOR,BINTANG 4,3870,UNIT,2014
5,32,JAWA BARAT,3201,KABUPATEN BOGOR,BINTANG 5,1780,UNIT,2014
6,32,JAWA BARAT,3202,KABUPATEN SUKABUMI,BINTANG 1,0,UNIT,2014
7,32,JAWA BARAT,3202,KABUPATEN SUKABUMI,BINTANG 2,970,UNIT,2014
8,32,JAWA BARAT,3202,KABUPATEN SUKABUMI,BINTANG 3,780,UNIT,2014
9,32,JAWA BARAT,3202,KABUPATEN SUKABUMI,BINTANG 4,1060,UNIT,2014
10,32,JAWA BARAT,3202,KABUPATEN SUKABUMI,BINTANG 5,0,UNIT,2014
11,32,JAWA BARAT,3203,KABUPATEN CIANJUR,BINTANG 1,1260,UNIT,2014
12,32,JAWA BARAT,3203,KABUPATEN CIANJUR,BINTANG 2,3880,UNIT,2014
13,32,JAWA BARAT,3203,KABUPATEN CIANJUR,BINTANG 3,3620,UNIT,2014
14,32,JAWA BARAT,3203,KABUPATEN CIANJUR,BINTANG 4,3100,UNIT,2014
15,32,JAWA BARAT,3203,KABUPATEN CIANJUR,BINTANG 5,0,UNIT,2014
16,32,JAWA BARAT,3204,KABUPATEN BANDUNG,BINTANG 1,400,UNIT,2014
17,32,JAWA BARAT,3204,KABUPATEN BANDUNG,BINTANG 2,0,UNIT,2014
18,32,JAWA BARAT,3204,KABUPATEN BANDUNG,BINTANG 3,0,UNIT,2014
19,32,JAWA BARAT,3204,KABUPATEN BANDUNG,BINTANG 4,0,UNIT,2014
20,32,JAWA BARAT,3204,KABUPATEN BANDUNG,BINTANG 5,0,UNIT,2014
21,32,JAWA BARAT,3205,KABUPATEN GARUT,BINTANG 1,0,UNIT,2014
22,32,JAWA BARAT,3205,KABUPATEN GARUT,BINTANG 2,2480,UNIT,2014
23,32,JAWA BARAT,3205,KABUPATEN GARUT,BINTANG 3,400,UNIT,2014
24,32,JAWA BARAT,3205,KABUPATEN GARUT,BINTANG 4,160,UNIT,2014
25,32,JAWA BARAT,3205,KABUPATEN GARUT,BINTANG 5,0,UNIT,2014
26,32,JAWA BARAT,3206,KABUPATEN TASIKMALAYA,BINTANG 1,0,UNIT,2014
27,32,JAWA BARAT,3206,KABUPATEN TASIKMALAYA,BINTANG 2,0,UNIT,2014
28,32,JAWA BARAT,3206,KABUPATEN TASIKMALAYA,BINTANG 3,0,UNIT,2014
29,32,JAWA BARAT,3206,KABUPATEN TASIKMALAYA,BINTANG 4,0,UNIT,2014
30,32,JAWA BARAT,3206,KABUPATEN TASIKMALAYA,BINTANG 5,0,UNIT,2014
31,32,JAWA BARAT,3207,KABUPATEN CIAMIS,BINTANG 1,710,UNIT,2014
32,32,JAWA BARAT,3207,KABUPATEN CIAMIS,BINTANG 2,0,UNIT,2014
33,32,JAWA BARAT,3207,KABUPATEN CIAMIS,BINTANG 3,0,UNIT,2014
34,32,JAWA BARAT,3207,KABUPATEN CIAMIS,BINTANG 4,0,UNIT,2014
35,32,JAWA BARAT,3207,KABUPATEN CIAMIS,BINTANG 5,0,UNIT,2014
36,32,JAWA BARAT,3208,KABUPATEN KUNINGAN,BINTANG 1,210,UNIT,2014
37,32,JAWA BARAT,3208,KABUPATEN KUNINGAN,BINTANG 2,460,UNIT,2014
38,32,JAWA BARAT,3208,KABUPATEN KUNINGAN,BINTANG 3,1450,UNIT,2014
39,32,JAWA BARAT,3208,KABUPATEN KUNINGAN,BINTANG 4,0,UNIT,2014
40,32,JAWA BARAT,3208,KABUPATEN KUNINGAN,BINTANG 5,0,UNIT,2014
41,32,JAWA BARAT,3209,KABUPATEN CIREBON,BINTANG 1,390,UNIT,2014
42,32,JAWA BARAT,3209,KABUPATEN CIREBON,BINTANG 2,0,UNIT,2014
43,32,JAWA BARAT,3209,KABUPATEN CIREBON,BINTANG 3,1140,UNIT,2014
44,32,JAWA BARAT,3209,KABUPATEN CIREBON,BINTANG 4,1940,UNIT,2014
45,32,JAWA BARAT,3209,KABUPATEN CIREBON,BINTANG 5,0,UNIT,2014
46,32,JAWA BARAT,3210,KABUPATEN MAJALENGKA,BINTANG 1,0,UNIT,2014
47,32,JAWA BARAT,3210,KABUPATEN MAJALENGKA,BINTANG 2,0,UNIT,2014
48,32,JAWA BARAT,3210,KABUPATEN MAJALENGKA,BINTANG 3,0,UNIT,2014
49,32,JAWA BARAT,3210,KABUPATEN MAJALENGKA,BINTANG 4,0,UNIT,2014
50,32,JAWA BARAT,3210,KABUPATEN MAJALENGKA,BINTANG 5,0,UNIT,2014
51,32,JAWA BARAT,3211,KABUPATEN SUMEDANG,BINTANG 1,0,UNIT,2014
52,32,JAWA BARAT,3211,KABUPATEN SUMEDANG,BINTANG 2,400,UNIT,2014
53,32,JAWA BARAT,3211,KABUPATEN SUMEDANG,BINTANG 3,15990,UNIT,2014
54,32,JAWA BARAT,3211,KABUPATEN SUMEDANG,BINTANG 4,0,UNIT,2014
55,32,JAWA BARAT,3211,KABUPATEN SUMEDANG,BINTANG 5,0,UNIT,2014
56,32,JAWA BARAT,3212,KABUPATEN INDRAMAYU,BINTANG 1,0,UNIT,2014
57,32,JAWA BARAT,3212,KABUPATEN INDRAMAYU,BINTANG 2,0,UNIT,2014
58,32,JAWA BARAT,3212,KABUPATEN INDRAMAYU,BINTANG 3,0,UNIT,2014
59,32,JAWA BARAT,3212,KABUPATEN INDRAMAYU,BINTANG 4,0,UNIT,2014
60,32,JAWA BARAT,3212,KABUPATEN INDRAMAYU,BINTANG 5,0,UNIT,2014
61,32,JAWA BARAT,3213,KABUPATEN SUBANG,BINTANG 1,0,UNIT,2014
62,32,JAWA BARAT,3213,KABUPATEN SUBANG,BINTANG 2,0,UNIT,2014
63,32,JAWA BARAT,3213,KABUPATEN SUBANG,BINTANG 3,2050,UNIT,2014
64,32,JAWA BARAT,3213,KABUPATEN SUBANG,BINTANG 4,0,UNIT,2014
65,32,JAWA BARAT,3213,KABUPATEN SUBANG,BINTANG 5,0,UNIT,2014
66,32,JAWA BARAT,3214,KABUPATEN PURWAKARTA,BINTANG 1,0,UNIT,2014
67,32,JAWA BARAT,3214,KABUPATEN PURWAKARTA,BINTANG 2,810,UNIT,2014
68,32,JAWA BARAT,3214,KABUPATEN PURWAKARTA,BINTANG 3,0,UNIT,2014
69,32,JAWA BARAT,3214,KABUPATEN PURWAKARTA,BINTANG 4,1720,UNIT,2014
70,32,JAWA BARAT,3214,KABUPATEN PURWAKARTA,BINTANG 5,0,UNIT,2014
71,32,JAWA BARAT,3215,KABUPATEN KARAWANG,BINTANG 1,1200,UNIT,2014
72,32,JAWA BARAT,3215,KABUPATEN KARAWANG,BINTANG 2,3760,UNIT,2014
73,32,JAWA BARAT,3215,KABUPATEN KARAWANG,BINTANG 3,1010,UNIT,2014
74,32,JAWA BARAT,3215,KABUPATEN KARAWANG,BINTANG 4,0,UNIT,2014
75,32,JAWA BARAT,3215,KABUPATEN KARAWANG,BINTANG 5,0,UNIT,2014
76,32,JAWA BARAT,3216,KABUPATEN BEKASI,BINTANG 1,0,UNIT,2014
77,32,JAWA BARAT,3216,KABUPATEN BEKASI,BINTANG 2,490,UNIT,2014
78,32,JAWA BARAT,3216,KABUPATEN BEKASI,BINTANG 3,1190,UNIT,2014
79,32,JAWA BARAT,3216,KABUPATEN BEKASI,BINTANG 4,1310,UNIT,2014
80,32,JAWA BARAT,3216,KABUPATEN BEKASI,BINTANG 5,34720,UNIT,2014
81,32,JAWA BARAT,3217,KABUPATEN BANDUNG BARAT,BINTANG 1,0,UNIT,2014
82,32,JAWA BARAT,3217,KABUPATEN BANDUNG BARAT,BINTANG 2,0,UNIT,2014
83,32,JAWA BARAT,3217,KABUPATEN BANDUNG BARAT,BINTANG 3,5100,UNIT,2014
84,32,JAWA BARAT,3217,KABUPATEN BANDUNG BARAT,BINTANG 4,3980,UNIT,2014
85,32,JAWA BARAT,3217,KABUPATEN BANDUNG BARAT,BINTANG 5,0,UNIT,2014
86,32,JAWA BARAT,3271,KOTA BOGOR,BINTANG 1,900,UNIT,2014
87,32,JAWA BARAT,3271,KOTA BOGOR,BINTANG 2,460,UNIT,2014
88,32,JAWA BARAT,3271,KOTA BOGOR,BINTANG 3,2240,UNIT,2014
89,32,JAWA BARAT,3271,KOTA BOGOR,BINTANG 4,1200,UNIT,2014
90,32,JAWA BARAT,3271,KOTA BOGOR,BINTANG 5,0,UNIT,2014
91,32,JAWA BARAT,3272,KOTA SUKABUMI,BINTANG 1,0,UNIT,2014
92,32,JAWA BARAT,3272,KOTA SUKABUMI,BINTANG 2,550,UNIT,2014
93,32,JAWA BARAT,3272,KOTA SUKABUMI,BINTANG 3,0,UNIT,2014
94,32,JAWA BARAT,3272,KOTA SUKABUMI,BINTANG 4,0,UNIT,2014
95,32,JAWA BARAT,3272,KOTA SUKABUMI,BINTANG 5,0,UNIT,2014
96,32,JAWA BARAT,3273,KOTA BANDUNG,BINTANG 1,3060,UNIT,2014
97,32,JAWA BARAT,3273,KOTA BANDUNG,BINTANG 2,14790,UNIT,2014
98,32,JAWA BARAT,3273,KOTA BANDUNG,BINTANG 3,25320,UNIT,2014
99,32,JAWA BARAT,3273,KOTA BANDUNG,BINTANG 4,31220,UNIT,2014
100,32,JAWA BARAT,3273,KOTA BANDUNG,BINTANG 5,19590,UNIT,2014
101,32,JAWA BARAT,3274,KOTA CIREBON,BINTANG 1,0,UNIT,2014
102,32,JAWA BARAT,3274,KOTA CIREBON,BINTANG 2,2590,UNIT,2014
103,32,JAWA BARAT,3274,KOTA CIREBON,BINTANG 3,1750,UNIT,2014
104,32,JAWA BARAT,3274,KOTA CIREBON,BINTANG 4,970,UNIT,2014
105,32,JAWA BARAT,3274,KOTA CIREBON,BINTANG 5,0,UNIT,2014
106,32,JAWA BARAT,3275,KOTA BEKASI,BINTANG 1,1100,UNIT,2014
107,32,JAWA BARAT,3275,KOTA BEKASI,BINTANG 2,0,UNIT,2014
108,32,JAWA BARAT,3275,KOTA BEKASI,BINTANG 3,0,UNIT,2014
109,32,JAWA BARAT,3275,KOTA BEKASI,BINTANG 4,1900,UNIT,2014
110,32,JAWA BARAT,3275,KOTA BEKASI,BINTANG 5,0,UNIT,2014
111,32,JAWA BARAT,3276,KOTA DEPOK,BINTANG 4,0,UNIT,2014
112,32,JAWA BARAT,3276,KOTA DEPOK,BINTANG 5,0,UNIT,2014
113,32,JAWA BARAT,3277,KOTA CIMAHI,BINTANG 1,0,UNIT,2014
114,32,JAWA BARAT,3277,KOTA CIMAHI,BINTANG 2,0,UNIT,2014
115,32,JAWA BARAT,3277,KOTA CIMAHI,BINTANG 3,0,UNIT,2014
116,32,JAWA BARAT,3277,KOTA CIMAHI,BINTANG 4,0,UNIT,2014
117,32,JAWA BARAT,3277,KOTA CIMAHI,BINTANG 5,0,UNIT,2014
118,32,JAWA BARAT,3278,KOTA TASIKMALAYA,BINTANG 1,660,UNIT,2014
119,32,JAWA BARAT,3278,KOTA TASIKMALAYA,BINTANG 2,580,UNIT,2014
120,32,JAWA BARAT,3278,KOTA TASIKMALAYA,BINTANG 3,1580,UNIT,2014
121,32,JAWA BARAT,3278,KOTA TASIKMALAYA,BINTANG 4,0,UNIT,2014
122,32,JAWA BARAT,3278,KOTA TASIKMALAYA,BINTANG 5,0,UNIT,2014
123,32,JAWA BARAT,3279,KOTA BANJAR,BINTANG 1,0,UNIT,2014
124,32,JAWA BARAT,3279,KOTA BANJAR,BINTANG 2,0,UNIT,2014
125,32,JAWA BARAT,3279,KOTA BANJAR,BINTANG 3,0,UNIT,2014
126,32,JAWA BARAT,3279,KOTA BANJAR,BINTANG 4,0,UNIT,2014
127,32,JAWA BARAT,3279,KOTA BANJAR,BINTANG 5,0,UNIT,2014
128,32,JAWA BARAT,3201,KABUPATEN BOGOR,BINTANG 1,2480,UNIT,2015
129,32,JAWA BARAT,3201,KABUPATEN BOGOR,BINTANG 2,1730,UNIT,2015
130,32,JAWA BARAT,3201,KABUPATEN BOGOR,BINTANG 3,5870,UNIT,2015
131,32,JAWA BARAT,3201,KABUPATEN BOGOR,BINTANG 4,3870,UNIT,2015
132,32,JAWA BARAT,3201,KABUPATEN BOGOR,BINTANG 5,1780,UNIT,2015
133,32,JAWA BARAT,3202,KABUPATEN SUKABUMI,BINTANG 1,0,UNIT,2015
134,32,JAWA BARAT,3202,KABUPATEN SUKABUMI,BINTANG 2,970,UNIT,2015
135,32,JAWA BARAT,3202,KABUPATEN SUKABUMI,BINTANG 3,780,UNIT,2015
136,32,JAWA BARAT,3202,KABUPATEN SUKABUMI,BINTANG 4,1060,UNIT,2015
137,32,JAWA BARAT,3202,KABUPATEN SUKABUMI,BINTANG 5,0,UNIT,2015
138,32,JAWA BARAT,3203,KABUPATEN CIANJUR,BINTANG 1,0,UNIT,2015
139,32,JAWA BARAT,3203,KABUPATEN CIANJUR,BINTANG 2,3000,UNIT,2015
140,32,JAWA BARAT,3203,KABUPATEN CIANJUR,BINTANG 3,670,UNIT,2015
141,32,JAWA BARAT,3203,KABUPATEN CIANJUR,BINTANG 4,4840,UNIT,2015
142,32,JAWA BARAT,3203,KABUPATEN CIANJUR,BINTANG 5,0,UNIT,2015
143,32,JAWA BARAT,3204,KABUPATEN BANDUNG,BINTANG 1,400,UNIT,2015
144,32,JAWA BARAT,3204,KABUPATEN BANDUNG,BINTANG 2,0,UNIT,2015
145,32,JAWA BARAT,3204,KABUPATEN BANDUNG,BINTANG 3,0,UNIT,2015
146,32,JAWA BARAT,3204,KABUPATEN BANDUNG,BINTANG 4,0,UNIT,2015
147,32,JAWA BARAT,3204,KABUPATEN BANDUNG,BINTANG 5,0,UNIT,2015
148,32,JAWA BARAT,3205,KABUPATEN GARUT,BINTANG 1,0,UNIT,2015
149,32,JAWA BARAT,3205,KABUPATEN GARUT,BINTANG 2,2480,UNIT,2015
150,32,JAWA BARAT,3205,KABUPATEN GARUT,BINTANG 3,400,UNIT,2015
151,32,JAWA BARAT,3205,KABUPATEN GARUT,BINTANG 4,160,UNIT,2015
152,32,JAWA BARAT,3205,KABUPATEN GARUT,BINTANG 5,0,UNIT,2015
153,32,JAWA BARAT,3206,KABUPATEN TASIKMALAYA,BINTANG 1,0,UNIT,2015
154,32,JAWA BARAT,3206,KABUPATEN TASIKMALAYA,BINTANG 2,0,UNIT,2015
155,32,JAWA BARAT,3206,KABUPATEN TASIKMALAYA,BINTANG 3,0,UNIT,2015
156,32,JAWA BARAT,3206,KABUPATEN TASIKMALAYA,BINTANG 4,0,UNIT,2015
157,32,JAWA BARAT,3206,KABUPATEN TASIKMALAYA,BINTANG 5,0,UNIT,2015
158,32,JAWA BARAT,3207,KABUPATEN CIAMIS,BINTANG 1,0,UNIT,2015
159,32,JAWA BARAT,3207,KABUPATEN CIAMIS,BINTANG 2,0,UNIT,2015
160,32,JAWA BARAT,3207,KABUPATEN CIAMIS,BINTANG 3,0,UNIT,2015
161,32,JAWA BARAT,3207,KABUPATEN CIAMIS,BINTANG 4,0,UNIT,2015
162,32,JAWA BARAT,3207,KABUPATEN CIAMIS,BINTANG 5,0,UNIT,2015
163,32,JAWA BARAT,3208,KABUPATEN KUNINGAN,BINTANG 1,210,UNIT,2015
164,32,JAWA BARAT,3208,KABUPATEN KUNINGAN,BINTANG 2,460,UNIT,2015
165,32,JAWA BARAT,3208,KABUPATEN KUNINGAN,BINTANG 3,1450,UNIT,2015
166,32,JAWA BARAT,3208,KABUPATEN KUNINGAN,BINTANG 4,0,UNIT,2015
167,32,JAWA BARAT,3208,KABUPATEN KUNINGAN,BINTANG 5,0,UNIT,2015
168,32,JAWA BARAT,3209,KABUPATEN CIREBON,BINTANG 1,390,UNIT,2015
169,32,JAWA BARAT,3209,KABUPATEN CIREBON,BINTANG 2,0,UNIT,2015
170,32,JAWA BARAT,3209,KABUPATEN CIREBON,BINTANG 3,1140,UNIT,2015
171,32,JAWA BARAT,3209,KABUPATEN CIREBON,BINTANG 4,1940,UNIT,2015
172,32,JAWA BARAT,3209,KABUPATEN CIREBON,BINTANG 5,0,UNIT,2015
173,32,JAWA BARAT,3210,KABUPATEN MAJALENGKA,BINTANG 1,0,UNIT,2015
174,32,JAWA BARAT,3210,KABUPATEN MAJALENGKA,BINTANG 2,0,UNIT,2015
175,32,JAWA BARAT,3210,KABUPATEN MAJALENGKA,BINTANG 3,0,UNIT,2015
176,32,JAWA BARAT,3210,KABUPATEN MAJALENGKA,BINTANG 4,0,UNIT,2015
177,32,JAWA BARAT,3210,KABUPATEN MAJALENGKA,BINTANG 5,0,UNIT,2015
178,32,JAWA BARAT,3211,KABUPATEN SUMEDANG,BINTANG 1,0,UNIT,2015
179,32,JAWA BARAT,3211,KABUPATEN SUMEDANG,BINTANG 2,400,UNIT,2015
180,32,JAWA BARAT,3211,KABUPATEN SUMEDANG,BINTANG 3,990,UNIT,2015
181,32,JAWA BARAT,3211,KABUPATEN SUMEDANG,BINTANG 4,0,UNIT,2015
182,32,JAWA BARAT,3211,KABUPATEN SUMEDANG,BINTANG 5,0,UNIT,2015
183,32,JAWA BARAT,3212,KABUPATEN INDRAMAYU,BINTANG 1,0,UNIT,2015
184,32,JAWA BARAT,3212,KABUPATEN INDRAMAYU,BINTANG 2,0,UNIT,2015
185,32,JAWA BARAT,3212,KABUPATEN INDRAMAYU,BINTANG 3,0,UNIT,2015
186,32,JAWA BARAT,3212,KABUPATEN INDRAMAYU,BINTANG 4,0,UNIT,2015
187,32,JAWA BARAT,3212,KABUPATEN INDRAMAYU,BINTANG 5,0,UNIT,2015
188,32,JAWA BARAT,3213,KABUPATEN SUBANG,BINTANG 1,0,UNIT,2015
189,32,JAWA BARAT,3213,KABUPATEN SUBANG,BINTANG 2,0,UNIT,2015
190,32,JAWA BARAT,3213,KABUPATEN SUBANG,BINTANG 3,2050,UNIT,2015
191,32,JAWA BARAT,3213,KABUPATEN SUBANG,BINTANG 4,0,UNIT,2015
192,32,JAWA BARAT,3213,KABUPATEN SUBANG,BINTANG 5,0,UNIT,2015
193,32,JAWA BARAT,3214,KABUPATEN PURWAKARTA,BINTANG 1,0,UNIT,2015
194,32,JAWA BARAT,3214,KABUPATEN PURWAKARTA,BINTANG 2,0,UNIT,2015
195,32,JAWA BARAT,3214,KABUPATEN PURWAKARTA,BINTANG 3,1420,UNIT,2015
196,32,JAWA BARAT,3214,KABUPATEN PURWAKARTA,BINTANG 4,1870,UNIT,2015
197,32,JAWA BARAT,3214,KABUPATEN PURWAKARTA,BINTANG 5,0,UNIT,2015
198,32,JAWA BARAT,3215,KABUPATEN KARAWANG,BINTANG 1,1200,UNIT,2015
199,32,JAWA BARAT,3215,KABUPATEN KARAWANG,BINTANG 2,3760,UNIT,2015
200,32,JAWA BARAT,3215,KABUPATEN KARAWANG,BINTANG 3,1010,UNIT,2015
201,32,JAWA BARAT,3215,KABUPATEN KARAWANG,BINTANG 4,0,UNIT,2015
202,32,JAWA BARAT,3215,KABUPATEN KARAWANG,BINTANG 5,0,UNIT,2015
203,32,JAWA BARAT,3216,KABUPATEN BEKASI,BINTANG 1,0,UNIT,2015
204,32,JAWA BARAT,3216,KABUPATEN BEKASI,BINTANG 2,490,UNIT,2015
205,32,JAWA BARAT,3216,KABUPATEN BEKASI,BINTANG 3,1190,UNIT,2015
206,32,JAWA BARAT,3216,KABUPATEN BEKASI,BINTANG 4,1310,UNIT,2015
207,32,JAWA BARAT,3216,KABUPATEN BEKASI,BINTANG 5,34720,UNIT,2015
208,32,JAWA BARAT,3217,KABUPATEN BANDUNG BARAT,BINTANG 1,0,UNIT,2015
209,32,JAWA BARAT,3217,KABUPATEN BANDUNG BARAT,BINTANG 2,0,UNIT,2015
210,32,JAWA BARAT,3217,KABUPATEN BANDUNG BARAT,BINTANG 3,5100,UNIT,2015
211,32,JAWA BARAT,3217,KABUPATEN BANDUNG BARAT,BINTANG 4,3980,UNIT,2015
212,32,JAWA BARAT,3217,KABUPATEN BANDUNG BARAT,BINTANG 5,0,UNIT,2015
213,32,JAWA BARAT,3218,KABUPATEN PANGANDARAN,BINTANG 1,0,UNIT,2015
214,32,JAWA BARAT,3218,KABUPATEN PANGANDARAN,BINTANG 2,0,UNIT,2015
215,32,JAWA BARAT,3218,KABUPATEN PANGANDARAN,BINTANG 3,0,UNIT,2015
216,32,JAWA BARAT,3218,KABUPATEN PANGANDARAN,BINTANG 4,0,UNIT,2015
217,32,JAWA BARAT,3218,KABUPATEN PANGANDARAN,BINTANG 5,0,UNIT,2015
218,32,JAWA BARAT,3271,KOTA BOGOR,BINTANG 1,900,UNIT,2015
219,32,JAWA BARAT,3271,KOTA BOGOR,BINTANG 2,460,UNIT,2015
220,32,JAWA BARAT,3271,KOTA BOGOR,BINTANG 3,2240,UNIT,2015
221,32,JAWA BARAT,3271,KOTA BOGOR,BINTANG 4,1200,UNIT,2015
222,32,JAWA BARAT,3271,KOTA BOGOR,BINTANG 5,0,UNIT,2015
223,32,JAWA BARAT,3272,KOTA SUKABUMI,BINTANG 1,0,UNIT,2015
224,32,JAWA BARAT,3272,KOTA SUKABUMI,BINTANG 2,170,UNIT,2015
225,32,JAWA BARAT,3272,KOTA SUKABUMI,BINTANG 3,380,UNIT,2015
226,32,JAWA BARAT,3272,KOTA SUKABUMI,BINTANG 4,0,UNIT,2015
227,32,JAWA BARAT,3272,KOTA SUKABUMI,BINTANG 5,0,UNIT,2015
228,32,JAWA BARAT,3273,KOTA BANDUNG,BINTANG 1,3060,UNIT,2015
229,32,JAWA BARAT,3273,KOTA BANDUNG,BINTANG 2,14790,UNIT,2015
230,32,JAWA BARAT,3273,KOTA BANDUNG,BINTANG 3,25320,UNIT,2015
231,32,JAWA BARAT,3273,KOTA BANDUNG,BINTANG 4,31220,UNIT,2015
232,32,JAWA BARAT,3273,KOTA BANDUNG,BINTANG 5,19590,UNIT,2015
233,32,JAWA BARAT,3274,KOTA CIREBON,BINTANG 1,0,UNIT,2015
234,32,JAWA BARAT,3274,KOTA CIREBON,BINTANG 2,2590,UNIT,2015
235,32,JAWA BARAT,3274,KOTA CIREBON,BINTANG 3,1750,UNIT,2015
236,32,JAWA BARAT,3274,KOTA CIREBON,BINTANG 4,970,UNIT,2015
237,32,JAWA BARAT,3274,KOTA CIREBON,BINTANG 5,0,UNIT,2015
238,32,JAWA BARAT,3275,KOTA BEKASI,BINTANG 1,1100,UNIT,2015
239,32,JAWA BARAT,3275,KOTA BEKASI,BINTANG 2,0,UNIT,2015
240,32,JAWA BARAT,3275,KOTA BEKASI,BINTANG 3,0,UNIT,2015
241,32,JAWA BARAT,3275,KOTA BEKASI,BINTANG 4,1900,UNIT,2015
242,32,JAWA BARAT,3275,KOTA BEKASI,BINTANG 5,0,UNIT,2015
243,32,JAWA BARAT,3276,KOTA DEPOK,BINTANG 4,0,UNIT,2015
244,32,JAWA BARAT,3276,KOTA DEPOK,BINTANG 5,0,UNIT,2015
245,32,JAWA BARAT,3277,KOTA CIMAHI,BINTANG 1,0,UNIT,2015
246,32,JAWA BARAT,3277,KOTA CIMAHI,BINTANG 2,0,UNIT,2015
247,32,JAWA BARAT,3277,KOTA CIMAHI,BINTANG 3,0,UNIT,2015
248,32,JAWA BARAT,3277,KOTA CIMAHI,BINTANG 4,0,UNIT,2015
249,32,JAWA BARAT,3277,KOTA CIMAHI,BINTANG 5,0,UNIT,2015
250,32,JAWA BARAT,3278,KOTA TASIKMALAYA,BINTANG 1,660,UNIT,2015
251,32,JAWA BARAT,3278,KOTA TASIKMALAYA,BINTANG 2,580,UNIT,2015
252,32,JAWA BARAT,3278,KOTA TASIKMALAYA,BINTANG 3,1580,UNIT,2015
253,32,JAWA BARAT,3278,KOTA TASIKMALAYA,BINTANG 4,0,UNIT,2015
254,32,JAWA BARAT,3278,KOTA TASIKMALAYA,BINTANG 5,0,UNIT,2015
255,32,JAWA BARAT,3279,KOTA BANJAR,BINTANG 1,0,UNIT,2015
256,32,JAWA BARAT,3279,KOTA BANJAR,BINTANG 2,0,UNIT,2015
257,32,JAWA BARAT,3279,KOTA BANJAR,BINTANG 3,0,UNIT,2015
258,32,JAWA BARAT,3279,KOTA BANJAR,BINTANG 4,0,UNIT,2015
259,32,JAWA BARAT,3279,KOTA BANJAR,BINTANG 5,0,UNIT,2015
260,32,JAWA BARAT,3201,KABUPATEN BOGOR,BINTANG 1,2480,UNIT,2016
261,32,JAWA BARAT,3201,KABUPATEN BOGOR,BINTANG 2,1730,UNIT,2016
262,32,JAWA BARAT,3201,KABUPATEN BOGOR,BINTANG 3,5870,UNIT,2016
263,32,JAWA BARAT,3201,KABUPATEN BOGOR,BINTANG 4,3870,UNIT,2016
264,32,JAWA BARAT,3201,KABUPATEN BOGOR,BINTANG 5,1780,UNIT,2016
265,32,JAWA BARAT,3202,KABUPATEN SUKABUMI,BINTANG 1,0,UNIT,2016
266,32,JAWA BARAT,3202,KABUPATEN SUKABUMI,BINTANG 2,970,UNIT,2016
267,32,JAWA BARAT,3202,KABUPATEN SUKABUMI,BINTANG 3,780,UNIT,2016
268,32,JAWA BARAT,3202,KABUPATEN SUKABUMI,BINTANG 4,1060,UNIT,2016
269,32,JAWA BARAT,3202,KABUPATEN SUKABUMI,BINTANG 5,0,UNIT,2016
270,32,JAWA BARAT,3203,KABUPATEN CIANJUR,BINTANG 1,0,UNIT,2016
271,32,JAWA BARAT,3203,KABUPATEN CIANJUR,BINTANG 2,3000,UNIT,2016
272,32,JAWA BARAT,3203,KABUPATEN CIANJUR,BINTANG 3,670,UNIT,2016
273,32,JAWA BARAT,3203,KABUPATEN CIANJUR,BINTANG 4,4840,UNIT,2016
274,32,JAWA BARAT,3203,KABUPATEN CIANJUR,BINTANG 5,0,UNIT,2016
275,32,JAWA BARAT,3204,KABUPATEN BANDUNG,BINTANG 1,400,UNIT,2016
276,32,JAWA BARAT,3204,KABUPATEN BANDUNG,BINTANG 2,0,UNIT,2016
277,32,JAWA BARAT,3204,KABUPATEN BANDUNG,BINTANG 3,0,UNIT,2016
278,32,JAWA BARAT,3204,KABUPATEN BANDUNG,BINTANG 4,0,UNIT,2016
279,32,JAWA BARAT,3204,KABUPATEN BANDUNG,BINTANG 5,0,UNIT,2016
280,32,JAWA BARAT,3205,KABUPATEN GARUT,BINTANG 1,0,UNIT,2016
281,32,JAWA BARAT,3205,KABUPATEN GARUT,BINTANG 2,2480,UNIT,2016
282,32,JAWA BARAT,3205,KABUPATEN GARUT,BINTANG 3,400,UNIT,2016
283,32,JAWA BARAT,3205,KABUPATEN GARUT,BINTANG 4,160,UNIT,2016
284,32,JAWA BARAT,3205,KABUPATEN GARUT,BINTANG 5,0,UNIT,2016
285,32,JAWA BARAT,3206,KABUPATEN TASIKMALAYA,BINTANG 1,0,UNIT,2016
286,32,JAWA BARAT,3206,KABUPATEN TASIKMALAYA,BINTANG 2,0,UNIT,2016
287,32,JAWA BARAT,3206,KABUPATEN TASIKMALAYA,BINTANG 3,0,UNIT,2016
288,32,JAWA BARAT,3206,KABUPATEN TASIKMALAYA,BINTANG 4,0,UNIT,2016
289,32,JAWA BARAT,3206,KABUPATEN TASIKMALAYA,BINTANG 5,0,UNIT,2016
290,32,JAWA BARAT,3207,KABUPATEN CIAMIS,BINTANG 1,0,UNIT,2016
291,32,JAWA BARAT,3207,KABUPATEN CIAMIS,BINTANG 2,0,UNIT,2016
292,32,JAWA BARAT,3207,KABUPATEN CIAMIS,BINTANG 3,0,UNIT,2016
293,32,JAWA BARAT,3207,KABUPATEN CIAMIS,BINTANG 4,0,UNIT,2016
294,32,JAWA BARAT,3207,KABUPATEN CIAMIS,BINTANG 5,0,UNIT,2016
295,32,JAWA BARAT,3208,KABUPATEN KUNINGAN,BINTANG 1,210,UNIT,2016
296,32,JAWA BARAT,3208,KABUPATEN KUNINGAN,BINTANG 2,460,UNIT,2016
297,32,JAWA BARAT,3208,KABUPATEN KUNINGAN,BINTANG 3,1450,UNIT,2016
298,32,JAWA BARAT,3208,KABUPATEN KUNINGAN,BINTANG 4,0,UNIT,2016
299,32,JAWA BARAT,3208,KABUPATEN KUNINGAN,BINTANG 5,0,UNIT,2016
300,32,JAWA BARAT,3209,KABUPATEN CIREBON,BINTANG 1,390,UNIT,2016
301,32,JAWA BARAT,3209,KABUPATEN CIREBON,BINTANG 2,0,UNIT,2016
302,32,JAWA BARAT,3209,KABUPATEN CIREBON,BINTANG 3,1140,UNIT,2016
303,32,JAWA BARAT,3209,KABUPATEN CIREBON,BINTANG 4,1940,UNIT,2016
304,32,JAWA BARAT,3209,KABUPATEN CIREBON,BINTANG 5,0,UNIT,2016
305,32,JAWA BARAT,3210,KABUPATEN MAJALENGKA,BINTANG 1,0,UNIT,2016
306,32,JAWA BARAT,3210,KABUPATEN MAJALENGKA,BINTANG 2,0,UNIT,2016
307,32,JAWA BARAT,3210,KABUPATEN MAJALENGKA,BINTANG 3,0,UNIT,2016
308,32,JAWA BARAT,3210,KABUPATEN MAJALENGKA,BINTANG 4,0,UNIT,2016
309,32,JAWA BARAT,3210,KABUPATEN MAJALENGKA,BINTANG 5,0,UNIT,2016
310,32,JAWA BARAT,3211,KABUPATEN SUMEDANG,BINTANG 1,0,UNIT,2016
311,32,JAWA BARAT,3211,KABUPATEN SUMEDANG,BINTANG 2,400,UNIT,2016
312,32,JAWA BARAT,3211,KABUPATEN SUMEDANG,BINTANG 3,990,UNIT,2016
313,32,JAWA BARAT,3211,KABUPATEN SUMEDANG,BINTANG 4,0,UNIT,2016
314,32,JAWA BARAT,3211,KABUPATEN SUMEDANG,BINTANG 5,0,UNIT,2016
315,32,JAWA BARAT,3212,KABUPATEN INDRAMAYU,BINTANG 1,0,UNIT,2016
316,32,JAWA BARAT,3212,KABUPATEN INDRAMAYU,BINTANG 2,0,UNIT,2016
317,32,JAWA BARAT,3212,KABUPATEN INDRAMAYU,BINTANG 3,0,UNIT,2016
318,32,JAWA BARAT,3212,KABUPATEN INDRAMAYU,BINTANG 4,0,UNIT,2016
319,32,JAWA BARAT,3212,KABUPATEN INDRAMAYU,BINTANG 5,0,UNIT,2016
320,32,JAWA BARAT,3213,KABUPATEN SUBANG,BINTANG 1,0,UNIT,2016
321,32,JAWA BARAT,3213,KABUPATEN SUBANG,BINTANG 2,0,UNIT,2016
322,32,JAWA BARAT,3213,KABUPATEN SUBANG,BINTANG 3,3160,UNIT,2016
323,32,JAWA BARAT,3213,KABUPATEN SUBANG,BINTANG 4,0,UNIT,2016
324,32,JAWA BARAT,3213,KABUPATEN SUBANG,BINTANG 5,0,UNIT,2016
325,32,JAWA BARAT,3214,KABUPATEN PURWAKARTA,BINTANG 1,0,UNIT,2016
326,32,JAWA BARAT,3214,KABUPATEN PURWAKARTA,BINTANG 2,0,UNIT,2016
327,32,JAWA BARAT,3214,KABUPATEN PURWAKARTA,BINTANG 3,1920,UNIT,2016
328,32,JAWA BARAT,3214,KABUPATEN PURWAKARTA,BINTANG 4,1870,UNIT,2016
329,32,JAWA BARAT,3214,KABUPATEN PURWAKARTA,BINTANG 5,0,UNIT,2016
330,32,JAWA BARAT,3215,KABUPATEN KARAWANG,BINTANG 1,1200,UNIT,2016
331,32,JAWA BARAT,3215,KABUPATEN KARAWANG,BINTANG 2,3760,UNIT,2016
332,32,JAWA BARAT,3215,KABUPATEN KARAWANG,BINTANG 3,1010,UNIT,2016
333,32,JAWA BARAT,3215,KABUPATEN KARAWANG,BINTANG 4,0,UNIT,2016
334,32,JAWA BARAT,3215,KABUPATEN KARAWANG,BINTANG 5,0,UNIT,2016
335,32,JAWA BARAT,3216,KABUPATEN BEKASI,BINTANG 1,0,UNIT,2016
336,32,JAWA BARAT,3216,KABUPATEN BEKASI,BINTANG 2,490,UNIT,2016
337,32,JAWA BARAT,3216,KABUPATEN BEKASI,BINTANG 3,1190,UNIT,2016
338,32,JAWA BARAT,3216,KABUPATEN BEKASI,BINTANG 4,1310,UNIT,2016
339,32,JAWA BARAT,3216,KABUPATEN BEKASI,BINTANG 5,34720,UNIT,2016
340,32,JAWA BARAT,3217,KABUPATEN BANDUNG BARAT,BINTANG 1,0,UNIT,2016
341,32,JAWA BARAT,3217,KABUPATEN BANDUNG BARAT,BINTANG 2,0,UNIT,2016
342,32,JAWA BARAT,3217,KABUPATEN BANDUNG BARAT,BINTANG 3,5100,UNIT,2016
343,32,JAWA BARAT,3217,KABUPATEN BANDUNG BARAT,BINTANG 4,3980,UNIT,2016
344,32,JAWA BARAT,3217,KABUPATEN BANDUNG BARAT,BINTANG 5,0,UNIT,2016
345,32,JAWA BARAT,3218,KABUPATEN PANGANDARAN,BINTANG 1,0,UNIT,2016
346,32,JAWA BARAT,3218,KABUPATEN PANGANDARAN,BINTANG 2,0,UNIT,2016
347,32,JAWA BARAT,3218,KABUPATEN PANGANDARAN,BINTANG 3,0,UNIT,2016
348,32,JAWA BARAT,3218,KABUPATEN PANGANDARAN,BINTANG 4,0,UNIT,2016
349,32,JAWA BARAT,3218,KABUPATEN PANGANDARAN,BINTANG 5,0,UNIT,2016
350,32,JAWA BARAT,3271,KOTA BOGOR,BINTANG 1,400,UNIT,2016
351,32,JAWA BARAT,3271,KOTA BOGOR,BINTANG 2,5940,UNIT,2016
352,32,JAWA BARAT,3271,KOTA BOGOR,BINTANG 3,11720,UNIT,2016
353,32,JAWA BARAT,3271,KOTA BOGOR,BINTANG 4,9860,UNIT,2016
354,32,JAWA BARAT,3271,KOTA BOGOR,BINTANG 5,0,UNIT,2016
355,32,JAWA BARAT,3272,KOTA SUKABUMI,BINTANG 1,990,UNIT,2016
356,32,JAWA BARAT,3272,KOTA SUKABUMI,BINTANG 2,1650,UNIT,2016
357,32,JAWA BARAT,3272,KOTA SUKABUMI,BINTANG 3,4520,UNIT,2016
358,32,JAWA BARAT,3272,KOTA SUKABUMI,BINTANG 4,0,UNIT,2016
359,32,JAWA BARAT,3272,KOTA SUKABUMI,BINTANG 5,0,UNIT,2016
360,32,JAWA BARAT,3273,KOTA BANDUNG,BINTANG 1,2850,UNIT,2016
361,32,JAWA BARAT,3273,KOTA BANDUNG,BINTANG 2,16420,UNIT,2016
362,32,JAWA BARAT,3273,KOTA BANDUNG,BINTANG 3,36990,UNIT,2016
363,32,JAWA BARAT,3273,KOTA BANDUNG,BINTANG 4,34930,UNIT,2016
364,32,JAWA BARAT,3273,KOTA BANDUNG,BINTANG 5,19580,UNIT,2016
365,32,JAWA BARAT,3274,KOTA CIREBON,BINTANG 1,0,UNIT,2016
366,32,JAWA BARAT,3274,KOTA CIREBON,BINTANG 2,2590,UNIT,2016
367,32,JAWA BARAT,3274,KOTA CIREBON,BINTANG 3,1750,UNIT,2016
368,32,JAWA BARAT,3274,KOTA CIREBON,BINTANG 4,970,UNIT,2016
369,32,JAWA BARAT,3274,KOTA CIREBON,BINTANG 5,0,UNIT,2016
370,32,JAWA BARAT,3275,KOTA BEKASI,BINTANG 1,1100,UNIT,2016
371,32,JAWA BARAT,3275,KOTA BEKASI,BINTANG 2,0,UNIT,2016
372,32,JAWA BARAT,3275,KOTA BEKASI,BINTANG 3,0,UNIT,2016
373,32,JAWA BARAT,3275,KOTA BEKASI,BINTANG 4,1900,UNIT,2016
374,32,JAWA BARAT,3275,KOTA BEKASI,BINTANG 5,0,UNIT,2016
375,32,JAWA BARAT,3276,KOTA DEPOK,BINTANG 3,2000,UNIT,2016
376,32,JAWA BARAT,3276,KOTA DEPOK,BINTANG 4,2850,UNIT,2016
377,32,JAWA BARAT,3276,KOTA DEPOK,BINTANG 5,0,UNIT,2016
378,32,JAWA BARAT,3277,KOTA CIMAHI,BINTANG 1,0,UNIT,2016
379,32,JAWA BARAT,3277,KOTA CIMAHI,BINTANG 2,0,UNIT,2016
380,32,JAWA BARAT,3277,KOTA CIMAHI,BINTANG 3,500,UNIT,2016
381,32,JAWA BARAT,3277,KOTA CIMAHI,BINTANG 4,0,UNIT,2016
382,32,JAWA BARAT,3277,KOTA CIMAHI,BINTANG 5,0,UNIT,2016
383,32,JAWA BARAT,3278,KOTA TASIKMALAYA,BINTANG 1,0,UNIT,2016
384,32,JAWA BARAT,3278,KOTA TASIKMALAYA,BINTANG 2,0,UNIT,2016
385,32,JAWA BARAT,3278,KOTA TASIKMALAYA,BINTANG 3,0,UNIT,2016
386,32,JAWA BARAT,3278,KOTA TASIKMALAYA,BINTANG 4,0,UNIT,2016
387,32,JAWA BARAT,3278,KOTA TASIKMALAYA,BINTANG 5,0,UNIT,2016
388,32,JAWA BARAT,3279,KOTA BANJAR,BINTANG 1,0,UNIT,2016
389,32,JAWA BARAT,3279,KOTA BANJAR,BINTANG 2,0,UNIT,2016
390,32,JAWA BARAT,3279,KOTA BANJAR,BINTANG 3,0,UNIT,2016
391,32,JAWA BARAT,3279,KOTA BANJAR,BINTANG 4,0,UNIT,2016
392,32,JAWA BARAT,3279,KOTA BANJAR,BINTANG 5,0,UNIT,2016
393,32,JAWA BARAT,3201,KABUPATEN BOGOR,BINTANG 1,0,UNIT,2017
394,32,JAWA BARAT,3201,KABUPATEN BOGOR,BINTANG 2,0,UNIT,2017
395,32,JAWA BARAT,3201,KABUPATEN BOGOR,BINTANG 3,10620,UNIT,2017
396,32,JAWA BARAT,3201,KABUPATEN BOGOR,BINTANG 4,5660,UNIT,2017
397,32,JAWA BARAT,3201,KABUPATEN BOGOR,BINTANG 5,1780,UNIT,2017
398,32,JAWA BARAT,3202,KABUPATEN SUKABUMI,BINTANG 1,0,UNIT,2017
399,32,JAWA BARAT,3202,KABUPATEN SUKABUMI,BINTANG 2,970,UNIT,2017
400,32,JAWA BARAT,3202,KABUPATEN SUKABUMI,BINTANG 3,780,UNIT,2017
401,32,JAWA BARAT,3202,KABUPATEN SUKABUMI,BINTANG 4,1060,UNIT,2017
402,32,JAWA BARAT,3202,KABUPATEN SUKABUMI,BINTANG 5,0,UNIT,2017
403,32,JAWA BARAT,3203,KABUPATEN CIANJUR,BINTANG 1,0,UNIT,2017
404,32,JAWA BARAT,3203,KABUPATEN CIANJUR,BINTANG 2,3000,UNIT,2017
405,32,JAWA BARAT,3203,KABUPATEN CIANJUR,BINTANG 3,670,UNIT,2017
406,32,JAWA BARAT,3203,KABUPATEN CIANJUR,BINTANG 4,4840,UNIT,2017
407,32,JAWA BARAT,3203,KABUPATEN CIANJUR,BINTANG 5,0,UNIT,2017
408,32,JAWA BARAT,3204,KABUPATEN BANDUNG,BINTANG 1,400,UNIT,2017
409,32,JAWA BARAT,3204,KABUPATEN BANDUNG,BINTANG 2,0,UNIT,2017
410,32,JAWA BARAT,3204,KABUPATEN BANDUNG,BINTANG 3,0,UNIT,2017
411,32,JAWA BARAT,3204,KABUPATEN BANDUNG,BINTANG 4,0,UNIT,2017
412,32,JAWA BARAT,3204,KABUPATEN BANDUNG,BINTANG 5,0,UNIT,2017
413,32,JAWA BARAT,3205,KABUPATEN GARUT,BINTANG 1,0,UNIT,2017
414,32,JAWA BARAT,3205,KABUPATEN GARUT,BINTANG 2,2480,UNIT,2017
415,32,JAWA BARAT,3205,KABUPATEN GARUT,BINTANG 3,400,UNIT,2017
416,32,JAWA BARAT,3205,KABUPATEN GARUT,BINTANG 4,160,UNIT,2017
417,32,JAWA BARAT,3205,KABUPATEN GARUT,BINTANG 5,0,UNIT,2017
418,32,JAWA BARAT,3206,KABUPATEN TASIKMALAYA,BINTANG 1,0,UNIT,2017
419,32,JAWA BARAT,3206,KABUPATEN TASIKMALAYA,BINTANG 2,0,UNIT,2017
420,32,JAWA BARAT,3206,KABUPATEN TASIKMALAYA,BINTANG 3,0,UNIT,2017
421,32,JAWA BARAT,3206,KABUPATEN TASIKMALAYA,BINTANG 4,0,UNIT,2017
422,32,JAWA BARAT,3206,KABUPATEN TASIKMALAYA,BINTANG 5,0,UNIT,2017
423,32,JAWA BARAT,3207,KABUPATEN CIAMIS,BINTANG 1,0,UNIT,2017
424,32,JAWA BARAT,3207,KABUPATEN CIAMIS,BINTANG 2,0,UNIT,2017
425,32,JAWA BARAT,3207,KABUPATEN CIAMIS,BINTANG 3,0,UNIT,2017
426,32,JAWA BARAT,3207,KABUPATEN CIAMIS,BINTANG 4,0,UNIT,2017
427,32,JAWA BARAT,3207,KABUPATEN CIAMIS,BINTANG 5,0,UNIT,2017
428,32,JAWA BARAT,3208,KABUPATEN KUNINGAN,BINTANG 1,210,UNIT,2017
429,32,JAWA BARAT,3208,KABUPATEN KUNINGAN,BINTANG 2,460,UNIT,2017
430,32,JAWA BARAT,3208,KABUPATEN KUNINGAN,BINTANG 3,1450,UNIT,2017
431,32,JAWA BARAT,3208,KABUPATEN KUNINGAN,BINTANG 4,0,UNIT,2017
432,32,JAWA BARAT,3208,KABUPATEN KUNINGAN,BINTANG 5,0,UNIT,2017
433,32,JAWA BARAT,3209,KABUPATEN CIREBON,BINTANG 1,390,UNIT,2017
434,32,JAWA BARAT,3209,KABUPATEN CIREBON,BINTANG 2,0,UNIT,2017
435,32,JAWA BARAT,3209,KABUPATEN CIREBON,BINTANG 3,1140,UNIT,2017
436,32,JAWA BARAT,3209,KABUPATEN CIREBON,BINTANG 4,1940,UNIT,2017
437,32,JAWA BARAT,3209,KABUPATEN CIREBON,BINTANG 5,0,UNIT,2017
438,32,JAWA BARAT,3210,KABUPATEN MAJALENGKA,BINTANG 1,0,UNIT,2017
439,32,JAWA BARAT,3210,KABUPATEN MAJALENGKA,BINTANG 2,0,UNIT,2017
440,32,JAWA BARAT,3210,KABUPATEN MAJALENGKA,BINTANG 3,0,UNIT,2017
441,32,JAWA BARAT,3210,KABUPATEN MAJALENGKA,BINTANG 4,0,UNIT,2017
442,32,JAWA BARAT,3210,KABUPATEN MAJALENGKA,BINTANG 5,0,UNIT,2017
443,32,JAWA BARAT,3211,KABUPATEN SUMEDANG,BINTANG 1,0,UNIT,2017
444,32,JAWA BARAT,3211,KABUPATEN SUMEDANG,BINTANG 2,400,UNIT,2017
445,32,JAWA BARAT,3211,KABUPATEN SUMEDANG,BINTANG 3,990,UNIT,2017
446,32,JAWA BARAT,3211,KABUPATEN SUMEDANG,BINTANG 4,0,UNIT,2017
447,32,JAWA BARAT,3211,KABUPATEN SUMEDANG,BINTANG 5,0,UNIT,2017
448,32,JAWA BARAT,3212,KABUPATEN INDRAMAYU,BINTANG 1,0,UNIT,2017
449,32,JAWA BARAT,3212,KABUPATEN INDRAMAYU,BINTANG 2,0,UNIT,2017
450,32,JAWA BARAT,3212,KABUPATEN INDRAMAYU,BINTANG 3,0,UNIT,2017
451,32,JAWA BARAT,3212,KABUPATEN INDRAMAYU,BINTANG 4,0,UNIT,2017
452,32,JAWA BARAT,3212,KABUPATEN INDRAMAYU,BINTANG 5,0,UNIT,2017
453,32,JAWA BARAT,3213,KABUPATEN SUBANG,BINTANG 1,0,UNIT,2017
454,32,JAWA BARAT,3213,KABUPATEN SUBANG,BINTANG 2,0,UNIT,2017
455,32,JAWA BARAT,3213,KABUPATEN SUBANG,BINTANG 3,3160,UNIT,2017
456,32,JAWA BARAT,3213,KABUPATEN SUBANG,BINTANG 4,0,UNIT,2017
457,32,JAWA BARAT,3213,KABUPATEN SUBANG,BINTANG 5,0,UNIT,2017
458,32,JAWA BARAT,3214,KABUPATEN PURWAKARTA,BINTANG 1,0,UNIT,2017
459,32,JAWA BARAT,3214,KABUPATEN PURWAKARTA,BINTANG 2,0,UNIT,2017
460,32,JAWA BARAT,3214,KABUPATEN PURWAKARTA,BINTANG 3,1920,UNIT,2017
461,32,JAWA BARAT,3214,KABUPATEN PURWAKARTA,BINTANG 4,1870,UNIT,2017
462,32,JAWA BARAT,3214,KABUPATEN PURWAKARTA,BINTANG 5,0,UNIT,2017
463,32,JAWA BARAT,3215,KABUPATEN KARAWANG,BINTANG 1,1200,UNIT,2017
464,32,JAWA BARAT,3215,KABUPATEN KARAWANG,BINTANG 2,3760,UNIT,2017
465,32,JAWA BARAT,3215,KABUPATEN KARAWANG,BINTANG 3,1010,UNIT,2017
466,32,JAWA BARAT,3215,KABUPATEN KARAWANG,BINTANG 4,0,UNIT,2017
467,32,JAWA BARAT,3215,KABUPATEN KARAWANG,BINTANG 5,0,UNIT,2017
468,32,JAWA BARAT,3216,KABUPATEN BEKASI,BINTANG 1,0,UNIT,2017
469,32,JAWA BARAT,3216,KABUPATEN BEKASI,BINTANG 2,490,UNIT,2017
470,32,JAWA BARAT,3216,KABUPATEN BEKASI,BINTANG 3,1190,UNIT,2017
471,32,JAWA BARAT,3216,KABUPATEN BEKASI,BINTANG 4,1310,UNIT,2017
472,32,JAWA BARAT,3216,KABUPATEN BEKASI,BINTANG 5,34720,UNIT,2017
473,32,JAWA BARAT,3217,KABUPATEN BANDUNG BARAT,BINTANG 1,0,UNIT,2017
474,32,JAWA BARAT,3217,KABUPATEN BANDUNG BARAT,BINTANG 2,0,UNIT,2017
475,32,JAWA BARAT,3217,KABUPATEN BANDUNG BARAT,BINTANG 3,5100,UNIT,2017
476,32,JAWA BARAT,3217,KABUPATEN BANDUNG BARAT,BINTANG 4,3980,UNIT,2017
477,32,JAWA BARAT,3217,KABUPATEN BANDUNG BARAT,BINTANG 5,0,UNIT,2017
478,32,JAWA BARAT,3218,KABUPATEN PANGANDARAN,BINTANG 1,0,UNIT,2017
479,32,JAWA BARAT,3218,KABUPATEN PANGANDARAN,BINTANG 2,0,UNIT,2017
480,32,JAWA BARAT,3218,KABUPATEN PANGANDARAN,BINTANG 3,0,UNIT,2017
481,32,JAWA BARAT,3218,KABUPATEN PANGANDARAN,BINTANG 4,0,UNIT,2017
482,32,JAWA BARAT,3218,KABUPATEN PANGANDARAN,BINTANG 5,0,UNIT,2017
483,32,JAWA BARAT,3271,KOTA BOGOR,BINTANG 1,400,UNIT,2017
484,32,JAWA BARAT,3271,KOTA BOGOR,BINTANG 2,5940,UNIT,2017
485,32,JAWA BARAT,3271,KOTA BOGOR,BINTANG 3,11720,UNIT,2017
486,32,JAWA BARAT,3271,KOTA BOGOR,BINTANG 4,9860,UNIT,2017
487,32,JAWA BARAT,3271,KOTA BOGOR,BINTANG 5,0,UNIT,2017
488,32,JAWA BARAT,3272,KOTA SUKABUMI,BINTANG 1,990,UNIT,2017
489,32,JAWA BARAT,3272,KOTA SUKABUMI,BINTANG 2,1650,UNIT,2017
490,32,JAWA BARAT,3272,KOTA SUKABUMI,BINTANG 3,4520,UNIT,2017
491,32,JAWA BARAT,3272,KOTA SUKABUMI,BINTANG 4,0,UNIT,2017
492,32,JAWA BARAT,3272,KOTA SUKABUMI,BINTANG 5,0,UNIT,2017
493,32,JAWA BARAT,3273,KOTA BANDUNG,BINTANG 1,2850,UNIT,2017
494,32,JAWA BARAT,3273,KOTA BANDUNG,BINTANG 2,16420,UNIT,2017
495,32,JAWA BARAT,3273,KOTA BANDUNG,BINTANG 3,36990,UNIT,2017
496,32,JAWA BARAT,3273,KOTA BANDUNG,BINTANG 4,34930,UNIT,2017
497,32,JAWA BARAT,3273,KOTA BANDUNG,BINTANG 5,19580,UNIT,2017
498,32,JAWA BARAT,3274,KOTA CIREBON,BINTANG 1,0,UNIT,2017
499,32,JAWA BARAT,3274,KOTA CIREBON,BINTANG 2,2590,UNIT,2017
500,32,JAWA BARAT,3274,KOTA CIREBON,BINTANG 3,1750,UNIT,2017
501,32,JAWA BARAT,3274,KOTA CIREBON,BINTANG 4,970,UNIT,2017
502,32,JAWA BARAT,3274,KOTA CIREBON,BINTANG 5,0,UNIT,2017
503,32,JAWA BARAT,3275,KOTA BEKASI,BINTANG 1,1100,UNIT,2017
504,32,JAWA BARAT,3275,KOTA BEKASI,BINTANG 2,0,UNIT,2017
505,32,JAWA BARAT,3275,KOTA BEKASI,BINTANG 3,0,UNIT,2017
506,32,JAWA BARAT,3275,KOTA BEKASI,BINTANG 4,1900,UNIT,2017
507,32,JAWA BARAT,3275,KOTA BEKASI,BINTANG 5,0,UNIT,2017
508,32,JAWA BARAT,3276,KOTA DEPOK,BINTANG 1,0,UNIT,2017
509,32,JAWA BARAT,3276,KOTA DEPOK,BINTANG 2,0,UNIT,2017
510,32,JAWA BARAT,3276,KOTA DEPOK,BINTANG 3,2000,UNIT,2017
511,32,JAWA BARAT,3276,KOTA DEPOK,BINTANG 4,2850,UNIT,2017
512,32,JAWA BARAT,3276,KOTA DEPOK,BINTANG 5,0,UNIT,2017
513,32,JAWA BARAT,3277,KOTA CIMAHI,BINTANG 1,0,UNIT,2017
514,32,JAWA BARAT,3277,KOTA CIMAHI,BINTANG 2,0,UNIT,2017
515,32,JAWA BARAT,3277,KOTA CIMAHI,BINTANG 3,600,UNIT,2017
516,32,JAWA BARAT,3277,KOTA CIMAHI,BINTANG 4,0,UNIT,2017
517,32,JAWA BARAT,3277,KOTA CIMAHI,BINTANG 5,0,UNIT,2017
518,32,JAWA BARAT,3278,KOTA TASIKMALAYA,BINTANG 1,0,UNIT,2017
519,32,JAWA BARAT,3278,KOTA TASIKMALAYA,BINTANG 2,0,UNIT,2017
520,32,JAWA BARAT,3278,KOTA TASIKMALAYA,BINTANG 3,0,UNIT,2017
521,32,JAWA BARAT,3278,KOTA TASIKMALAYA,BINTANG 4,0,UNIT,2017
522,32,JAWA BARAT,3278,KOTA TASIKMALAYA,BINTANG 5,0,UNIT,2017
523,32,JAWA BARAT,3279,KOTA BANJAR,BINTANG 1,0,UNIT,2017
524,32,JAWA BARAT,3279,KOTA BANJAR,BINTANG 2,0,UNIT,2017
525,32,JAWA BARAT,3279,KOTA BANJAR,BINTANG 3,0,UNIT,2017
526,32,JAWA BARAT,3279,KOTA BANJAR,BINTANG 4,0,UNIT,2017
527,32,JAWA BARAT,3279,KOTA BANJAR,BINTANG 5,0,UNIT,2017
528,32,JAWA BARAT,3201,KABUPATEN BOGOR,BINTANG 1,0,UNIT,2018
529,32,JAWA BARAT,3201,KABUPATEN BOGOR,BINTANG 2,0,UNIT,2018
530,32,JAWA BARAT,3201,KABUPATEN BOGOR,BINTANG 3,7,UNIT,2018
531,32,JAWA BARAT,3201,KABUPATEN BOGOR,BINTANG 4,2,UNIT,2018
532,32,JAWA BARAT,3201,KABUPATEN BOGOR,BINTANG 5,1,UNIT,2018
533,32,JAWA BARAT,3202,KABUPATEN SUKABUMI,BINTANG 1,0,UNIT,2018
534,32,JAWA BARAT,3202,KABUPATEN SUKABUMI,BINTANG 2,0,UNIT,2018
535,32,JAWA BARAT,3202,KABUPATEN SUKABUMI,BINTANG 3,0,UNIT,2018
536,32,JAWA BARAT,3202,KABUPATEN SUKABUMI,BINTANG 4,0,UNIT,2018
537,32,JAWA BARAT,3202,KABUPATEN SUKABUMI,BINTANG 5,0,UNIT,2018
538,32,JAWA BARAT,3203,KABUPATEN CIANJUR,BINTANG 1,1,UNIT,2018
539,32,JAWA BARAT,3203,KABUPATEN CIANJUR,BINTANG 2,4,UNIT,2018
540,32,JAWA BARAT,3203,KABUPATEN CIANJUR,BINTANG 3,3,UNIT,2018
541,32,JAWA BARAT,3203,KABUPATEN CIANJUR,BINTANG 4,4,UNIT,2018
542,32,JAWA BARAT,3203,KABUPATEN CIANJUR,BINTANG 5,1,UNIT,2018
543,32,JAWA BARAT,3204,KABUPATEN BANDUNG,BINTANG 1,5,UNIT,2018
544,32,JAWA BARAT,3204,KABUPATEN BANDUNG,BINTANG 2,1,UNIT,2018
545,32,JAWA BARAT,3204,KABUPATEN BANDUNG,BINTANG 3,9,UNIT,2018
546,32,JAWA BARAT,3204,KABUPATEN BANDUNG,BINTANG 4,1,UNIT,2018
547,32,JAWA BARAT,3204,KABUPATEN BANDUNG,BINTANG 5,1,UNIT,2018
548,32,JAWA BARAT,3205,KABUPATEN GARUT,BINTANG 1,0,UNIT,2018
549,32,JAWA BARAT,3205,KABUPATEN GARUT,BINTANG 2,0,UNIT,2018
550,32,JAWA BARAT,3205,KABUPATEN GARUT,BINTANG 3,0,UNIT,2018
551,32,JAWA BARAT,3205,KABUPATEN GARUT,BINTANG 4,1,UNIT,2018
552,32,JAWA BARAT,3205,KABUPATEN GARUT,BINTANG 5,0,UNIT,2018
553,32,JAWA BARAT,3206,KABUPATEN TASIKMALAYA,BINTANG 1,0,UNIT,2018
554,32,JAWA BARAT,3206,KABUPATEN TASIKMALAYA,BINTANG 2,0,UNIT,2018
555,32,JAWA BARAT,3206,KABUPATEN TASIKMALAYA,BINTANG 3,0,UNIT,2018
556,32,JAWA BARAT,3206,KABUPATEN TASIKMALAYA,BINTANG 4,0,UNIT,2018
557,32,JAWA BARAT,3206,KABUPATEN TASIKMALAYA,BINTANG 5,0,UNIT,2018
558,32,JAWA BARAT,3207,KABUPATEN CIAMIS,BINTANG 1,0,UNIT,2018
559,32,JAWA BARAT,3207,KABUPATEN CIAMIS,BINTANG 2,0,UNIT,2018
560,32,JAWA BARAT,3207,KABUPATEN CIAMIS,BINTANG 3,0,UNIT,2018
561,32,JAWA BARAT,3207,KABUPATEN CIAMIS,BINTANG 4,0,UNIT,2018
562,32,JAWA BARAT,3207,KABUPATEN CIAMIS,BINTANG 5,0,UNIT,2018
563,32,JAWA BARAT,3208,KABUPATEN KUNINGAN,BINTANG 1,0,UNIT,2018
564,32,JAWA BARAT,3208,KABUPATEN KUNINGAN,BINTANG 2,1,UNIT,2018
565,32,JAWA BARAT,3208,KABUPATEN KUNINGAN,BINTANG 3,3,UNIT,2018
566,32,JAWA BARAT,3208,KABUPATEN KUNINGAN,BINTANG 4,0,UNIT,2018
567,32,JAWA BARAT,3208,KABUPATEN KUNINGAN,BINTANG 5,0,UNIT,2018
568,32,JAWA BARAT,3209,KABUPATEN CIREBON,BINTANG 1,0,UNIT,2018
569,32,JAWA BARAT,3209,KABUPATEN CIREBON,BINTANG 2,0,UNIT,2018
570,32,JAWA BARAT,3209,KABUPATEN CIREBON,BINTANG 3,2,UNIT,2018
571,32,JAWA BARAT,3209,KABUPATEN CIREBON,BINTANG 4,1,UNIT,2018
572,32,JAWA BARAT,3209,KABUPATEN CIREBON,BINTANG 5,0,UNIT,2018
573,32,JAWA BARAT,3210,KABUPATEN MAJALENGKA,BINTANG 1,1,UNIT,2018
574,32,JAWA BARAT,3210,KABUPATEN MAJALENGKA,BINTANG 2,0,UNIT,2018
575,32,JAWA BARAT,3210,KABUPATEN MAJALENGKA,BINTANG 3,0,UNIT,2018
576,32,JAWA BARAT,3210,KABUPATEN MAJALENGKA,BINTANG 4,0,UNIT,2018
577,32,JAWA BARAT,3210,KABUPATEN MAJALENGKA,BINTANG 5,0,UNIT,2018
578,32,JAWA BARAT,3211,KABUPATEN SUMEDANG,BINTANG 1,0,UNIT,2018
579,32,JAWA BARAT,3211,KABUPATEN SUMEDANG,BINTANG 2,0,UNIT,2018
580,32,JAWA BARAT,3211,KABUPATEN SUMEDANG,BINTANG 3,0,UNIT,2018
581,32,JAWA BARAT,3211,KABUPATEN SUMEDANG,BINTANG 4,0,UNIT,2018
582,32,JAWA BARAT,3211,KABUPATEN SUMEDANG,BINTANG 5,0,UNIT,2018
583,32,JAWA BARAT,3212,KABUPATEN INDRAMAYU,BINTANG 1,0,UNIT,2018
584,32,JAWA BARAT,3212,KABUPATEN INDRAMAYU,BINTANG 2,1,UNIT,2018
585,32,JAWA BARAT,3212,KABUPATEN INDRAMAYU,BINTANG 3,0,UNIT,2018
586,32,JAWA BARAT,3212,KABUPATEN INDRAMAYU,BINTANG 4,0,UNIT,2018
587,32,JAWA BARAT,3212,KABUPATEN INDRAMAYU,BINTANG 5,0,UNIT,2018
588,32,JAWA BARAT,3213,KABUPATEN SUBANG,BINTANG 1,3,UNIT,2018
589,32,JAWA BARAT,3213,KABUPATEN SUBANG,BINTANG 2,1,UNIT,2018
590,32,JAWA BARAT,3213,KABUPATEN SUBANG,BINTANG 3,6,UNIT,2018
591,32,JAWA BARAT,3213,KABUPATEN SUBANG,BINTANG 4,0,UNIT,2018
592,32,JAWA BARAT,3213,KABUPATEN SUBANG,BINTANG 5,0,UNIT,2018
593,32,JAWA BARAT,3214,KABUPATEN PURWAKARTA,BINTANG 1,0,UNIT,2018
594,32,JAWA BARAT,3214,KABUPATEN PURWAKARTA,BINTANG 2,0,UNIT,2018
595,32,JAWA BARAT,3214,KABUPATEN PURWAKARTA,BINTANG 3,3,UNIT,2018
596,32,JAWA BARAT,3214,KABUPATEN PURWAKARTA,BINTANG 4,1,UNIT,2018
597,32,JAWA BARAT,3214,KABUPATEN PURWAKARTA,BINTANG 5,0,UNIT,2018
598,32,JAWA BARAT,3215,KABUPATEN KARAWANG,BINTANG 1,2,UNIT,2018
599,32,JAWA BARAT,3215,KABUPATEN KARAWANG,BINTANG 2,1,UNIT,2018
600,32,JAWA BARAT,3215,KABUPATEN KARAWANG,BINTANG 3,3,UNIT,2018
601,32,JAWA BARAT,3215,KABUPATEN KARAWANG,BINTANG 4,9,UNIT,2018
602,32,JAWA BARAT,3215,KABUPATEN KARAWANG,BINTANG 5,1,UNIT,2018
603,32,JAWA BARAT,3216,KABUPATEN BEKASI,BINTANG 1,1,UNIT,2018
604,32,JAWA BARAT,3216,KABUPATEN BEKASI,BINTANG 2,3,UNIT,2018
605,32,JAWA BARAT,3216,KABUPATEN BEKASI,BINTANG 3,7,UNIT,2018
606,32,JAWA BARAT,3216,KABUPATEN BEKASI,BINTANG 4,3,UNIT,2018
607,32,JAWA BARAT,3216,KABUPATEN BEKASI,BINTANG 5,0,UNIT,2018
608,32,JAWA BARAT,3217,KABUPATEN BANDUNG BARAT,BINTANG 1,2,UNIT,2018
609,32,JAWA BARAT,3217,KABUPATEN BANDUNG BARAT,BINTANG 2,3,UNIT,2018
610,32,JAWA BARAT,3217,KABUPATEN BANDUNG BARAT,BINTANG 3,2,UNIT,2018
611,32,JAWA BARAT,3217,KABUPATEN BANDUNG BARAT,BINTANG 4,0,UNIT,2018
612,32,JAWA BARAT,3217,KABUPATEN BANDUNG BARAT,BINTANG 5,0,UNIT,2018
613,32,JAWA BARAT,3218,KABUPATEN PANGANDARAN,BINTANG 1,0,UNIT,2018
614,32,JAWA BARAT,3218,KABUPATEN PANGANDARAN,BINTANG 2,0,UNIT,2018
615,32,JAWA BARAT,3218,KABUPATEN PANGANDARAN,BINTANG 3,30,UNIT,2018
616,32,JAWA BARAT,3218,KABUPATEN PANGANDARAN,BINTANG 4,0,UNIT,2018
617,32,JAWA BARAT,3218,KABUPATEN PANGANDARAN,BINTANG 5,0,UNIT,2018
618,32,JAWA BARAT,3271,KOTA BOGOR,BINTANG 1,0,UNIT,2018
619,32,JAWA BARAT,3271,KOTA BOGOR,BINTANG 2,0,UNIT,2018
620,32,JAWA BARAT,3271,KOTA BOGOR,BINTANG 3,0,UNIT,2018
621,32,JAWA BARAT,3271,KOTA BOGOR,BINTANG 4,0,UNIT,2018
622,32,JAWA BARAT,3271,KOTA BOGOR,BINTANG 5,0,UNIT,2018
623,32,JAWA BARAT,3272,KOTA SUKABUMI,BINTANG 1,11,UNIT,2018
624,32,JAWA BARAT,3272,KOTA SUKABUMI,BINTANG 2,35,UNIT,2018
625,32,JAWA BARAT,3272,KOTA SUKABUMI,BINTANG 3,60,UNIT,2018
626,32,JAWA BARAT,3272,KOTA SUKABUMI,BINTANG 4,174,UNIT,2018
627,32,JAWA BARAT,3272,KOTA SUKABUMI,BINTANG 5,19,UNIT,2018
628,32,JAWA BARAT,3273,KOTA BANDUNG,BINTANG 1,0,UNIT,2018
629,32,JAWA BARAT,3273,KOTA BANDUNG,BINTANG 2,7,UNIT,2018
630,32,JAWA BARAT,3273,KOTA BANDUNG,BINTANG 3,10,UNIT,2018
631,32,JAWA BARAT,3273,KOTA BANDUNG,BINTANG 4,4,UNIT,2018
632,32,JAWA BARAT,3273,KOTA BANDUNG,BINTANG 5,0,UNIT,2018
633,32,JAWA BARAT,3274,KOTA CIREBON,BINTANG 1,0,UNIT,2018
634,32,JAWA BARAT,3274,KOTA CIREBON,BINTANG 2,35,UNIT,2018
635,32,JAWA BARAT,3274,KOTA CIREBON,BINTANG 3,21,UNIT,2018
636,32,JAWA BARAT,3274,KOTA CIREBON,BINTANG 4,4,UNIT,2018
637,32,JAWA BARAT,3274,KOTA CIREBON,BINTANG 5,0,UNIT,2018
638,32,JAWA BARAT,3275,KOTA BEKASI,BINTANG 1,2,UNIT,2018
639,32,JAWA BARAT,3275,KOTA BEKASI,BINTANG 2,1,UNIT,2018
640,32,JAWA BARAT,3275,KOTA BEKASI,BINTANG 3,4,UNIT,2018
641,32,JAWA BARAT,3275,KOTA BEKASI,BINTANG 4,6,UNIT,2018
642,32,JAWA BARAT,3275,KOTA BEKASI,BINTANG 5,0,UNIT,2018
643,32,JAWA BARAT,3276,KOTA DEPOK,BINTANG 1,0,UNIT,2018
644,32,JAWA BARAT,3276,KOTA DEPOK,BINTANG 2,0,UNIT,2018
645,32,JAWA BARAT,3276,KOTA DEPOK,BINTANG 3,0,UNIT,2018
646,32,JAWA BARAT,3276,KOTA DEPOK,BINTANG 4,0,UNIT,2018
647,32,JAWA BARAT,3276,KOTA DEPOK,BINTANG 5,0,UNIT,2018
648,32,JAWA BARAT,3277,KOTA CIMAHI,BINTANG 1,0,UNIT,2018
649,32,JAWA BARAT,3277,KOTA CIMAHI,BINTANG 2,0,UNIT,2018
650,32,JAWA BARAT,3277,KOTA CIMAHI,BINTANG 3,1,UNIT,2018
651,32,JAWA BARAT,3277,KOTA CIMAHI,BINTANG 4,0,UNIT,2018
652,32,JAWA BARAT,3277,KOTA CIMAHI,BINTANG 5,0,UNIT,2018
653,32,JAWA BARAT,3278,KOTA TASIKMALAYA,BINTANG 1,4,UNIT,2018
654,32,JAWA BARAT,3278,KOTA TASIKMALAYA,BINTANG 2,3,UNIT,2018
655,32,JAWA BARAT,3278,KOTA TASIKMALAYA,BINTANG 3,3,UNIT,2018
656,32,JAWA BARAT,3278,KOTA TASIKMALAYA,BINTANG 4,0,UNIT,2018
657,32,JAWA BARAT,3278,KOTA TASIKMALAYA,BINTANG 5,0,UNIT,2018
658,32,JAWA BARAT,3279,KOTA BANJAR,BINTANG 1,0,UNIT,2018
659,32,JAWA BARAT,3279,KOTA BANJAR,BINTANG 2,0,UNIT,2018
660,32,JAWA BARAT,3279,KOTA BANJAR,BINTANG 3,0,UNIT,2018
661,32,JAWA BARAT,3279,KOTA BANJAR,BINTANG 4,0,UNIT,2018
662,32,JAWA BARAT,3279,KOTA BANJAR,BINTANG 5,0,UNIT,2018
663,32,JAWA BARAT,3201,KABUPATEN BOGOR,BINTANG 1,0,UNIT,2019
664,32,JAWA BARAT,3201,KABUPATEN BOGOR,BINTANG 2,1,UNIT,2019
665,32,JAWA BARAT,3201,KABUPATEN BOGOR,BINTANG 3,7,UNIT,2019
666,32,JAWA BARAT,3201,KABUPATEN BOGOR,BINTANG 4,8,UNIT,2019
667,32,JAWA BARAT,3201,KABUPATEN BOGOR,BINTANG 5,4,UNIT,2019
668,32,JAWA BARAT,3202,KABUPATEN SUKABUMI,BINTANG 1,0,UNIT,2019
669,32,JAWA BARAT,3202,KABUPATEN SUKABUMI,BINTANG 2,4,UNIT,2019
670,32,JAWA BARAT,3202,KABUPATEN SUKABUMI,BINTANG 3,3,UNIT,2019
671,32,JAWA BARAT,3202,KABUPATEN SUKABUMI,BINTANG 4,1,UNIT,2019
672,32,JAWA BARAT,3202,KABUPATEN SUKABUMI,BINTANG 5,0,UNIT,2019
673,32,JAWA BARAT,3203,KABUPATEN CIANJUR,BINTANG 1,1,UNIT,2019
674,32,JAWA BARAT,3203,KABUPATEN CIANJUR,BINTANG 2,4,UNIT,2019
675,32,JAWA BARAT,3203,KABUPATEN CIANJUR,BINTANG 3,3,UNIT,2019
676,32,JAWA BARAT,3203,KABUPATEN CIANJUR,BINTANG 4,4,UNIT,2019
677,32,JAWA BARAT,3203,KABUPATEN CIANJUR,BINTANG 5,1,UNIT,2019
678,32,JAWA BARAT,3204,KABUPATEN BANDUNG,BINTANG 1,5,UNIT,2019
679,32,JAWA BARAT,3204,KABUPATEN BANDUNG,BINTANG 2,1,UNIT,2019
680,32,JAWA BARAT,3204,KABUPATEN BANDUNG,BINTANG 3,9,UNIT,2019
681,32,JAWA BARAT,3204,KABUPATEN BANDUNG,BINTANG 4,2,UNIT,2019
682,32,JAWA BARAT,3204,KABUPATEN BANDUNG,BINTANG 5,2,UNIT,2019
683,32,JAWA BARAT,3205,KABUPATEN GARUT,BINTANG 1,0,UNIT,2019
684,32,JAWA BARAT,3205,KABUPATEN GARUT,BINTANG 2,0,UNIT,2019
685,32,JAWA BARAT,3205,KABUPATEN GARUT,BINTANG 3,1,UNIT,2019
686,32,JAWA BARAT,3205,KABUPATEN GARUT,BINTANG 4,1,UNIT,2019
687,32,JAWA BARAT,3205,KABUPATEN GARUT,BINTANG 5,0,UNIT,2019
688,32,JAWA BARAT,3206,KABUPATEN TASIKMALAYA,BINTANG 1,0,UNIT,2019
689,32,JAWA BARAT,3206,KABUPATEN TASIKMALAYA,BINTANG 2,0,UNIT,2019
690,32,JAWA BARAT,3206,KABUPATEN TASIKMALAYA,BINTANG 3,0,UNIT,2019
691,32,JAWA BARAT,3206,KABUPATEN TASIKMALAYA,BINTANG 4,0,UNIT,2019
692,32,JAWA BARAT,3206,KABUPATEN TASIKMALAYA,BINTANG 5,0,UNIT,2019
693,32,JAWA BARAT,3207,KABUPATEN CIAMIS,BINTANG 1,0,UNIT,2019
694,32,JAWA BARAT,3207,KABUPATEN CIAMIS,BINTANG 2,0,UNIT,2019
695,32,JAWA BARAT,3207,KABUPATEN CIAMIS,BINTANG 3,0,UNIT,2019
696,32,JAWA BARAT,3207,KABUPATEN CIAMIS,BINTANG 4,0,UNIT,2019
697,32,JAWA BARAT,3207,KABUPATEN CIAMIS,BINTANG 5,0,UNIT,2019
698,32,JAWA BARAT,3208,KABUPATEN KUNINGAN,BINTANG 1,1,UNIT,2019
699,32,JAWA BARAT,3208,KABUPATEN KUNINGAN,BINTANG 2,1,UNIT,2019
700,32,JAWA BARAT,3208,KABUPATEN KUNINGAN,BINTANG 3,4,UNIT,2019
701,32,JAWA BARAT,3208,KABUPATEN KUNINGAN,BINTANG 4,0,UNIT,2019
702,32,JAWA BARAT,3208,KABUPATEN KUNINGAN,BINTANG 5,0,UNIT,2019
703,32,JAWA BARAT,3209,KABUPATEN CIREBON,BINTANG 1,0,UNIT,2019
704,32,JAWA BARAT,3209,KABUPATEN CIREBON,BINTANG 2,0,UNIT,2019
705,32,JAWA BARAT,3209,KABUPATEN CIREBON,BINTANG 3,2,UNIT,2019
706,32,JAWA BARAT,3209,KABUPATEN CIREBON,BINTANG 4,1,UNIT,2019
707,32,JAWA BARAT,3209,KABUPATEN CIREBON,BINTANG 5,0,UNIT,2019
708,32,JAWA BARAT,3210,KABUPATEN MAJALENGKA,BINTANG 1,2,UNIT,2019
709,32,JAWA BARAT,3210,KABUPATEN MAJALENGKA,BINTANG 2,0,UNIT,2019
710,32,JAWA BARAT,3210,KABUPATEN MAJALENGKA,BINTANG 3,0,UNIT,2019
711,32,JAWA BARAT,3210,KABUPATEN MAJALENGKA,BINTANG 4,0,UNIT,2019
712,32,JAWA BARAT,3210,KABUPATEN MAJALENGKA,BINTANG 5,0,UNIT,2019
713,32,JAWA BARAT,3211,KABUPATEN SUMEDANG,BINTANG 1,0,UNIT,2019
714,32,JAWA BARAT,3211,KABUPATEN SUMEDANG,BINTANG 2,1,UNIT,2019
715,32,JAWA BARAT,3211,KABUPATEN SUMEDANG,BINTANG 3,4,UNIT,2019
716,32,JAWA BARAT,3211,KABUPATEN SUMEDANG,BINTANG 4,0,UNIT,2019
717,32,JAWA BARAT,3211,KABUPATEN SUMEDANG,BINTANG 5,0,UNIT,2019
718,32,JAWA BARAT,3212,KABUPATEN INDRAMAYU,BINTANG 1,0,UNIT,2019
719,32,JAWA BARAT,3212,KABUPATEN INDRAMAYU,BINTANG 2,2,UNIT,2019
720,32,JAWA BARAT,3212,KABUPATEN INDRAMAYU,BINTANG 3,0,UNIT,2019
721,32,JAWA BARAT,3212,KABUPATEN INDRAMAYU,BINTANG 4,0,UNIT,2019
722,32,JAWA BARAT,3212,KABUPATEN INDRAMAYU,BINTANG 5,0,UNIT,2019
723,32,JAWA BARAT,3213,KABUPATEN SUBANG,BINTANG 1,3,UNIT,2019
724,32,JAWA BARAT,3213,KABUPATEN SUBANG,BINTANG 2,2,UNIT,2019
725,32,JAWA BARAT,3213,KABUPATEN SUBANG,BINTANG 3,5,UNIT,2019
726,32,JAWA BARAT,3213,KABUPATEN SUBANG,BINTANG 4,0,UNIT,2019
727,32,JAWA BARAT,3213,KABUPATEN SUBANG,BINTANG 5,0,UNIT,2019
728,32,JAWA BARAT,3214,KABUPATEN PURWAKARTA,BINTANG 1,0,UNIT,2019
729,32,JAWA BARAT,3214,KABUPATEN PURWAKARTA,BINTANG 2,1,UNIT,2019
730,32,JAWA BARAT,3214,KABUPATEN PURWAKARTA,BINTANG 3,0,UNIT,2019
731,32,JAWA BARAT,3214,KABUPATEN PURWAKARTA,BINTANG 4,1,UNIT,2019
732,32,JAWA BARAT,3214,KABUPATEN PURWAKARTA,BINTANG 5,1,UNIT,2019
733,32,JAWA BARAT,3215,KABUPATEN KARAWANG,BINTANG 1,1,UNIT,2019
734,32,JAWA BARAT,3215,KABUPATEN KARAWANG,BINTANG 2,3,UNIT,2019
735,32,JAWA BARAT,3215,KABUPATEN KARAWANG,BINTANG 3,4,UNIT,2019
736,32,JAWA BARAT,3215,KABUPATEN KARAWANG,BINTANG 4,8,UNIT,2019
737,32,JAWA BARAT,3215,KABUPATEN KARAWANG,BINTANG 5,0,UNIT,2019
738,32,JAWA BARAT,3216,KABUPATEN BEKASI,BINTANG 1,1,UNIT,2019
739,32,JAWA BARAT,3216,KABUPATEN BEKASI,BINTANG 2,3,UNIT,2019
740,32,JAWA BARAT,3216,KABUPATEN BEKASI,BINTANG 3,7,UNIT,2019
741,32,JAWA BARAT,3216,KABUPATEN BEKASI,BINTANG 4,3,UNIT,2019
742,32,JAWA BARAT,3216,KABUPATEN BEKASI,BINTANG 5,0,UNIT,2019
743,32,JAWA BARAT,3217,KABUPATEN BANDUNG BARAT,BINTANG 1,3,UNIT,2019
744,32,JAWA BARAT,3217,KABUPATEN BANDUNG BARAT,BINTANG 2,4,UNIT,2019
745,32,JAWA BARAT,3217,KABUPATEN BANDUNG BARAT,BINTANG 3,3,UNIT,2019
746,32,JAWA BARAT,3217,KABUPATEN BANDUNG BARAT,BINTANG 4,0,UNIT,2019
747,32,JAWA BARAT,3217,KABUPATEN BANDUNG BARAT,BINTANG 5,0,UNIT,2019
748,32,JAWA BARAT,3218,KABUPATEN PANGANDARAN,BINTANG 1,0,UNIT,2019
749,32,JAWA BARAT,3218,KABUPATEN PANGANDARAN,BINTANG 2,0,UNIT,2019
750,32,JAWA BARAT,3218,KABUPATEN PANGANDARAN,BINTANG 3,30,UNIT,2019
751,32,JAWA BARAT,3218,KABUPATEN PANGANDARAN,BINTANG 4,0,UNIT,2019
752,32,JAWA BARAT,3218,KABUPATEN PANGANDARAN,BINTANG 5,0,UNIT,2019
753,32,JAWA BARAT,3271,KOTA BOGOR,BINTANG 1,0,UNIT,2019
754,32,JAWA BARAT,3271,KOTA BOGOR,BINTANG 2,0,UNIT,2019
755,32,JAWA BARAT,3271,KOTA BOGOR,BINTANG 3,0,UNIT,2019
756,32,JAWA BARAT,3271,KOTA BOGOR,BINTANG 4,0,UNIT,2019
757,32,JAWA BARAT,3271,KOTA BOGOR,BINTANG 5,0,UNIT,2019
758,32,JAWA BARAT,3272,KOTA SUKABUMI,BINTANG 1,15,UNIT,2019
759,32,JAWA BARAT,3272,KOTA SUKABUMI,BINTANG 2,37,UNIT,2019
760,32,JAWA BARAT,3272,KOTA SUKABUMI,BINTANG 3,65,UNIT,2019
761,32,JAWA BARAT,3272,KOTA SUKABUMI,BINTANG 4,176,UNIT,2019
762,32,JAWA BARAT,3272,KOTA SUKABUMI,BINTANG 5,20,UNIT,2019
763,32,JAWA BARAT,3273,KOTA BANDUNG,BINTANG 1,0,UNIT,2019
764,32,JAWA BARAT,3273,KOTA BANDUNG,BINTANG 2,7,UNIT,2019
765,32,JAWA BARAT,3273,KOTA BANDUNG,BINTANG 3,10,UNIT,2019
766,32,JAWA BARAT,3273,KOTA BANDUNG,BINTANG 4,4,UNIT,2019
767,32,JAWA BARAT,3273,KOTA BANDUNG,BINTANG 5,0,UNIT,2019
768,32,JAWA BARAT,3274,KOTA CIREBON,BINTANG 1,26,UNIT,2019
769,32,JAWA BARAT,3274,KOTA CIREBON,BINTANG 2,4,UNIT,2019
770,32,JAWA BARAT,3274,KOTA CIREBON,BINTANG 3,4,UNIT,2019
771,32,JAWA BARAT,3274,KOTA CIREBON,BINTANG 4,3,UNIT,2019
772,32,JAWA BARAT,3274,KOTA CIREBON,BINTANG 5,1,UNIT,2019
773,32,JAWA BARAT,3275,KOTA BEKASI,BINTANG 1,4,UNIT,2019
774,32,JAWA BARAT,3275,KOTA BEKASI,BINTANG 2,1,UNIT,2019
775,32,JAWA BARAT,3275,KOTA BEKASI,BINTANG 3,4,UNIT,2019
776,32,JAWA BARAT,3275,KOTA BEKASI,BINTANG 4,7,UNIT,2019
777,32,JAWA BARAT,3275,KOTA BEKASI,BINTANG 5,0,UNIT,2019
778,32,JAWA BARAT,3276,KOTA DEPOK,BINTANG 1,0,UNIT,2019
779,32,JAWA BARAT,3276,KOTA DEPOK,BINTANG 2,0,UNIT,2019
780,32,JAWA BARAT,3276,KOTA DEPOK,BINTANG 3,6,UNIT,2019
781,32,JAWA BARAT,3276,KOTA DEPOK,BINTANG 4,1,UNIT,2019
782,32,JAWA BARAT,3276,KOTA DEPOK,BINTANG 5,0,UNIT,2019
783,32,JAWA BARAT,3277,KOTA CIMAHI,BINTANG 1,0,UNIT,2019
784,32,JAWA BARAT,3277,KOTA CIMAHI,BINTANG 2,0,UNIT,2019
785,32,JAWA BARAT,3277,KOTA CIMAHI,BINTANG 3,1,UNIT,2019
786,32,JAWA BARAT,3277,KOTA CIMAHI,BINTANG 4,0,UNIT,2019
787,32,JAWA BARAT,3277,KOTA CIMAHI,BINTANG 5,0,UNIT,2019
788,32,JAWA BARAT,3278,KOTA TASIKMALAYA,BINTANG 1,2,UNIT,2019
789,32,JAWA BARAT,3278,KOTA TASIKMALAYA,BINTANG 2,5,UNIT,2019
790,32,JAWA BARAT,3278,KOTA TASIKMALAYA,BINTANG 3,5,UNIT,2019
791,32,JAWA BARAT,3278,KOTA TASIKMALAYA,BINTANG 4,0,UNIT,2019
792,32,JAWA BARAT,3278,KOTA TASIKMALAYA,BINTANG 5,0,UNIT,2019
793,32,JAWA BARAT,3279,KOTA BANJAR,BINTANG 1,0,UNIT,2019
794,32,JAWA BARAT,3279,KOTA BANJAR,BINTANG 2,0,UNIT,2019
795,32,JAWA BARAT,3279,KOTA BANJAR,BINTANG 3,0,UNIT,2019
796,32,JAWA BARAT,3279,KOTA BANJAR,BINTANG 4,0,UNIT,2019
797,32,JAWA BARAT,3279,KOTA BANJAR,BINTANG 5,0,UNIT,2019
798,32,JAWA BARAT,3201,KABUPATEN BOGOR,BINTANG 1,0,UNIT,2020
799,32,JAWA BARAT,3201,KABUPATEN BOGOR,BINTANG 2,1,UNIT,2020
800,32,JAWA BARAT,3201,KABUPATEN BOGOR,BINTANG 3,7,UNIT,2020
801,32,JAWA BARAT,3201,KABUPATEN BOGOR,BINTANG 4,8,UNIT,2020
802,32,JAWA BARAT,3201,KABUPATEN BOGOR,BINTANG 5,4,UNIT,2020
803,32,JAWA BARAT,3202,KABUPATEN SUKABUMI,BINTANG 1,0,UNIT,2020
804,32,JAWA BARAT,3202,KABUPATEN SUKABUMI,BINTANG 2,4,UNIT,2020
805,32,JAWA BARAT,3202,KABUPATEN SUKABUMI,BINTANG 3,3,UNIT,2020
806,32,JAWA BARAT,3202,KABUPATEN SUKABUMI,BINTANG 4,1,UNIT,2020
807,32,JAWA BARAT,3202,KABUPATEN SUKABUMI,BINTANG 5,0,UNIT,2020
808,32,JAWA BARAT,3203,KABUPATEN CIANJUR,BINTANG 1,0,UNIT,2020
809,32,JAWA BARAT,3203,KABUPATEN CIANJUR,BINTANG 2,0,UNIT,2020
810,32,JAWA BARAT,3203,KABUPATEN CIANJUR,BINTANG 3,2,UNIT,2020
811,32,JAWA BARAT,3203,KABUPATEN CIANJUR,BINTANG 4,1,UNIT,2020
812,32,JAWA BARAT,3203,KABUPATEN CIANJUR,BINTANG 5,1,UNIT,2020
813,32,JAWA BARAT,3204,KABUPATEN BANDUNG,BINTANG 1,6,UNIT,2020
814,32,JAWA BARAT,3204,KABUPATEN BANDUNG,BINTANG 2,1,UNIT,2020
815,32,JAWA BARAT,3204,KABUPATEN BANDUNG,BINTANG 3,12,UNIT,2020
816,32,JAWA BARAT,3204,KABUPATEN BANDUNG,BINTANG 4,2,UNIT,2020
817,32,JAWA BARAT,3204,KABUPATEN BANDUNG,BINTANG 5,0,UNIT,2020
818,32,JAWA BARAT,3205,KABUPATEN GARUT,BINTANG 1,1,UNIT,2020
819,32,JAWA BARAT,3205,KABUPATEN GARUT,BINTANG 2,0,UNIT,2020
820,32,JAWA BARAT,3205,KABUPATEN GARUT,BINTANG 3,0,UNIT,2020
821,32,JAWA BARAT,3205,KABUPATEN GARUT,BINTANG 4,1,UNIT,2020
822,32,JAWA BARAT,3205,KABUPATEN GARUT,BINTANG 5,0,UNIT,2020
823,32,JAWA BARAT,3206,KABUPATEN TASIKMALAYA,BINTANG 1,0,UNIT,2020
824,32,JAWA BARAT,3206,KABUPATEN TASIKMALAYA,BINTANG 2,0,UNIT,2020
825,32,JAWA BARAT,3206,KABUPATEN TASIKMALAYA,BINTANG 3,0,UNIT,2020
826,32,JAWA BARAT,3206,KABUPATEN TASIKMALAYA,BINTANG 4,0,UNIT,2020
827,32,JAWA BARAT,3206,KABUPATEN TASIKMALAYA,BINTANG 5,0,UNIT,2020
828,32,JAWA BARAT,3207,KABUPATEN CIAMIS,BINTANG 1,0,UNIT,2020
829,32,JAWA BARAT,3207,KABUPATEN CIAMIS,BINTANG 2,0,UNIT,2020
830,32,JAWA BARAT,3207,KABUPATEN CIAMIS,BINTANG 3,0,UNIT,2020
831,32,JAWA BARAT,3207,KABUPATEN CIAMIS,BINTANG 4,0,UNIT,2020
832,32,JAWA BARAT,3207,KABUPATEN CIAMIS,BINTANG 5,0,UNIT,2020
833,32,JAWA BARAT,3208,KABUPATEN KUNINGAN,BINTANG 1,1,UNIT,2020
834,32,JAWA BARAT,3208,KABUPATEN KUNINGAN,BINTANG 2,1,UNIT,2020
835,32,JAWA BARAT,3208,KABUPATEN KUNINGAN,BINTANG 3,4,UNIT,2020
836,32,JAWA BARAT,3208,KABUPATEN KUNINGAN,BINTANG 4,0,UNIT,2020
837,32,JAWA BARAT,3208,KABUPATEN KUNINGAN,BINTANG 5,0,UNIT,2020
838,32,JAWA BARAT,3209,KABUPATEN CIREBON,BINTANG 1,1,UNIT,2020
839,32,JAWA BARAT,3209,KABUPATEN CIREBON,BINTANG 2,3,UNIT,2020
840,32,JAWA BARAT,3209,KABUPATEN CIREBON,BINTANG 3,2,UNIT,2020
841,32,JAWA BARAT,3209,KABUPATEN CIREBON,BINTANG 4,2,UNIT,2020
842,32,JAWA BARAT,3209,KABUPATEN CIREBON,BINTANG 5,0,UNIT,2020
843,32,JAWA BARAT,3210,KABUPATEN MAJALENGKA,BINTANG 1,1,UNIT,2020
844,32,JAWA BARAT,3210,KABUPATEN MAJALENGKA,BINTANG 2,1,UNIT,2020
845,32,JAWA BARAT,3210,KABUPATEN MAJALENGKA,BINTANG 3,0,UNIT,2020
846,32,JAWA BARAT,3210,KABUPATEN MAJALENGKA,BINTANG 4,0,UNIT,2020
847,32,JAWA BARAT,3210,KABUPATEN MAJALENGKA,BINTANG 5,0,UNIT,2020
848,32,JAWA BARAT,3211,KABUPATEN SUMEDANG,BINTANG 1,0,UNIT,2020
849,32,JAWA BARAT,3211,KABUPATEN SUMEDANG,BINTANG 2,1,UNIT,2020
850,32,JAWA BARAT,3211,KABUPATEN SUMEDANG,BINTANG 3,4,UNIT,2020
851,32,JAWA BARAT,3211,KABUPATEN SUMEDANG,BINTANG 4,0,UNIT,2020
852,32,JAWA BARAT,3211,KABUPATEN SUMEDANG,BINTANG 5,0,UNIT,2020
853,32,JAWA BARAT,3212,KABUPATEN INDRAMAYU,BINTANG 1,0,UNIT,2020
854,32,JAWA BARAT,3212,KABUPATEN INDRAMAYU,BINTANG 2,3,UNIT,2020
855,32,JAWA BARAT,3212,KABUPATEN INDRAMAYU,BINTANG 3,0,UNIT,2020
856,32,JAWA BARAT,3212,KABUPATEN INDRAMAYU,BINTANG 4,0,UNIT,2020
857,32,JAWA BARAT,3212,KABUPATEN INDRAMAYU,BINTANG 5,0,UNIT,2020
858,32,JAWA BARAT,3213,KABUPATEN SUBANG,BINTANG 1,3,UNIT,2020
859,32,JAWA BARAT,3213,KABUPATEN SUBANG,BINTANG 2,3,UNIT,2020
860,32,JAWA BARAT,3213,KABUPATEN SUBANG,BINTANG 3,3,UNIT,2020
861,32,JAWA BARAT,3213,KABUPATEN SUBANG,BINTANG 4,0,UNIT,2020
862,32,JAWA BARAT,3213,KABUPATEN SUBANG,BINTANG 5,0,UNIT,2020
863,32,JAWA BARAT,3214,KABUPATEN PURWAKARTA,BINTANG 1,0,UNIT,2020
864,32,JAWA BARAT,3214,KABUPATEN PURWAKARTA,BINTANG 2,0,UNIT,2020
865,32,JAWA BARAT,3214,KABUPATEN PURWAKARTA,BINTANG 3,1,UNIT,2020
866,32,JAWA BARAT,3214,KABUPATEN PURWAKARTA,BINTANG 4,1,UNIT,2020
867,32,JAWA BARAT,3214,KABUPATEN PURWAKARTA,BINTANG 5,1,UNIT,2020
868,32,JAWA BARAT,3215,KABUPATEN KARAWANG,BINTANG 1,1,UNIT,2020
869,32,JAWA BARAT,3215,KABUPATEN KARAWANG,BINTANG 2,3,UNIT,2020
870,32,JAWA BARAT,3215,KABUPATEN KARAWANG,BINTANG 3,4,UNIT,2020
871,32,JAWA BARAT,3215,KABUPATEN KARAWANG,BINTANG 4,7,UNIT,2020
872,32,JAWA BARAT,3215,KABUPATEN KARAWANG,BINTANG 5,1,UNIT,2020
873,32,JAWA BARAT,3216,KABUPATEN BEKASI,BINTANG 1,1,UNIT,2020
874,32,JAWA BARAT,3216,KABUPATEN BEKASI,BINTANG 2,0,UNIT,2020
875,32,JAWA BARAT,3216,KABUPATEN BEKASI,BINTANG 3,7,UNIT,2020
876,32,JAWA BARAT,3216,KABUPATEN BEKASI,BINTANG 4,3,UNIT,2020
877,32,JAWA BARAT,3216,KABUPATEN BEKASI,BINTANG 5,0,UNIT,2020
878,32,JAWA BARAT,3217,KABUPATEN BANDUNG BARAT,BINTANG 1,4,UNIT,2020
879,32,JAWA BARAT,3217,KABUPATEN BANDUNG BARAT,BINTANG 2,4,UNIT,2020
880,32,JAWA BARAT,3217,KABUPATEN BANDUNG BARAT,BINTANG 3,4,UNIT,2020
881,32,JAWA BARAT,3217,KABUPATEN BANDUNG BARAT,BINTANG 4,0,UNIT,2020
882,32,JAWA BARAT,3217,KABUPATEN BANDUNG BARAT,BINTANG 5,0,UNIT,2020
883,32,JAWA BARAT,3218,KABUPATEN PANGANDARAN,BINTANG 1,8,UNIT,2020
884,32,JAWA BARAT,3218,KABUPATEN PANGANDARAN,BINTANG 2,11,UNIT,2020
885,32,JAWA BARAT,3218,KABUPATEN PANGANDARAN,BINTANG 3,17,UNIT,2020
886,32,JAWA BARAT,3218,KABUPATEN PANGANDARAN,BINTANG 4,16,UNIT,2020
887,32,JAWA BARAT,3218,KABUPATEN PANGANDARAN,BINTANG 5,0,UNIT,2020
888,32,JAWA BARAT,3271,KOTA BOGOR,BINTANG 1,0,UNIT,2020
889,32,JAWA BARAT,3271,KOTA BOGOR,BINTANG 2,0,UNIT,2020
890,32,JAWA BARAT,3271,KOTA BOGOR,BINTANG 3,0,UNIT,2020
891,32,JAWA BARAT,3271,KOTA BOGOR,BINTANG 4,0,UNIT,2020
892,32,JAWA BARAT,3271,KOTA BOGOR,BINTANG 5,7,UNIT,2020
893,32,JAWA BARAT,3272,KOTA SUKABUMI,BINTANG 1,15,UNIT,2020
894,32,JAWA BARAT,3272,KOTA SUKABUMI,BINTANG 2,37,UNIT,2020
895,32,JAWA BARAT,3272,KOTA SUKABUMI,BINTANG 3,65,UNIT,2020
896,32,JAWA BARAT,3272,KOTA SUKABUMI,BINTANG 4,176,UNIT,2020
897,32,JAWA BARAT,3272,KOTA SUKABUMI,BINTANG 5,20,UNIT,2020
898,32,JAWA BARAT,3273,KOTA BANDUNG,BINTANG 1,0,UNIT,2020
899,32,JAWA BARAT,3273,KOTA BANDUNG,BINTANG 2,7,UNIT,2020
900,32,JAWA BARAT,3273,KOTA BANDUNG,BINTANG 3,10,UNIT,2020
901,32,JAWA BARAT,3273,KOTA BANDUNG,BINTANG 4,4,UNIT,2020
902,32,JAWA BARAT,3273,KOTA BANDUNG,BINTANG 5,0,UNIT,2020
903,32,JAWA BARAT,3274,KOTA CIREBON,BINTANG 1,28,UNIT,2020
904,32,JAWA BARAT,3274,KOTA CIREBON,BINTANG 2,4,UNIT,2020
905,32,JAWA BARAT,3274,KOTA CIREBON,BINTANG 3,4,UNIT,2020
906,32,JAWA BARAT,3274,KOTA CIREBON,BINTANG 4,3,UNIT,2020
907,32,JAWA BARAT,3274,KOTA CIREBON,BINTANG 5,1,UNIT,2020
908,32,JAWA BARAT,3275,KOTA BEKASI,BINTANG 1,4,UNIT,2020
909,32,JAWA BARAT,3275,KOTA BEKASI,BINTANG 2,1,UNIT,2020
910,32,JAWA BARAT,3275,KOTA BEKASI,BINTANG 3,4,UNIT,2020
911,32,JAWA BARAT,3275,KOTA BEKASI,BINTANG 4,7,UNIT,2020
912,32,JAWA BARAT,3275,KOTA BEKASI,BINTANG 5,0,UNIT,2020
913,32,JAWA BARAT,3276,KOTA DEPOK,BINTANG 1,0,UNIT,2020
914,32,JAWA BARAT,3276,KOTA DEPOK,BINTANG 2,1,UNIT,2020
915,32,JAWA BARAT,3276,KOTA DEPOK,BINTANG 3,6,UNIT,2020
916,32,JAWA BARAT,3276,KOTA DEPOK,BINTANG 4,0,UNIT,2020
917,32,JAWA BARAT,3276,KOTA DEPOK,BINTANG 5,0,UNIT,2020
918,32,JAWA BARAT,3277,KOTA CIMAHI,BINTANG 1,0,UNIT,2020
919,32,JAWA BARAT,3277,KOTA CIMAHI,BINTANG 2,0,UNIT,2020
920,32,JAWA BARAT,3277,KOTA CIMAHI,BINTANG 3,1,UNIT,2020
921,32,JAWA BARAT,3277,KOTA CIMAHI,BINTANG 4,0,UNIT,2020
922,32,JAWA BARAT,3277,KOTA CIMAHI,BINTANG 5,0,UNIT,2020
923,32,JAWA BARAT,3278,KOTA TASIKMALAYA,BINTANG 1,2,UNIT,2020
924,32,JAWA BARAT,3278,KOTA TASIKMALAYA,BINTANG 2,5,UNIT,2020
925,32,JAWA BARAT,3278,KOTA TASIKMALAYA,BINTANG 3,5,UNIT,2020
926,32,JAWA BARAT,3278,KOTA TASIKMALAYA,BINTANG 4,0,UNIT,2020
927,32,JAWA BARAT,3278,KOTA TASIKMALAYA,BINTANG 5,0,UNIT,2020
928,32,JAWA BARAT,3279,KOTA BANJAR,BINTANG 1,0,UNIT,2020
929,32,JAWA BARAT,3279,KOTA BANJAR,BINTANG 2,0,UNIT,2020
930,32,JAWA BARAT,3279,KOTA BANJAR,BINTANG 3,0,UNIT,2020
931,32,JAWA BARAT,3279,KOTA BANJAR,BINTANG 4,0,UNIT,2020
932,32,JAWA BARAT,3279,KOTA BANJAR,BINTANG 5,0,UNIT,2020
