id,kode_provinsi,nama_provinsi,wilayah_pelayanan,jumlah_kapal_angkutan,satuan,tahun
1,32,JAWA BARAT,CIRATA,30639,UNIT,2015
2,32,JAWA BARAT,SAGULING,4828,UNIT,2015
3,32,JAWA BARAT,JATILUHUR,5788,UNIT,2015
4,32,JAWA BARAT,KALIPUCANG,1566,UNIT,2015
5,32,JAWA BARAT,MAJINGKLAK,1261,UNIT,2015
6,32,JAWA BARAT,MUARA GEMBONG,759,UNIT,2015
7,32,JAWA BARAT,CIRATA,75513,UNIT,2017
8,32,JAWA BARAT,SAGULING,3854,UNIT,2017
9,32,JAWA BARAT,JATILUHUR,6433,UNIT,2017
10,32,JAWA BARAT,KALIPUCANG,1903,UNIT,2017
11,32,JAWA BARAT,MAJINGKLAK,1263,UNIT,2017
12,32,JAWA BARAT,MUARA GEMBONG,1076,UNIT,2017
13,32,JAWA BARAT,CIRATA,12105,UNIT,2018
14,32,JAWA BARAT,SAGULING,5442,UNIT,2018
15,32,JAWA BARAT,JATILUHUR,7575,UNIT,2018
16,32,JAWA BARAT,KALIPUCANG,1913,UNIT,2018
17,32,JAWA BARAT,MAJINGKLAK,1398,UNIT,2018
18,32,JAWA BARAT,MUARA GEMBONG,1027,UNIT,2018
19,32,JAWA BARAT,CIRATA,51860,UNIT,2019
20,32,JAWA BARAT,SAGULING,6394,UNIT,2019
21,32,JAWA BARAT,JATILUHUR,4800,UNIT,2019
22,32,JAWA BARAT,KALIPUCANG,1398,UNIT,2019
23,32,JAWA BARAT,MAJINGKLAK,1938,UNIT,2019
24,32,JAWA BARAT,MUARA GEMBONG,2261,UNIT,2019
25,32,JAWA BARAT,CIRATA,24154,UNIT,2020
26,32,JAWA BARAT,SAGULING,5567,UNIT,2020
27,32,JAWA BARAT,JATILUHUR,5811,UNIT,2020
28,32,JAWA BARAT,KALIPUCANG,1132,UNIT,2020
29,32,JAWA BARAT,MAJINGKLAK,1231,UNIT,2020
30,32,JAWA BARAT,MUARA GEMBONG,4119,UNIT,2020
