id,kode_provinsi,nama_provinsi,kode_kabupaten_kota,nama_kabupaten_kota,wilayah_uptd_,kategori,kondisi_jalan,panjang_ruas_jalan,satuan,tahun
1,32,JAWA BARAT,3201,KABUPATEN BOGOR,UPTD PENGELOLAAN JALAN DAN JEMBATAN WILAYAH PELAYANAN I,MANTAP,BAIK,117.66,KILOMETER,2018
2,32,JAWA BARAT,3201,KABUPATEN BOGOR,UPTD PENGELOLAAN JALAN DAN JEMBATAN WILAYAH PELAYANAN I,MANTAP,SEDANG,9.39,KILOMETER,2018
3,32,JAWA BARAT,3201,KABUPATEN BOGOR,UPTD PENGELOLAAN JALAN DAN JEMBATAN WILAYAH PELAYANAN I,TIDAK MANTAP,RUSAK RINGAN,5.76,KILOMETER,2018
4,32,JAWA BARAT,3201,KABUPATEN BOGOR,UPTD PENGELOLAAN JALAN DAN JEMBATAN WILAYAH PELAYANAN I,TIDAK MANTAP,RUSAK BERAT,0.0,KILOMETER,2018
5,32,JAWA BARAT,3202,KABUPATEN SUKABUMI,UPTD PENGELOLAAN JALAN DAN JEMBATAN WILAYAH PELAYANAN II,MANTAP,BAIK,109.09,KILOMETER,2018
6,32,JAWA BARAT,3202,KABUPATEN SUKABUMI,UPTD PENGELOLAAN JALAN DAN JEMBATAN WILAYAH PELAYANAN II,MANTAP,SEDANG,153.62,KILOMETER,2018
7,32,JAWA BARAT,3202,KABUPATEN SUKABUMI,UPTD PENGELOLAAN JALAN DAN JEMBATAN WILAYAH PELAYANAN II,TIDAK MANTAP,RUSAK RINGAN,47.91,KILOMETER,2018
8,32,JAWA BARAT,3202,KABUPATEN SUKABUMI,UPTD PENGELOLAAN JALAN DAN JEMBATAN WILAYAH PELAYANAN II,TIDAK MANTAP,RUSAK BERAT,3.3,KILOMETER,2018
9,32,JAWA BARAT,3203,KABUPATEN CIANJUR,UPTD PENGELOLAAN JALAN DAN JEMBATAN WILAYAH PELAYANAN I,MANTAP,BAIK,83.82,KILOMETER,2018
10,32,JAWA BARAT,3203,KABUPATEN CIANJUR,UPTD PENGELOLAAN JALAN DAN JEMBATAN WILAYAH PELAYANAN I,MANTAP,SEDANG,79.77,KILOMETER,2018
11,32,JAWA BARAT,3203,KABUPATEN CIANJUR,UPTD PENGELOLAAN JALAN DAN JEMBATAN WILAYAH PELAYANAN I,TIDAK MANTAP,RUSAK RINGAN,8.49,KILOMETER,2018
12,32,JAWA BARAT,3203,KABUPATEN CIANJUR,UPTD PENGELOLAAN JALAN DAN JEMBATAN WILAYAH PELAYANAN I,TIDAK MANTAP,RUSAK BERAT,14.32,KILOMETER,2018
13,32,JAWA BARAT,3204,KABUPATEN BANDUNG,UPTD PENGELOLAAN JALAN DAN JEMBATAN WILAYAH PELAYANAN III,MANTAP,BAIK,54.56,KILOMETER,2018
14,32,JAWA BARAT,3204,KABUPATEN BANDUNG,UPTD PENGELOLAAN JALAN DAN JEMBATAN WILAYAH PELAYANAN III,MANTAP,SEDANG,63.93,KILOMETER,2018
15,32,JAWA BARAT,3204,KABUPATEN BANDUNG,UPTD PENGELOLAAN JALAN DAN JEMBATAN WILAYAH PELAYANAN III,TIDAK MANTAP,RUSAK RINGAN,9.05,KILOMETER,2018
16,32,JAWA BARAT,3204,KABUPATEN BANDUNG,UPTD PENGELOLAAN JALAN DAN JEMBATAN WILAYAH PELAYANAN III,TIDAK MANTAP,RUSAK BERAT,0.0,KILOMETER,2018
17,32,JAWA BARAT,3205,KABUPATEN GARUT,UPTD PENGELOLAAN JALAN DAN JEMBATAN WILAYAH PELAYANAN IV,MANTAP,BAIK,56.6,KILOMETER,2018
18,32,JAWA BARAT,3205,KABUPATEN GARUT,UPTD PENGELOLAAN JALAN DAN JEMBATAN WILAYAH PELAYANAN IV,MANTAP,SEDANG,198.08,KILOMETER,2018
19,32,JAWA BARAT,3205,KABUPATEN GARUT,UPTD PENGELOLAAN JALAN DAN JEMBATAN WILAYAH PELAYANAN IV,TIDAK MANTAP,RUSAK RINGAN,31.36,KILOMETER,2018
20,32,JAWA BARAT,3205,KABUPATEN GARUT,UPTD PENGELOLAAN JALAN DAN JEMBATAN WILAYAH PELAYANAN IV,TIDAK MANTAP,RUSAK BERAT,0.0,KILOMETER,2018
21,32,JAWA BARAT,3206,KABUPATEN TASIKMALAYA,UPTD PENGELOLAAN JALAN DAN JEMBATAN WILAYAH PELAYANAN V,MANTAP,BAIK,56.59,KILOMETER,2018
22,32,JAWA BARAT,3206,KABUPATEN TASIKMALAYA,UPTD PENGELOLAAN JALAN DAN JEMBATAN WILAYAH PELAYANAN V,MANTAP,SEDANG,54.85,KILOMETER,2018
23,32,JAWA BARAT,3206,KABUPATEN TASIKMALAYA,UPTD PENGELOLAAN JALAN DAN JEMBATAN WILAYAH PELAYANAN V,TIDAK MANTAP,RUSAK RINGAN,12.2,KILOMETER,2018
24,32,JAWA BARAT,3206,KABUPATEN TASIKMALAYA,UPTD PENGELOLAAN JALAN DAN JEMBATAN WILAYAH PELAYANAN V,TIDAK MANTAP,RUSAK BERAT,0.0,KILOMETER,2018
25,32,JAWA BARAT,3207,KABUPATEN CIAMIS,UPTD PENGELOLAAN JALAN DAN JEMBATAN WILAYAH PELAYANAN V,MANTAP,BAIK,7.33,KILOMETER,2018
26,32,JAWA BARAT,3207,KABUPATEN CIAMIS,UPTD PENGELOLAAN JALAN DAN JEMBATAN WILAYAH PELAYANAN V,MANTAP,SEDANG,17.22,KILOMETER,2018
27,32,JAWA BARAT,3207,KABUPATEN CIAMIS,UPTD PENGELOLAAN JALAN DAN JEMBATAN WILAYAH PELAYANAN V,TIDAK MANTAP,RUSAK RINGAN,4.08,KILOMETER,2018
28,32,JAWA BARAT,3207,KABUPATEN CIAMIS,UPTD PENGELOLAAN JALAN DAN JEMBATAN WILAYAH PELAYANAN V,TIDAK MANTAP,RUSAK BERAT,0.0,KILOMETER,2018
29,32,JAWA BARAT,3208,KABUPATEN KUNINGAN,UPTD PENGELOLAAN JALAN DAN JEMBATAN WILAYAH PELAYANAN V,MANTAP,BAIK,38.85,KILOMETER,2018
30,32,JAWA BARAT,3208,KABUPATEN KUNINGAN,UPTD PENGELOLAAN JALAN DAN JEMBATAN WILAYAH PELAYANAN V,MANTAP,SEDANG,39.67,KILOMETER,2018
31,32,JAWA BARAT,3208,KABUPATEN KUNINGAN,UPTD PENGELOLAAN JALAN DAN JEMBATAN WILAYAH PELAYANAN V,TIDAK MANTAP,RUSAK RINGAN,7.8,KILOMETER,2018
32,32,JAWA BARAT,3208,KABUPATEN KUNINGAN,UPTD PENGELOLAAN JALAN DAN JEMBATAN WILAYAH PELAYANAN V,TIDAK MANTAP,RUSAK BERAT,0.0,KILOMETER,2018
33,32,JAWA BARAT,3209,KABUPATEN CIREBON,UPTD PENGELOLAAN JALAN DAN JEMBATAN WILAYAH PELAYANAN VI,MANTAP,BAIK,23.61,KILOMETER,2018
34,32,JAWA BARAT,3209,KABUPATEN CIREBON,UPTD PENGELOLAAN JALAN DAN JEMBATAN WILAYAH PELAYANAN VI,MANTAP,SEDANG,43.77,KILOMETER,2018
35,32,JAWA BARAT,3209,KABUPATEN CIREBON,UPTD PENGELOLAAN JALAN DAN JEMBATAN WILAYAH PELAYANAN VI,TIDAK MANTAP,RUSAK RINGAN,4.99,KILOMETER,2018
36,32,JAWA BARAT,3209,KABUPATEN CIREBON,UPTD PENGELOLAAN JALAN DAN JEMBATAN WILAYAH PELAYANAN VI,TIDAK MANTAP,RUSAK BERAT,0.0,KILOMETER,2018
37,32,JAWA BARAT,3210,KABUPATEN MAJALENGKA,UPTD PENGELOLAAN JALAN DAN JEMBATAN WILAYAH PELAYANAN VI,MANTAP,BAIK,59.45,KILOMETER,2018
38,32,JAWA BARAT,3210,KABUPATEN MAJALENGKA,UPTD PENGELOLAAN JALAN DAN JEMBATAN WILAYAH PELAYANAN VI,MANTAP,SEDANG,49.8,KILOMETER,2018
39,32,JAWA BARAT,3210,KABUPATEN MAJALENGKA,UPTD PENGELOLAAN JALAN DAN JEMBATAN WILAYAH PELAYANAN VI,TIDAK MANTAP,RUSAK RINGAN,16.58,KILOMETER,2018
40,32,JAWA BARAT,3210,KABUPATEN MAJALENGKA,UPTD PENGELOLAAN JALAN DAN JEMBATAN WILAYAH PELAYANAN VI,TIDAK MANTAP,RUSAK BERAT,0.0,KILOMETER,2018
41,32,JAWA BARAT,3211,KABUPATEN SUMEDANG,UPTD PENGELOLAAN JALAN DAN JEMBATAN WILAYAH PELAYANAN IV,MANTAP,BAIK,23.28,KILOMETER,2018
42,32,JAWA BARAT,3211,KABUPATEN SUMEDANG,UPTD PENGELOLAAN JALAN DAN JEMBATAN WILAYAH PELAYANAN IV,MANTAP,SEDANG,76.58,KILOMETER,2018
43,32,JAWA BARAT,3211,KABUPATEN SUMEDANG,UPTD PENGELOLAAN JALAN DAN JEMBATAN WILAYAH PELAYANAN IV,TIDAK MANTAP,RUSAK RINGAN,15.94,KILOMETER,2018
44,32,JAWA BARAT,3211,KABUPATEN SUMEDANG,UPTD PENGELOLAAN JALAN DAN JEMBATAN WILAYAH PELAYANAN IV,TIDAK MANTAP,RUSAK BERAT,0.0,KILOMETER,2018
45,32,JAWA BARAT,3212,KABUPATEN INDRAMAYU,UPTD PENGELOLAAN JALAN DAN JEMBATAN WILAYAH PELAYANAN VI,MANTAP,BAIK,66.97,KILOMETER,2018
46,32,JAWA BARAT,3212,KABUPATEN INDRAMAYU,UPTD PENGELOLAAN JALAN DAN JEMBATAN WILAYAH PELAYANAN VI,MANTAP,SEDANG,85.16,KILOMETER,2018
47,32,JAWA BARAT,3212,KABUPATEN INDRAMAYU,UPTD PENGELOLAAN JALAN DAN JEMBATAN WILAYAH PELAYANAN VI,TIDAK MANTAP,RUSAK RINGAN,5.36,KILOMETER,2018
48,32,JAWA BARAT,3212,KABUPATEN INDRAMAYU,UPTD PENGELOLAAN JALAN DAN JEMBATAN WILAYAH PELAYANAN VI,TIDAK MANTAP,RUSAK BERAT,0.0,KILOMETER,2018
49,32,JAWA BARAT,3213,KABUPATEN SUBANG,UPTD PENGELOLAAN JALAN DAN JEMBATAN WILAYAH PELAYANAN III,MANTAP,BAIK,54.49,KILOMETER,2018
50,32,JAWA BARAT,3213,KABUPATEN SUBANG,UPTD PENGELOLAAN JALAN DAN JEMBATAN WILAYAH PELAYANAN III,MANTAP,SEDANG,105.03,KILOMETER,2018
51,32,JAWA BARAT,3213,KABUPATEN SUBANG,UPTD PENGELOLAAN JALAN DAN JEMBATAN WILAYAH PELAYANAN III,TIDAK MANTAP,RUSAK RINGAN,8.66,KILOMETER,2018
52,32,JAWA BARAT,3213,KABUPATEN SUBANG,UPTD PENGELOLAAN JALAN DAN JEMBATAN WILAYAH PELAYANAN III,TIDAK MANTAP,RUSAK BERAT,0.0,KILOMETER,2018
53,32,JAWA BARAT,3214,KABUPATEN PURWAKARTA,UPTD PENGELOLAAN JALAN DAN JEMBATAN WILAYAH PELAYANAN III,MANTAP,BAIK,14.94,KILOMETER,2018
54,32,JAWA BARAT,3214,KABUPATEN PURWAKARTA,UPTD PENGELOLAAN JALAN DAN JEMBATAN WILAYAH PELAYANAN III,MANTAP,SEDANG,50.61,KILOMETER,2018
55,32,JAWA BARAT,3214,KABUPATEN PURWAKARTA,UPTD PENGELOLAAN JALAN DAN JEMBATAN WILAYAH PELAYANAN III,TIDAK MANTAP,RUSAK RINGAN,4.96,KILOMETER,2018
56,32,JAWA BARAT,3214,KABUPATEN PURWAKARTA,UPTD PENGELOLAAN JALAN DAN JEMBATAN WILAYAH PELAYANAN III,TIDAK MANTAP,RUSAK BERAT,0.0,KILOMETER,2018
57,32,JAWA BARAT,3215,KABUPATEN KARAWANG,UPTD PENGELOLAAN JALAN DAN JEMBATAN WILAYAH PELAYANAN III,MANTAP,BAIK,41.04,KILOMETER,2018
58,32,JAWA BARAT,3215,KABUPATEN KARAWANG,UPTD PENGELOLAAN JALAN DAN JEMBATAN WILAYAH PELAYANAN III,MANTAP,SEDANG,30.9,KILOMETER,2018
59,32,JAWA BARAT,3215,KABUPATEN KARAWANG,UPTD PENGELOLAAN JALAN DAN JEMBATAN WILAYAH PELAYANAN III,TIDAK MANTAP,RUSAK RINGAN,7.89,KILOMETER,2018
60,32,JAWA BARAT,3215,KABUPATEN KARAWANG,UPTD PENGELOLAAN JALAN DAN JEMBATAN WILAYAH PELAYANAN III,TIDAK MANTAP,RUSAK BERAT,0.0,KILOMETER,2018
61,32,JAWA BARAT,3216,KABUPATEN BEKASI,UPTD PENGELOLAAN JALAN DAN JEMBATAN WILAYAH PELAYANAN I,MANTAP,BAIK,29.33,KILOMETER,2018
62,32,JAWA BARAT,3216,KABUPATEN BEKASI,UPTD PENGELOLAAN JALAN DAN JEMBATAN WILAYAH PELAYANAN I,MANTAP,SEDANG,2.2,KILOMETER,2018
63,32,JAWA BARAT,3216,KABUPATEN BEKASI,UPTD PENGELOLAAN JALAN DAN JEMBATAN WILAYAH PELAYANAN I,TIDAK MANTAP,RUSAK RINGAN,0.0,KILOMETER,2018
64,32,JAWA BARAT,3216,KABUPATEN BEKASI,UPTD PENGELOLAAN JALAN DAN JEMBATAN WILAYAH PELAYANAN I,TIDAK MANTAP,RUSAK BERAT,0.0,KILOMETER,2018
65,32,JAWA BARAT,3217,KABUPATEN BANDUNG BARAT,UPTD PENGELOLAAN JALAN DAN JEMBATAN WILAYAH PELAYANAN III,MANTAP,BAIK,30.47,KILOMETER,2018
66,32,JAWA BARAT,3217,KABUPATEN BANDUNG BARAT,UPTD PENGELOLAAN JALAN DAN JEMBATAN WILAYAH PELAYANAN III,MANTAP,SEDANG,40.16,KILOMETER,2018
67,32,JAWA BARAT,3217,KABUPATEN BANDUNG BARAT,UPTD PENGELOLAAN JALAN DAN JEMBATAN WILAYAH PELAYANAN III,TIDAK MANTAP,RUSAK RINGAN,2.54,KILOMETER,2018
68,32,JAWA BARAT,3217,KABUPATEN BANDUNG BARAT,UPTD PENGELOLAAN JALAN DAN JEMBATAN WILAYAH PELAYANAN III,TIDAK MANTAP,RUSAK BERAT,0.0,KILOMETER,2018
69,32,JAWA BARAT,3218,KABUPATEN PANGANDARAN,UPTD PENGELOLAAN JALAN DAN JEMBATAN WILAYAH PELAYANAN V,MANTAP,BAIK,4.55,KILOMETER,2018
70,32,JAWA BARAT,3218,KABUPATEN PANGANDARAN,UPTD PENGELOLAAN JALAN DAN JEMBATAN WILAYAH PELAYANAN V,MANTAP,SEDANG,2.95,KILOMETER,2018
71,32,JAWA BARAT,3218,KABUPATEN PANGANDARAN,UPTD PENGELOLAAN JALAN DAN JEMBATAN WILAYAH PELAYANAN V,TIDAK MANTAP,RUSAK RINGAN,1.39,KILOMETER,2018
72,32,JAWA BARAT,3218,KABUPATEN PANGANDARAN,UPTD PENGELOLAAN JALAN DAN JEMBATAN WILAYAH PELAYANAN V,TIDAK MANTAP,RUSAK BERAT,0.0,KILOMETER,2018
73,32,JAWA BARAT,3271,KOTA BOGOR,UPTD PENGELOLAAN JALAN DAN JEMBATAN WILAYAH PELAYANAN I,MANTAP,BAIK,8.55,KILOMETER,2018
74,32,JAWA BARAT,3271,KOTA BOGOR,UPTD PENGELOLAAN JALAN DAN JEMBATAN WILAYAH PELAYANAN I,MANTAP,SEDANG,2.61,KILOMETER,2018
75,32,JAWA BARAT,3271,KOTA BOGOR,UPTD PENGELOLAAN JALAN DAN JEMBATAN WILAYAH PELAYANAN I,TIDAK MANTAP,RUSAK RINGAN,0.0,KILOMETER,2018
76,32,JAWA BARAT,3271,KOTA BOGOR,UPTD PENGELOLAAN JALAN DAN JEMBATAN WILAYAH PELAYANAN I,TIDAK MANTAP,RUSAK BERAT,0.0,KILOMETER,2018
77,32,JAWA BARAT,3272,KOTA SUKABUMI,UPTD PENGELOLAAN JALAN DAN JEMBATAN WILAYAH PELAYANAN II,MANTAP,BAIK,12.86,KILOMETER,2018
78,32,JAWA BARAT,3272,KOTA SUKABUMI,UPTD PENGELOLAAN JALAN DAN JEMBATAN WILAYAH PELAYANAN II,MANTAP,SEDANG,18.06,KILOMETER,2018
79,32,JAWA BARAT,3272,KOTA SUKABUMI,UPTD PENGELOLAAN JALAN DAN JEMBATAN WILAYAH PELAYANAN II,TIDAK MANTAP,RUSAK RINGAN,1.0,KILOMETER,2018
80,32,JAWA BARAT,3272,KOTA SUKABUMI,UPTD PENGELOLAAN JALAN DAN JEMBATAN WILAYAH PELAYANAN II,TIDAK MANTAP,RUSAK BERAT,1.64,KILOMETER,2018
81,32,JAWA BARAT,3273,KOTA BANDUNG,UPTD PENGELOLAAN JALAN DAN JEMBATAN WILAYAH PELAYANAN III,MANTAP,BAIK,13.17,KILOMETER,2018
82,32,JAWA BARAT,3273,KOTA BANDUNG,UPTD PENGELOLAAN JALAN DAN JEMBATAN WILAYAH PELAYANAN III,MANTAP,SEDANG,24.92,KILOMETER,2018
83,32,JAWA BARAT,3273,KOTA BANDUNG,UPTD PENGELOLAAN JALAN DAN JEMBATAN WILAYAH PELAYANAN III,TIDAK MANTAP,RUSAK RINGAN,0.35,KILOMETER,2018
84,32,JAWA BARAT,3273,KOTA BANDUNG,UPTD PENGELOLAAN JALAN DAN JEMBATAN WILAYAH PELAYANAN III,TIDAK MANTAP,RUSAK BERAT,0.0,KILOMETER,2018
85,32,JAWA BARAT,3274,KOTA CIREBON,UPTD PENGELOLAAN JALAN DAN JEMBATAN WILAYAH PELAYANAN VI,MANTAP,BAIK,2.8,KILOMETER,2018
86,32,JAWA BARAT,3274,KOTA CIREBON,UPTD PENGELOLAAN JALAN DAN JEMBATAN WILAYAH PELAYANAN VI,MANTAP,SEDANG,3.75,KILOMETER,2018
87,32,JAWA BARAT,3274,KOTA CIREBON,UPTD PENGELOLAAN JALAN DAN JEMBATAN WILAYAH PELAYANAN VI,TIDAK MANTAP,RUSAK RINGAN,0.0,KILOMETER,2018
88,32,JAWA BARAT,3274,KOTA CIREBON,UPTD PENGELOLAAN JALAN DAN JEMBATAN WILAYAH PELAYANAN VI,TIDAK MANTAP,RUSAK BERAT,0.0,KILOMETER,2018
89,32,JAWA BARAT,3275,KOTA BEKASI,UPTD PENGELOLAAN JALAN DAN JEMBATAN WILAYAH PELAYANAN I,MANTAP,BAIK,19.86,KILOMETER,2018
90,32,JAWA BARAT,3275,KOTA BEKASI,UPTD PENGELOLAAN JALAN DAN JEMBATAN WILAYAH PELAYANAN I,MANTAP,SEDANG,0.0,KILOMETER,2018
91,32,JAWA BARAT,3275,KOTA BEKASI,UPTD PENGELOLAAN JALAN DAN JEMBATAN WILAYAH PELAYANAN I,TIDAK MANTAP,RUSAK RINGAN,2.1,KILOMETER,2018
92,32,JAWA BARAT,3275,KOTA BEKASI,UPTD PENGELOLAAN JALAN DAN JEMBATAN WILAYAH PELAYANAN I,TIDAK MANTAP,RUSAK BERAT,0.0,KILOMETER,2018
93,32,JAWA BARAT,3276,KOTA DEPOK,UPTD PENGELOLAAN JALAN DAN JEMBATAN WILAYAH PELAYANAN I,MANTAP,BAIK,9.17,KILOMETER,2018
94,32,JAWA BARAT,3276,KOTA DEPOK,UPTD PENGELOLAAN JALAN DAN JEMBATAN WILAYAH PELAYANAN I,MANTAP,SEDANG,0.0,KILOMETER,2018
95,32,JAWA BARAT,3276,KOTA DEPOK,UPTD PENGELOLAAN JALAN DAN JEMBATAN WILAYAH PELAYANAN I,TIDAK MANTAP,RUSAK RINGAN,2.56,KILOMETER,2018
96,32,JAWA BARAT,3276,KOTA DEPOK,UPTD PENGELOLAAN JALAN DAN JEMBATAN WILAYAH PELAYANAN I,TIDAK MANTAP,RUSAK BERAT,0.0,KILOMETER,2018
97,32,JAWA BARAT,3277,KOTA CIMAHI,UPTD PENGELOLAAN JALAN DAN JEMBATAN WILAYAH PELAYANAN III,MANTAP,BAIK,5.04,KILOMETER,2018
98,32,JAWA BARAT,3277,KOTA CIMAHI,UPTD PENGELOLAAN JALAN DAN JEMBATAN WILAYAH PELAYANAN III,MANTAP,SEDANG,4.32,KILOMETER,2018
99,32,JAWA BARAT,3277,KOTA CIMAHI,UPTD PENGELOLAAN JALAN DAN JEMBATAN WILAYAH PELAYANAN III,TIDAK MANTAP,RUSAK RINGAN,0.0,KILOMETER,2018
100,32,JAWA BARAT,3277,KOTA CIMAHI,UPTD PENGELOLAAN JALAN DAN JEMBATAN WILAYAH PELAYANAN III,TIDAK MANTAP,RUSAK BERAT,0.0,KILOMETER,2018
101,32,JAWA BARAT,3278,KOTA TASIKMALAYA,UPTD PENGELOLAAN JALAN DAN JEMBATAN WILAYAH PELAYANAN V,MANTAP,BAIK,4.51,KILOMETER,2018
102,32,JAWA BARAT,3278,KOTA TASIKMALAYA,UPTD PENGELOLAAN JALAN DAN JEMBATAN WILAYAH PELAYANAN V,MANTAP,SEDANG,24.05,KILOMETER,2018
103,32,JAWA BARAT,3278,KOTA TASIKMALAYA,UPTD PENGELOLAAN JALAN DAN JEMBATAN WILAYAH PELAYANAN V,TIDAK MANTAP,RUSAK RINGAN,1.4,KILOMETER,2018
104,32,JAWA BARAT,3278,KOTA TASIKMALAYA,UPTD PENGELOLAAN JALAN DAN JEMBATAN WILAYAH PELAYANAN V,TIDAK MANTAP,RUSAK BERAT,0.0,KILOMETER,2018
105,32,JAWA BARAT,3279,KOTA BANJAR,UPTD PENGELOLAAN JALAN DAN JEMBATAN WILAYAH PELAYANAN V,MANTAP,BAIK,5.8,KILOMETER,2018
106,32,JAWA BARAT,3279,KOTA BANJAR,UPTD PENGELOLAAN JALAN DAN JEMBATAN WILAYAH PELAYANAN V,MANTAP,SEDANG,0.83,KILOMETER,2018
107,32,JAWA BARAT,3279,KOTA BANJAR,UPTD PENGELOLAAN JALAN DAN JEMBATAN WILAYAH PELAYANAN V,TIDAK MANTAP,RUSAK RINGAN,2.34,KILOMETER,2018
108,32,JAWA BARAT,3279,KOTA BANJAR,UPTD PENGELOLAAN JALAN DAN JEMBATAN WILAYAH PELAYANAN V,TIDAK MANTAP,RUSAK BERAT,0.0,KILOMETER,2018
109,32,JAWA BARAT,3201,KABUPATEN BOGOR,UPTD PENGELOLAAN JALAN DAN JEMBATAN WILAYAH PELAYANAN I,MANTAP,BAIK,117.66,KILOMETER,2019
110,32,JAWA BARAT,3201,KABUPATEN BOGOR,UPTD PENGELOLAAN JALAN DAN JEMBATAN WILAYAH PELAYANAN I,MANTAP,SEDANG,9.39,KILOMETER,2019
111,32,JAWA BARAT,3201,KABUPATEN BOGOR,UPTD PENGELOLAAN JALAN DAN JEMBATAN WILAYAH PELAYANAN I,TIDAK MANTAP,RUSAK RINGAN,5.76,KILOMETER,2019
112,32,JAWA BARAT,3201,KABUPATEN BOGOR,UPTD PENGELOLAAN JALAN DAN JEMBATAN WILAYAH PELAYANAN I,TIDAK MANTAP,RUSAK BERAT,0.0,KILOMETER,2019
113,32,JAWA BARAT,3202,KABUPATEN SUKABUMI,UPTD PENGELOLAAN JALAN DAN JEMBATAN WILAYAH PELAYANAN II,MANTAP,BAIK,152.73,KILOMETER,2019
114,32,JAWA BARAT,3202,KABUPATEN SUKABUMI,UPTD PENGELOLAAN JALAN DAN JEMBATAN WILAYAH PELAYANAN II,MANTAP,SEDANG,116.92,KILOMETER,2019
115,32,JAWA BARAT,3202,KABUPATEN SUKABUMI,UPTD PENGELOLAAN JALAN DAN JEMBATAN WILAYAH PELAYANAN II,TIDAK MANTAP,RUSAK RINGAN,42.73,KILOMETER,2019
116,32,JAWA BARAT,3202,KABUPATEN SUKABUMI,UPTD PENGELOLAAN JALAN DAN JEMBATAN WILAYAH PELAYANAN II,TIDAK MANTAP,RUSAK BERAT,1.54,KILOMETER,2019
117,32,JAWA BARAT,3203,KABUPATEN CIANJUR,UPTD PENGELOLAAN JALAN DAN JEMBATAN WILAYAH PELAYANAN I,MANTAP,BAIK,83.82,KILOMETER,2019
118,32,JAWA BARAT,3203,KABUPATEN CIANJUR,UPTD PENGELOLAAN JALAN DAN JEMBATAN WILAYAH PELAYANAN I,MANTAP,SEDANG,79.77,KILOMETER,2019
119,32,JAWA BARAT,3203,KABUPATEN CIANJUR,UPTD PENGELOLAAN JALAN DAN JEMBATAN WILAYAH PELAYANAN I,TIDAK MANTAP,RUSAK RINGAN,8.49,KILOMETER,2019
120,32,JAWA BARAT,3203,KABUPATEN CIANJUR,UPTD PENGELOLAAN JALAN DAN JEMBATAN WILAYAH PELAYANAN I,TIDAK MANTAP,RUSAK BERAT,14.32,KILOMETER,2019
121,32,JAWA BARAT,3204,KABUPATEN BANDUNG,UPTD PENGELOLAAN JALAN DAN JEMBATAN WILAYAH PELAYANAN III,MANTAP,BAIK,23.21,KILOMETER,2019
122,32,JAWA BARAT,3204,KABUPATEN BANDUNG,UPTD PENGELOLAAN JALAN DAN JEMBATAN WILAYAH PELAYANAN III,MANTAP,SEDANG,102.83,KILOMETER,2019
123,32,JAWA BARAT,3204,KABUPATEN BANDUNG,UPTD PENGELOLAAN JALAN DAN JEMBATAN WILAYAH PELAYANAN III,TIDAK MANTAP,RUSAK RINGAN,1.49,KILOMETER,2019
124,32,JAWA BARAT,3204,KABUPATEN BANDUNG,UPTD PENGELOLAAN JALAN DAN JEMBATAN WILAYAH PELAYANAN III,TIDAK MANTAP,RUSAK BERAT,0.0,KILOMETER,2019
125,32,JAWA BARAT,3205,KABUPATEN GARUT,UPTD PENGELOLAAN JALAN DAN JEMBATAN WILAYAH PELAYANAN IV,MANTAP,BAIK,70.88,KILOMETER,2019
126,32,JAWA BARAT,3205,KABUPATEN GARUT,UPTD PENGELOLAAN JALAN DAN JEMBATAN WILAYAH PELAYANAN IV,MANTAP,SEDANG,183.55,KILOMETER,2019
127,32,JAWA BARAT,3205,KABUPATEN GARUT,UPTD PENGELOLAAN JALAN DAN JEMBATAN WILAYAH PELAYANAN IV,TIDAK MANTAP,RUSAK RINGAN,31.6,KILOMETER,2019
128,32,JAWA BARAT,3205,KABUPATEN GARUT,UPTD PENGELOLAAN JALAN DAN JEMBATAN WILAYAH PELAYANAN IV,TIDAK MANTAP,RUSAK BERAT,0.0,KILOMETER,2019
129,32,JAWA BARAT,3206,KABUPATEN TASIKMALAYA,UPTD PENGELOLAAN JALAN DAN JEMBATAN WILAYAH PELAYANAN V,MANTAP,BAIK,63.14,KILOMETER,2019
130,32,JAWA BARAT,3206,KABUPATEN TASIKMALAYA,UPTD PENGELOLAAN JALAN DAN JEMBATAN WILAYAH PELAYANAN V,MANTAP,SEDANG,48.3,KILOMETER,2019
131,32,JAWA BARAT,3206,KABUPATEN TASIKMALAYA,UPTD PENGELOLAAN JALAN DAN JEMBATAN WILAYAH PELAYANAN V,TIDAK MANTAP,RUSAK RINGAN,12.21,KILOMETER,2019
132,32,JAWA BARAT,3206,KABUPATEN TASIKMALAYA,UPTD PENGELOLAAN JALAN DAN JEMBATAN WILAYAH PELAYANAN V,TIDAK MANTAP,RUSAK BERAT,0.0,KILOMETER,2019
133,32,JAWA BARAT,3207,KABUPATEN CIAMIS,UPTD PENGELOLAAN JALAN DAN JEMBATAN WILAYAH PELAYANAN V,MANTAP,BAIK,8.81,KILOMETER,2019
134,32,JAWA BARAT,3207,KABUPATEN CIAMIS,UPTD PENGELOLAAN JALAN DAN JEMBATAN WILAYAH PELAYANAN V,MANTAP,SEDANG,16.72,KILOMETER,2019
135,32,JAWA BARAT,3207,KABUPATEN CIAMIS,UPTD PENGELOLAAN JALAN DAN JEMBATAN WILAYAH PELAYANAN V,TIDAK MANTAP,RUSAK RINGAN,3.1,KILOMETER,2019
136,32,JAWA BARAT,3207,KABUPATEN CIAMIS,UPTD PENGELOLAAN JALAN DAN JEMBATAN WILAYAH PELAYANAN V,TIDAK MANTAP,RUSAK BERAT,0.0,KILOMETER,2019
137,32,JAWA BARAT,3208,KABUPATEN KUNINGAN,UPTD PENGELOLAAN JALAN DAN JEMBATAN WILAYAH PELAYANAN V,MANTAP,BAIK,41.37,KILOMETER,2019
138,32,JAWA BARAT,3208,KABUPATEN KUNINGAN,UPTD PENGELOLAAN JALAN DAN JEMBATAN WILAYAH PELAYANAN V,MANTAP,SEDANG,39.15,KILOMETER,2019
139,32,JAWA BARAT,3208,KABUPATEN KUNINGAN,UPTD PENGELOLAAN JALAN DAN JEMBATAN WILAYAH PELAYANAN V,TIDAK MANTAP,RUSAK RINGAN,5.8,KILOMETER,2019
140,32,JAWA BARAT,3208,KABUPATEN KUNINGAN,UPTD PENGELOLAAN JALAN DAN JEMBATAN WILAYAH PELAYANAN V,TIDAK MANTAP,RUSAK BERAT,0.0,KILOMETER,2019
141,32,JAWA BARAT,3209,KABUPATEN CIREBON,UPTD PENGELOLAAN JALAN DAN JEMBATAN WILAYAH PELAYANAN VI,MANTAP,BAIK,31.79,KILOMETER,2019
142,32,JAWA BARAT,3209,KABUPATEN CIREBON,UPTD PENGELOLAAN JALAN DAN JEMBATAN WILAYAH PELAYANAN VI,MANTAP,SEDANG,38.12,KILOMETER,2019
143,32,JAWA BARAT,3209,KABUPATEN CIREBON,UPTD PENGELOLAAN JALAN DAN JEMBATAN WILAYAH PELAYANAN VI,TIDAK MANTAP,RUSAK RINGAN,2.47,KILOMETER,2019
144,32,JAWA BARAT,3209,KABUPATEN CIREBON,UPTD PENGELOLAAN JALAN DAN JEMBATAN WILAYAH PELAYANAN VI,TIDAK MANTAP,RUSAK BERAT,0.0,KILOMETER,2019
145,32,JAWA BARAT,3210,KABUPATEN MAJALENGKA,UPTD PENGELOLAAN JALAN DAN JEMBATAN WILAYAH PELAYANAN VI,MANTAP,BAIK,68.11,KILOMETER,2019
146,32,JAWA BARAT,3210,KABUPATEN MAJALENGKA,UPTD PENGELOLAAN JALAN DAN JEMBATAN WILAYAH PELAYANAN VI,MANTAP,SEDANG,42.74,KILOMETER,2019
147,32,JAWA BARAT,3210,KABUPATEN MAJALENGKA,UPTD PENGELOLAAN JALAN DAN JEMBATAN WILAYAH PELAYANAN VI,TIDAK MANTAP,RUSAK RINGAN,14.98,KILOMETER,2019
148,32,JAWA BARAT,3210,KABUPATEN MAJALENGKA,UPTD PENGELOLAAN JALAN DAN JEMBATAN WILAYAH PELAYANAN VI,TIDAK MANTAP,RUSAK BERAT,0.0,KILOMETER,2019
149,32,JAWA BARAT,3211,KABUPATEN SUMEDANG,UPTD PENGELOLAAN JALAN DAN JEMBATAN WILAYAH PELAYANAN IV,MANTAP,BAIK,17.57,KILOMETER,2019
150,32,JAWA BARAT,3211,KABUPATEN SUMEDANG,UPTD PENGELOLAAN JALAN DAN JEMBATAN WILAYAH PELAYANAN IV,MANTAP,SEDANG,86.73,KILOMETER,2019
151,32,JAWA BARAT,3211,KABUPATEN SUMEDANG,UPTD PENGELOLAAN JALAN DAN JEMBATAN WILAYAH PELAYANAN IV,TIDAK MANTAP,RUSAK RINGAN,11.5,KILOMETER,2019
152,32,JAWA BARAT,3211,KABUPATEN SUMEDANG,UPTD PENGELOLAAN JALAN DAN JEMBATAN WILAYAH PELAYANAN IV,TIDAK MANTAP,RUSAK BERAT,0.0,KILOMETER,2019
153,32,JAWA BARAT,3212,KABUPATEN INDRAMAYU,UPTD PENGELOLAAN JALAN DAN JEMBATAN WILAYAH PELAYANAN VI,MANTAP,BAIK,101.61,KILOMETER,2019
154,32,JAWA BARAT,3212,KABUPATEN INDRAMAYU,UPTD PENGELOLAAN JALAN DAN JEMBATAN WILAYAH PELAYANAN VI,MANTAP,SEDANG,46.53,KILOMETER,2019
155,32,JAWA BARAT,3212,KABUPATEN INDRAMAYU,UPTD PENGELOLAAN JALAN DAN JEMBATAN WILAYAH PELAYANAN VI,TIDAK MANTAP,RUSAK RINGAN,9.35,KILOMETER,2019
156,32,JAWA BARAT,3212,KABUPATEN INDRAMAYU,UPTD PENGELOLAAN JALAN DAN JEMBATAN WILAYAH PELAYANAN VI,TIDAK MANTAP,RUSAK BERAT,0.0,KILOMETER,2019
157,32,JAWA BARAT,3213,KABUPATEN SUBANG,UPTD PENGELOLAAN JALAN DAN JEMBATAN WILAYAH PELAYANAN III,MANTAP,BAIK,15.0,KILOMETER,2019
158,32,JAWA BARAT,3213,KABUPATEN SUBANG,UPTD PENGELOLAAN JALAN DAN JEMBATAN WILAYAH PELAYANAN III,MANTAP,SEDANG,146.84,KILOMETER,2019
159,32,JAWA BARAT,3213,KABUPATEN SUBANG,UPTD PENGELOLAAN JALAN DAN JEMBATAN WILAYAH PELAYANAN III,TIDAK MANTAP,RUSAK RINGAN,6.34,KILOMETER,2019
160,32,JAWA BARAT,3213,KABUPATEN SUBANG,UPTD PENGELOLAAN JALAN DAN JEMBATAN WILAYAH PELAYANAN III,TIDAK MANTAP,RUSAK BERAT,0.0,KILOMETER,2019
161,32,JAWA BARAT,3214,KABUPATEN PURWAKARTA,UPTD PENGELOLAAN JALAN DAN JEMBATAN WILAYAH PELAYANAN III,MANTAP,BAIK,16.67,KILOMETER,2019
162,32,JAWA BARAT,3214,KABUPATEN PURWAKARTA,UPTD PENGELOLAAN JALAN DAN JEMBATAN WILAYAH PELAYANAN III,MANTAP,SEDANG,52.35,KILOMETER,2019
163,32,JAWA BARAT,3214,KABUPATEN PURWAKARTA,UPTD PENGELOLAAN JALAN DAN JEMBATAN WILAYAH PELAYANAN III,TIDAK MANTAP,RUSAK RINGAN,1.49,KILOMETER,2019
164,32,JAWA BARAT,3214,KABUPATEN PURWAKARTA,UPTD PENGELOLAAN JALAN DAN JEMBATAN WILAYAH PELAYANAN III,TIDAK MANTAP,RUSAK BERAT,0.0,KILOMETER,2019
165,32,JAWA BARAT,3215,KABUPATEN KARAWANG,UPTD PENGELOLAAN JALAN DAN JEMBATAN WILAYAH PELAYANAN III,MANTAP,BAIK,5.34,KILOMETER,2019
166,32,JAWA BARAT,3215,KABUPATEN KARAWANG,UPTD PENGELOLAAN JALAN DAN JEMBATAN WILAYAH PELAYANAN III,MANTAP,SEDANG,73.0,KILOMETER,2019
167,32,JAWA BARAT,3215,KABUPATEN KARAWANG,UPTD PENGELOLAAN JALAN DAN JEMBATAN WILAYAH PELAYANAN III,TIDAK MANTAP,RUSAK RINGAN,1.49,KILOMETER,2019
168,32,JAWA BARAT,3215,KABUPATEN KARAWANG,UPTD PENGELOLAAN JALAN DAN JEMBATAN WILAYAH PELAYANAN III,TIDAK MANTAP,RUSAK BERAT,0.0,KILOMETER,2019
169,32,JAWA BARAT,3216,KABUPATEN BEKASI,UPTD PENGELOLAAN JALAN DAN JEMBATAN WILAYAH PELAYANAN I,MANTAP,BAIK,29.33,KILOMETER,2019
170,32,JAWA BARAT,3216,KABUPATEN BEKASI,UPTD PENGELOLAAN JALAN DAN JEMBATAN WILAYAH PELAYANAN I,MANTAP,SEDANG,2.2,KILOMETER,2019
171,32,JAWA BARAT,3216,KABUPATEN BEKASI,UPTD PENGELOLAAN JALAN DAN JEMBATAN WILAYAH PELAYANAN I,TIDAK MANTAP,RUSAK RINGAN,0.0,KILOMETER,2019
172,32,JAWA BARAT,3216,KABUPATEN BEKASI,UPTD PENGELOLAAN JALAN DAN JEMBATAN WILAYAH PELAYANAN I,TIDAK MANTAP,RUSAK BERAT,0.0,KILOMETER,2019
173,32,JAWA BARAT,3217,KABUPATEN BANDUNG BARAT,UPTD PENGELOLAAN JALAN DAN JEMBATAN WILAYAH PELAYANAN III,MANTAP,BAIK,17.68,KILOMETER,2019
174,32,JAWA BARAT,3217,KABUPATEN BANDUNG BARAT,UPTD PENGELOLAAN JALAN DAN JEMBATAN WILAYAH PELAYANAN III,MANTAP,SEDANG,51.4,KILOMETER,2019
175,32,JAWA BARAT,3217,KABUPATEN BANDUNG BARAT,UPTD PENGELOLAAN JALAN DAN JEMBATAN WILAYAH PELAYANAN III,TIDAK MANTAP,RUSAK RINGAN,4.09,KILOMETER,2019
176,32,JAWA BARAT,3217,KABUPATEN BANDUNG BARAT,UPTD PENGELOLAAN JALAN DAN JEMBATAN WILAYAH PELAYANAN III,TIDAK MANTAP,RUSAK BERAT,0.0,KILOMETER,2019
177,32,JAWA BARAT,3218,KABUPATEN PANGANDARAN,UPTD PENGELOLAAN JALAN DAN JEMBATAN WILAYAH PELAYANAN V,MANTAP,BAIK,4.55,KILOMETER,2019
178,32,JAWA BARAT,3218,KABUPATEN PANGANDARAN,UPTD PENGELOLAAN JALAN DAN JEMBATAN WILAYAH PELAYANAN V,MANTAP,SEDANG,2.95,KILOMETER,2019
179,32,JAWA BARAT,3218,KABUPATEN PANGANDARAN,UPTD PENGELOLAAN JALAN DAN JEMBATAN WILAYAH PELAYANAN V,TIDAK MANTAP,RUSAK RINGAN,1.39,KILOMETER,2019
180,32,JAWA BARAT,3218,KABUPATEN PANGANDARAN,UPTD PENGELOLAAN JALAN DAN JEMBATAN WILAYAH PELAYANAN V,TIDAK MANTAP,RUSAK BERAT,0.0,KILOMETER,2019
181,32,JAWA BARAT,3271,KOTA BOGOR,UPTD PENGELOLAAN JALAN DAN JEMBATAN WILAYAH PELAYANAN I,MANTAP,BAIK,8.55,KILOMETER,2019
182,32,JAWA BARAT,3271,KOTA BOGOR,UPTD PENGELOLAAN JALAN DAN JEMBATAN WILAYAH PELAYANAN I,MANTAP,SEDANG,2.61,KILOMETER,2019
183,32,JAWA BARAT,3271,KOTA BOGOR,UPTD PENGELOLAAN JALAN DAN JEMBATAN WILAYAH PELAYANAN I,TIDAK MANTAP,RUSAK RINGAN,0.0,KILOMETER,2019
184,32,JAWA BARAT,3271,KOTA BOGOR,UPTD PENGELOLAAN JALAN DAN JEMBATAN WILAYAH PELAYANAN I,TIDAK MANTAP,RUSAK BERAT,0.0,KILOMETER,2019
185,32,JAWA BARAT,3272,KOTA SUKABUMI,UPTD PENGELOLAAN JALAN DAN JEMBATAN WILAYAH PELAYANAN II,MANTAP,BAIK,15.15,KILOMETER,2019
186,32,JAWA BARAT,3272,KOTA SUKABUMI,UPTD PENGELOLAAN JALAN DAN JEMBATAN WILAYAH PELAYANAN II,MANTAP,SEDANG,15.92,KILOMETER,2019
187,32,JAWA BARAT,3272,KOTA SUKABUMI,UPTD PENGELOLAAN JALAN DAN JEMBATAN WILAYAH PELAYANAN II,TIDAK MANTAP,RUSAK RINGAN,0.85,KILOMETER,2019
188,32,JAWA BARAT,3272,KOTA SUKABUMI,UPTD PENGELOLAAN JALAN DAN JEMBATAN WILAYAH PELAYANAN II,TIDAK MANTAP,RUSAK BERAT,1.64,KILOMETER,2019
189,32,JAWA BARAT,3273,KOTA BANDUNG,UPTD PENGELOLAAN JALAN DAN JEMBATAN WILAYAH PELAYANAN III,MANTAP,BAIK,8.86,KILOMETER,2019
190,32,JAWA BARAT,3273,KOTA BANDUNG,UPTD PENGELOLAAN JALAN DAN JEMBATAN WILAYAH PELAYANAN III,MANTAP,SEDANG,27.72,KILOMETER,2019
191,32,JAWA BARAT,3273,KOTA BANDUNG,UPTD PENGELOLAAN JALAN DAN JEMBATAN WILAYAH PELAYANAN III,TIDAK MANTAP,RUSAK RINGAN,1.87,KILOMETER,2019
192,32,JAWA BARAT,3273,KOTA BANDUNG,UPTD PENGELOLAAN JALAN DAN JEMBATAN WILAYAH PELAYANAN III,TIDAK MANTAP,RUSAK BERAT,0.0,KILOMETER,2019
193,32,JAWA BARAT,3274,KOTA CIREBON,UPTD PENGELOLAAN JALAN DAN JEMBATAN WILAYAH PELAYANAN VI,MANTAP,BAIK,4.83,KILOMETER,2019
194,32,JAWA BARAT,3274,KOTA CIREBON,UPTD PENGELOLAAN JALAN DAN JEMBATAN WILAYAH PELAYANAN VI,MANTAP,SEDANG,1.72,KILOMETER,2019
195,32,JAWA BARAT,3274,KOTA CIREBON,UPTD PENGELOLAAN JALAN DAN JEMBATAN WILAYAH PELAYANAN VI,TIDAK MANTAP,RUSAK RINGAN,0.0,KILOMETER,2019
196,32,JAWA BARAT,3274,KOTA CIREBON,UPTD PENGELOLAAN JALAN DAN JEMBATAN WILAYAH PELAYANAN VI,TIDAK MANTAP,RUSAK BERAT,0.0,KILOMETER,2019
197,32,JAWA BARAT,3275,KOTA BEKASI,UPTD PENGELOLAAN JALAN DAN JEMBATAN WILAYAH PELAYANAN I,MANTAP,BAIK,19.86,KILOMETER,2019
198,32,JAWA BARAT,3275,KOTA BEKASI,UPTD PENGELOLAAN JALAN DAN JEMBATAN WILAYAH PELAYANAN I,MANTAP,SEDANG,0.0,KILOMETER,2019
199,32,JAWA BARAT,3275,KOTA BEKASI,UPTD PENGELOLAAN JALAN DAN JEMBATAN WILAYAH PELAYANAN I,TIDAK MANTAP,RUSAK RINGAN,2.1,KILOMETER,2019
200,32,JAWA BARAT,3275,KOTA BEKASI,UPTD PENGELOLAAN JALAN DAN JEMBATAN WILAYAH PELAYANAN I,TIDAK MANTAP,RUSAK BERAT,0.0,KILOMETER,2019
201,32,JAWA BARAT,3276,KOTA DEPOK,UPTD PENGELOLAAN JALAN DAN JEMBATAN WILAYAH PELAYANAN I,MANTAP,BAIK,9.17,KILOMETER,2019
202,32,JAWA BARAT,3276,KOTA DEPOK,UPTD PENGELOLAAN JALAN DAN JEMBATAN WILAYAH PELAYANAN I,MANTAP,SEDANG,0.0,KILOMETER,2019
203,32,JAWA BARAT,3276,KOTA DEPOK,UPTD PENGELOLAAN JALAN DAN JEMBATAN WILAYAH PELAYANAN I,TIDAK MANTAP,RUSAK RINGAN,2.56,KILOMETER,2019
204,32,JAWA BARAT,3276,KOTA DEPOK,UPTD PENGELOLAAN JALAN DAN JEMBATAN WILAYAH PELAYANAN I,TIDAK MANTAP,RUSAK BERAT,0.0,KILOMETER,2019
205,32,JAWA BARAT,3277,KOTA CIMAHI,UPTD PENGELOLAAN JALAN DAN JEMBATAN WILAYAH PELAYANAN III,MANTAP,BAIK,4.67,KILOMETER,2019
206,32,JAWA BARAT,3277,KOTA CIMAHI,UPTD PENGELOLAAN JALAN DAN JEMBATAN WILAYAH PELAYANAN III,MANTAP,SEDANG,4.63,KILOMETER,2019
207,32,JAWA BARAT,3277,KOTA CIMAHI,UPTD PENGELOLAAN JALAN DAN JEMBATAN WILAYAH PELAYANAN III,TIDAK MANTAP,RUSAK RINGAN,0.06,KILOMETER,2019
208,32,JAWA BARAT,3277,KOTA CIMAHI,UPTD PENGELOLAAN JALAN DAN JEMBATAN WILAYAH PELAYANAN III,TIDAK MANTAP,RUSAK BERAT,0.0,KILOMETER,2019
209,32,JAWA BARAT,3278,KOTA TASIKMALAYA,UPTD PENGELOLAAN JALAN DAN JEMBATAN WILAYAH PELAYANAN V,MANTAP,BAIK,4.51,KILOMETER,2019
210,32,JAWA BARAT,3278,KOTA TASIKMALAYA,UPTD PENGELOLAAN JALAN DAN JEMBATAN WILAYAH PELAYANAN V,MANTAP,SEDANG,24.96,KILOMETER,2019
211,32,JAWA BARAT,3278,KOTA TASIKMALAYA,UPTD PENGELOLAAN JALAN DAN JEMBATAN WILAYAH PELAYANAN V,TIDAK MANTAP,RUSAK RINGAN,0.5,KILOMETER,2019
212,32,JAWA BARAT,3278,KOTA TASIKMALAYA,UPTD PENGELOLAAN JALAN DAN JEMBATAN WILAYAH PELAYANAN V,TIDAK MANTAP,RUSAK BERAT,0.0,KILOMETER,2019
213,32,JAWA BARAT,3279,KOTA BANJAR,UPTD PENGELOLAAN JALAN DAN JEMBATAN WILAYAH PELAYANAN V,MANTAP,BAIK,6.82,KILOMETER,2019
214,32,JAWA BARAT,3279,KOTA BANJAR,UPTD PENGELOLAAN JALAN DAN JEMBATAN WILAYAH PELAYANAN V,MANTAP,SEDANG,0.73,KILOMETER,2019
215,32,JAWA BARAT,3279,KOTA BANJAR,UPTD PENGELOLAAN JALAN DAN JEMBATAN WILAYAH PELAYANAN V,TIDAK MANTAP,RUSAK RINGAN,1.43,KILOMETER,2019
216,32,JAWA BARAT,3279,KOTA BANJAR,UPTD PENGELOLAAN JALAN DAN JEMBATAN WILAYAH PELAYANAN V,TIDAK MANTAP,RUSAK BERAT,0.0,KILOMETER,2019
217,32,JAWA BARAT,3201,KABUPATEN BOGOR,UPTD PENGELOLAAN JALAN DAN JEMBATAN WILAYAH PELAYANAN I,MANTAP,BAIK,117.66,KILOMETER,2018
218,32,JAWA BARAT,3201,KABUPATEN BOGOR,UPTD PENGELOLAAN JALAN DAN JEMBATAN WILAYAH PELAYANAN I,MANTAP,SEDANG,9.39,KILOMETER,2018
219,32,JAWA BARAT,3201,KABUPATEN BOGOR,UPTD PENGELOLAAN JALAN DAN JEMBATAN WILAYAH PELAYANAN I,TIDAK MANTAP,RUSAK RINGAN,5.76,KILOMETER,2018
220,32,JAWA BARAT,3201,KABUPATEN BOGOR,UPTD PENGELOLAAN JALAN DAN JEMBATAN WILAYAH PELAYANAN I,TIDAK MANTAP,RUSAK BERAT,0.0,KILOMETER,2018
221,32,JAWA BARAT,3202,KABUPATEN SUKABUMI,UPTD PENGELOLAAN JALAN DAN JEMBATAN WILAYAH PELAYANAN II,MANTAP,BAIK,109.09,KILOMETER,2018
222,32,JAWA BARAT,3202,KABUPATEN SUKABUMI,UPTD PENGELOLAAN JALAN DAN JEMBATAN WILAYAH PELAYANAN II,MANTAP,SEDANG,153.62,KILOMETER,2018
223,32,JAWA BARAT,3202,KABUPATEN SUKABUMI,UPTD PENGELOLAAN JALAN DAN JEMBATAN WILAYAH PELAYANAN II,TIDAK MANTAP,RUSAK RINGAN,47.91,KILOMETER,2018
224,32,JAWA BARAT,3202,KABUPATEN SUKABUMI,UPTD PENGELOLAAN JALAN DAN JEMBATAN WILAYAH PELAYANAN II,TIDAK MANTAP,RUSAK BERAT,3.3,KILOMETER,2018
225,32,JAWA BARAT,3203,KABUPATEN CIANJUR,UPTD PENGELOLAAN JALAN DAN JEMBATAN WILAYAH PELAYANAN I,MANTAP,BAIK,83.82,KILOMETER,2018
226,32,JAWA BARAT,3203,KABUPATEN CIANJUR,UPTD PENGELOLAAN JALAN DAN JEMBATAN WILAYAH PELAYANAN I,MANTAP,SEDANG,79.77,KILOMETER,2018
227,32,JAWA BARAT,3203,KABUPATEN CIANJUR,UPTD PENGELOLAAN JALAN DAN JEMBATAN WILAYAH PELAYANAN I,TIDAK MANTAP,RUSAK RINGAN,8.49,KILOMETER,2018
228,32,JAWA BARAT,3203,KABUPATEN CIANJUR,UPTD PENGELOLAAN JALAN DAN JEMBATAN WILAYAH PELAYANAN I,TIDAK MANTAP,RUSAK BERAT,14.32,KILOMETER,2018
229,32,JAWA BARAT,3204,KABUPATEN BANDUNG,UPTD PENGELOLAAN JALAN DAN JEMBATAN WILAYAH PELAYANAN III,MANTAP,BAIK,54.56,KILOMETER,2018
230,32,JAWA BARAT,3204,KABUPATEN BANDUNG,UPTD PENGELOLAAN JALAN DAN JEMBATAN WILAYAH PELAYANAN III,MANTAP,SEDANG,63.93,KILOMETER,2018
231,32,JAWA BARAT,3204,KABUPATEN BANDUNG,UPTD PENGELOLAAN JALAN DAN JEMBATAN WILAYAH PELAYANAN III,TIDAK MANTAP,RUSAK RINGAN,9.05,KILOMETER,2018
232,32,JAWA BARAT,3204,KABUPATEN BANDUNG,UPTD PENGELOLAAN JALAN DAN JEMBATAN WILAYAH PELAYANAN III,TIDAK MANTAP,RUSAK BERAT,0.0,KILOMETER,2018
233,32,JAWA BARAT,3205,KABUPATEN GARUT,UPTD PENGELOLAAN JALAN DAN JEMBATAN WILAYAH PELAYANAN IV,MANTAP,BAIK,56.6,KILOMETER,2018
234,32,JAWA BARAT,3205,KABUPATEN GARUT,UPTD PENGELOLAAN JALAN DAN JEMBATAN WILAYAH PELAYANAN IV,MANTAP,SEDANG,198.08,KILOMETER,2018
235,32,JAWA BARAT,3205,KABUPATEN GARUT,UPTD PENGELOLAAN JALAN DAN JEMBATAN WILAYAH PELAYANAN IV,TIDAK MANTAP,RUSAK RINGAN,31.36,KILOMETER,2018
236,32,JAWA BARAT,3205,KABUPATEN GARUT,UPTD PENGELOLAAN JALAN DAN JEMBATAN WILAYAH PELAYANAN IV,TIDAK MANTAP,RUSAK BERAT,0.0,KILOMETER,2018
237,32,JAWA BARAT,3206,KABUPATEN TASIKMALAYA,UPTD PENGELOLAAN JALAN DAN JEMBATAN WILAYAH PELAYANAN V,MANTAP,BAIK,56.59,KILOMETER,2018
238,32,JAWA BARAT,3206,KABUPATEN TASIKMALAYA,UPTD PENGELOLAAN JALAN DAN JEMBATAN WILAYAH PELAYANAN V,MANTAP,SEDANG,54.85,KILOMETER,2018
239,32,JAWA BARAT,3206,KABUPATEN TASIKMALAYA,UPTD PENGELOLAAN JALAN DAN JEMBATAN WILAYAH PELAYANAN V,TIDAK MANTAP,RUSAK RINGAN,12.2,KILOMETER,2018
240,32,JAWA BARAT,3206,KABUPATEN TASIKMALAYA,UPTD PENGELOLAAN JALAN DAN JEMBATAN WILAYAH PELAYANAN V,TIDAK MANTAP,RUSAK BERAT,0.0,KILOMETER,2018
241,32,JAWA BARAT,3207,KABUPATEN CIAMIS,UPTD PENGELOLAAN JALAN DAN JEMBATAN WILAYAH PELAYANAN V,MANTAP,BAIK,7.33,KILOMETER,2018
242,32,JAWA BARAT,3207,KABUPATEN CIAMIS,UPTD PENGELOLAAN JALAN DAN JEMBATAN WILAYAH PELAYANAN V,MANTAP,SEDANG,17.22,KILOMETER,2018
243,32,JAWA BARAT,3207,KABUPATEN CIAMIS,UPTD PENGELOLAAN JALAN DAN JEMBATAN WILAYAH PELAYANAN V,TIDAK MANTAP,RUSAK RINGAN,4.08,KILOMETER,2018
244,32,JAWA BARAT,3207,KABUPATEN CIAMIS,UPTD PENGELOLAAN JALAN DAN JEMBATAN WILAYAH PELAYANAN V,TIDAK MANTAP,RUSAK BERAT,0.0,KILOMETER,2018
245,32,JAWA BARAT,3208,KABUPATEN KUNINGAN,UPTD PENGELOLAAN JALAN DAN JEMBATAN WILAYAH PELAYANAN V,MANTAP,BAIK,38.85,KILOMETER,2018
246,32,JAWA BARAT,3208,KABUPATEN KUNINGAN,UPTD PENGELOLAAN JALAN DAN JEMBATAN WILAYAH PELAYANAN V,MANTAP,SEDANG,39.67,KILOMETER,2018
247,32,JAWA BARAT,3208,KABUPATEN KUNINGAN,UPTD PENGELOLAAN JALAN DAN JEMBATAN WILAYAH PELAYANAN V,TIDAK MANTAP,RUSAK RINGAN,7.8,KILOMETER,2018
248,32,JAWA BARAT,3208,KABUPATEN KUNINGAN,UPTD PENGELOLAAN JALAN DAN JEMBATAN WILAYAH PELAYANAN V,TIDAK MANTAP,RUSAK BERAT,0.0,KILOMETER,2018
249,32,JAWA BARAT,3209,KABUPATEN CIREBON,UPTD PENGELOLAAN JALAN DAN JEMBATAN WILAYAH PELAYANAN VI,MANTAP,BAIK,23.61,KILOMETER,2018
250,32,JAWA BARAT,3209,KABUPATEN CIREBON,UPTD PENGELOLAAN JALAN DAN JEMBATAN WILAYAH PELAYANAN VI,MANTAP,SEDANG,43.77,KILOMETER,2018
251,32,JAWA BARAT,3209,KABUPATEN CIREBON,UPTD PENGELOLAAN JALAN DAN JEMBATAN WILAYAH PELAYANAN VI,TIDAK MANTAP,RUSAK RINGAN,4.99,KILOMETER,2018
252,32,JAWA BARAT,3209,KABUPATEN CIREBON,UPTD PENGELOLAAN JALAN DAN JEMBATAN WILAYAH PELAYANAN VI,TIDAK MANTAP,RUSAK BERAT,0.0,KILOMETER,2018
253,32,JAWA BARAT,3210,KABUPATEN MAJALENGKA,UPTD PENGELOLAAN JALAN DAN JEMBATAN WILAYAH PELAYANAN VI,MANTAP,BAIK,59.45,KILOMETER,2018
254,32,JAWA BARAT,3210,KABUPATEN MAJALENGKA,UPTD PENGELOLAAN JALAN DAN JEMBATAN WILAYAH PELAYANAN VI,MANTAP,SEDANG,49.8,KILOMETER,2018
255,32,JAWA BARAT,3210,KABUPATEN MAJALENGKA,UPTD PENGELOLAAN JALAN DAN JEMBATAN WILAYAH PELAYANAN VI,TIDAK MANTAP,RUSAK RINGAN,16.58,KILOMETER,2018
256,32,JAWA BARAT,3210,KABUPATEN MAJALENGKA,UPTD PENGELOLAAN JALAN DAN JEMBATAN WILAYAH PELAYANAN VI,TIDAK MANTAP,RUSAK BERAT,0.0,KILOMETER,2018
257,32,JAWA BARAT,3211,KABUPATEN SUMEDANG,UPTD PENGELOLAAN JALAN DAN JEMBATAN WILAYAH PELAYANAN IV,MANTAP,BAIK,23.28,KILOMETER,2018
258,32,JAWA BARAT,3211,KABUPATEN SUMEDANG,UPTD PENGELOLAAN JALAN DAN JEMBATAN WILAYAH PELAYANAN IV,MANTAP,SEDANG,76.58,KILOMETER,2018
259,32,JAWA BARAT,3211,KABUPATEN SUMEDANG,UPTD PENGELOLAAN JALAN DAN JEMBATAN WILAYAH PELAYANAN IV,TIDAK MANTAP,RUSAK RINGAN,15.94,KILOMETER,2018
260,32,JAWA BARAT,3211,KABUPATEN SUMEDANG,UPTD PENGELOLAAN JALAN DAN JEMBATAN WILAYAH PELAYANAN IV,TIDAK MANTAP,RUSAK BERAT,0.0,KILOMETER,2018
261,32,JAWA BARAT,3212,KABUPATEN INDRAMAYU,UPTD PENGELOLAAN JALAN DAN JEMBATAN WILAYAH PELAYANAN VI,MANTAP,BAIK,66.97,KILOMETER,2018
262,32,JAWA BARAT,3212,KABUPATEN INDRAMAYU,UPTD PENGELOLAAN JALAN DAN JEMBATAN WILAYAH PELAYANAN VI,MANTAP,SEDANG,85.16,KILOMETER,2018
263,32,JAWA BARAT,3212,KABUPATEN INDRAMAYU,UPTD PENGELOLAAN JALAN DAN JEMBATAN WILAYAH PELAYANAN VI,TIDAK MANTAP,RUSAK RINGAN,5.36,KILOMETER,2018
264,32,JAWA BARAT,3212,KABUPATEN INDRAMAYU,UPTD PENGELOLAAN JALAN DAN JEMBATAN WILAYAH PELAYANAN VI,TIDAK MANTAP,RUSAK BERAT,0.0,KILOMETER,2018
265,32,JAWA BARAT,3213,KABUPATEN SUBANG,UPTD PENGELOLAAN JALAN DAN JEMBATAN WILAYAH PELAYANAN III,MANTAP,BAIK,54.49,KILOMETER,2018
266,32,JAWA BARAT,3213,KABUPATEN SUBANG,UPTD PENGELOLAAN JALAN DAN JEMBATAN WILAYAH PELAYANAN III,MANTAP,SEDANG,105.03,KILOMETER,2018
267,32,JAWA BARAT,3213,KABUPATEN SUBANG,UPTD PENGELOLAAN JALAN DAN JEMBATAN WILAYAH PELAYANAN III,TIDAK MANTAP,RUSAK RINGAN,8.66,KILOMETER,2018
268,32,JAWA BARAT,3213,KABUPATEN SUBANG,UPTD PENGELOLAAN JALAN DAN JEMBATAN WILAYAH PELAYANAN III,TIDAK MANTAP,RUSAK BERAT,0.0,KILOMETER,2018
269,32,JAWA BARAT,3214,KABUPATEN PURWAKARTA,UPTD PENGELOLAAN JALAN DAN JEMBATAN WILAYAH PELAYANAN III,MANTAP,BAIK,14.94,KILOMETER,2018
270,32,JAWA BARAT,3214,KABUPATEN PURWAKARTA,UPTD PENGELOLAAN JALAN DAN JEMBATAN WILAYAH PELAYANAN III,MANTAP,SEDANG,50.61,KILOMETER,2018
271,32,JAWA BARAT,3214,KABUPATEN PURWAKARTA,UPTD PENGELOLAAN JALAN DAN JEMBATAN WILAYAH PELAYANAN III,TIDAK MANTAP,RUSAK RINGAN,4.96,KILOMETER,2018
272,32,JAWA BARAT,3214,KABUPATEN PURWAKARTA,UPTD PENGELOLAAN JALAN DAN JEMBATAN WILAYAH PELAYANAN III,TIDAK MANTAP,RUSAK BERAT,0.0,KILOMETER,2018
273,32,JAWA BARAT,3215,KABUPATEN KARAWANG,UPTD PENGELOLAAN JALAN DAN JEMBATAN WILAYAH PELAYANAN III,MANTAP,BAIK,41.04,KILOMETER,2018
274,32,JAWA BARAT,3215,KABUPATEN KARAWANG,UPTD PENGELOLAAN JALAN DAN JEMBATAN WILAYAH PELAYANAN III,MANTAP,SEDANG,30.9,KILOMETER,2018
275,32,JAWA BARAT,3215,KABUPATEN KARAWANG,UPTD PENGELOLAAN JALAN DAN JEMBATAN WILAYAH PELAYANAN III,TIDAK MANTAP,RUSAK RINGAN,7.89,KILOMETER,2018
276,32,JAWA BARAT,3215,KABUPATEN KARAWANG,UPTD PENGELOLAAN JALAN DAN JEMBATAN WILAYAH PELAYANAN III,TIDAK MANTAP,RUSAK BERAT,0.0,KILOMETER,2018
277,32,JAWA BARAT,3216,KABUPATEN BEKASI,UPTD PENGELOLAAN JALAN DAN JEMBATAN WILAYAH PELAYANAN I,MANTAP,BAIK,29.33,KILOMETER,2018
278,32,JAWA BARAT,3216,KABUPATEN BEKASI,UPTD PENGELOLAAN JALAN DAN JEMBATAN WILAYAH PELAYANAN I,MANTAP,SEDANG,2.2,KILOMETER,2018
279,32,JAWA BARAT,3216,KABUPATEN BEKASI,UPTD PENGELOLAAN JALAN DAN JEMBATAN WILAYAH PELAYANAN I,TIDAK MANTAP,RUSAK RINGAN,0.0,KILOMETER,2018
280,32,JAWA BARAT,3216,KABUPATEN BEKASI,UPTD PENGELOLAAN JALAN DAN JEMBATAN WILAYAH PELAYANAN I,TIDAK MANTAP,RUSAK BERAT,0.0,KILOMETER,2018
281,32,JAWA BARAT,3217,KABUPATEN BANDUNG BARAT,UPTD PENGELOLAAN JALAN DAN JEMBATAN WILAYAH PELAYANAN III,MANTAP,BAIK,30.47,KILOMETER,2018
282,32,JAWA BARAT,3217,KABUPATEN BANDUNG BARAT,UPTD PENGELOLAAN JALAN DAN JEMBATAN WILAYAH PELAYANAN III,MANTAP,SEDANG,40.16,KILOMETER,2018
283,32,JAWA BARAT,3217,KABUPATEN BANDUNG BARAT,UPTD PENGELOLAAN JALAN DAN JEMBATAN WILAYAH PELAYANAN III,TIDAK MANTAP,RUSAK RINGAN,2.54,KILOMETER,2018
284,32,JAWA BARAT,3217,KABUPATEN BANDUNG BARAT,UPTD PENGELOLAAN JALAN DAN JEMBATAN WILAYAH PELAYANAN III,TIDAK MANTAP,RUSAK BERAT,0.0,KILOMETER,2018
285,32,JAWA BARAT,3218,KABUPATEN PANGANDARAN,UPTD PENGELOLAAN JALAN DAN JEMBATAN WILAYAH PELAYANAN V,MANTAP,BAIK,4.55,KILOMETER,2018
286,32,JAWA BARAT,3218,KABUPATEN PANGANDARAN,UPTD PENGELOLAAN JALAN DAN JEMBATAN WILAYAH PELAYANAN V,MANTAP,SEDANG,2.95,KILOMETER,2018
287,32,JAWA BARAT,3218,KABUPATEN PANGANDARAN,UPTD PENGELOLAAN JALAN DAN JEMBATAN WILAYAH PELAYANAN V,TIDAK MANTAP,RUSAK RINGAN,1.39,KILOMETER,2018
288,32,JAWA BARAT,3218,KABUPATEN PANGANDARAN,UPTD PENGELOLAAN JALAN DAN JEMBATAN WILAYAH PELAYANAN V,TIDAK MANTAP,RUSAK BERAT,0.0,KILOMETER,2018
289,32,JAWA BARAT,3271,KOTA BOGOR,UPTD PENGELOLAAN JALAN DAN JEMBATAN WILAYAH PELAYANAN I,MANTAP,BAIK,8.55,KILOMETER,2018
290,32,JAWA BARAT,3271,KOTA BOGOR,UPTD PENGELOLAAN JALAN DAN JEMBATAN WILAYAH PELAYANAN I,MANTAP,SEDANG,2.61,KILOMETER,2018
291,32,JAWA BARAT,3271,KOTA BOGOR,UPTD PENGELOLAAN JALAN DAN JEMBATAN WILAYAH PELAYANAN I,TIDAK MANTAP,RUSAK RINGAN,0.0,KILOMETER,2018
292,32,JAWA BARAT,3271,KOTA BOGOR,UPTD PENGELOLAAN JALAN DAN JEMBATAN WILAYAH PELAYANAN I,TIDAK MANTAP,RUSAK BERAT,0.0,KILOMETER,2018
293,32,JAWA BARAT,3272,KOTA SUKABUMI,UPTD PENGELOLAAN JALAN DAN JEMBATAN WILAYAH PELAYANAN II,MANTAP,BAIK,12.86,KILOMETER,2018
294,32,JAWA BARAT,3272,KOTA SUKABUMI,UPTD PENGELOLAAN JALAN DAN JEMBATAN WILAYAH PELAYANAN II,MANTAP,SEDANG,18.06,KILOMETER,2018
295,32,JAWA BARAT,3272,KOTA SUKABUMI,UPTD PENGELOLAAN JALAN DAN JEMBATAN WILAYAH PELAYANAN II,TIDAK MANTAP,RUSAK RINGAN,1.0,KILOMETER,2018
296,32,JAWA BARAT,3272,KOTA SUKABUMI,UPTD PENGELOLAAN JALAN DAN JEMBATAN WILAYAH PELAYANAN II,TIDAK MANTAP,RUSAK BERAT,1.64,KILOMETER,2018
297,32,JAWA BARAT,3273,KOTA BANDUNG,UPTD PENGELOLAAN JALAN DAN JEMBATAN WILAYAH PELAYANAN III,MANTAP,BAIK,13.17,KILOMETER,2018
298,32,JAWA BARAT,3273,KOTA BANDUNG,UPTD PENGELOLAAN JALAN DAN JEMBATAN WILAYAH PELAYANAN III,MANTAP,SEDANG,24.92,KILOMETER,2018
299,32,JAWA BARAT,3273,KOTA BANDUNG,UPTD PENGELOLAAN JALAN DAN JEMBATAN WILAYAH PELAYANAN III,TIDAK MANTAP,RUSAK RINGAN,0.35,KILOMETER,2018
300,32,JAWA BARAT,3273,KOTA BANDUNG,UPTD PENGELOLAAN JALAN DAN JEMBATAN WILAYAH PELAYANAN III,TIDAK MANTAP,RUSAK BERAT,0.0,KILOMETER,2018
301,32,JAWA BARAT,3274,KOTA CIREBON,UPTD PENGELOLAAN JALAN DAN JEMBATAN WILAYAH PELAYANAN VI,MANTAP,BAIK,2.8,KILOMETER,2018
302,32,JAWA BARAT,3274,KOTA CIREBON,UPTD PENGELOLAAN JALAN DAN JEMBATAN WILAYAH PELAYANAN VI,MANTAP,SEDANG,3.75,KILOMETER,2018
303,32,JAWA BARAT,3274,KOTA CIREBON,UPTD PENGELOLAAN JALAN DAN JEMBATAN WILAYAH PELAYANAN VI,TIDAK MANTAP,RUSAK RINGAN,0.0,KILOMETER,2018
304,32,JAWA BARAT,3274,KOTA CIREBON,UPTD PENGELOLAAN JALAN DAN JEMBATAN WILAYAH PELAYANAN VI,TIDAK MANTAP,RUSAK BERAT,0.0,KILOMETER,2018
305,32,JAWA BARAT,3275,KOTA BEKASI,UPTD PENGELOLAAN JALAN DAN JEMBATAN WILAYAH PELAYANAN I,MANTAP,BAIK,19.86,KILOMETER,2018
306,32,JAWA BARAT,3275,KOTA BEKASI,UPTD PENGELOLAAN JALAN DAN JEMBATAN WILAYAH PELAYANAN I,MANTAP,SEDANG,0.0,KILOMETER,2018
307,32,JAWA BARAT,3275,KOTA BEKASI,UPTD PENGELOLAAN JALAN DAN JEMBATAN WILAYAH PELAYANAN I,TIDAK MANTAP,RUSAK RINGAN,2.1,KILOMETER,2018
308,32,JAWA BARAT,3275,KOTA BEKASI,UPTD PENGELOLAAN JALAN DAN JEMBATAN WILAYAH PELAYANAN I,TIDAK MANTAP,RUSAK BERAT,0.0,KILOMETER,2018
309,32,JAWA BARAT,3276,KOTA DEPOK,UPTD PENGELOLAAN JALAN DAN JEMBATAN WILAYAH PELAYANAN I,MANTAP,BAIK,9.17,KILOMETER,2018
310,32,JAWA BARAT,3276,KOTA DEPOK,UPTD PENGELOLAAN JALAN DAN JEMBATAN WILAYAH PELAYANAN I,MANTAP,SEDANG,0.0,KILOMETER,2018
311,32,JAWA BARAT,3276,KOTA DEPOK,UPTD PENGELOLAAN JALAN DAN JEMBATAN WILAYAH PELAYANAN I,TIDAK MANTAP,RUSAK RINGAN,2.56,KILOMETER,2018
312,32,JAWA BARAT,3276,KOTA DEPOK,UPTD PENGELOLAAN JALAN DAN JEMBATAN WILAYAH PELAYANAN I,TIDAK MANTAP,RUSAK BERAT,0.0,KILOMETER,2018
313,32,JAWA BARAT,3277,KOTA CIMAHI,UPTD PENGELOLAAN JALAN DAN JEMBATAN WILAYAH PELAYANAN III,MANTAP,BAIK,5.04,KILOMETER,2018
314,32,JAWA BARAT,3277,KOTA CIMAHI,UPTD PENGELOLAAN JALAN DAN JEMBATAN WILAYAH PELAYANAN III,MANTAP,SEDANG,4.32,KILOMETER,2018
315,32,JAWA BARAT,3277,KOTA CIMAHI,UPTD PENGELOLAAN JALAN DAN JEMBATAN WILAYAH PELAYANAN III,TIDAK MANTAP,RUSAK RINGAN,0.0,KILOMETER,2018
316,32,JAWA BARAT,3277,KOTA CIMAHI,UPTD PENGELOLAAN JALAN DAN JEMBATAN WILAYAH PELAYANAN III,TIDAK MANTAP,RUSAK BERAT,0.0,KILOMETER,2018
317,32,JAWA BARAT,3278,KOTA TASIKMALAYA,UPTD PENGELOLAAN JALAN DAN JEMBATAN WILAYAH PELAYANAN V,MANTAP,BAIK,4.51,KILOMETER,2018
318,32,JAWA BARAT,3278,KOTA TASIKMALAYA,UPTD PENGELOLAAN JALAN DAN JEMBATAN WILAYAH PELAYANAN V,MANTAP,SEDANG,24.05,KILOMETER,2018
319,32,JAWA BARAT,3278,KOTA TASIKMALAYA,UPTD PENGELOLAAN JALAN DAN JEMBATAN WILAYAH PELAYANAN V,TIDAK MANTAP,RUSAK RINGAN,1.4,KILOMETER,2018
320,32,JAWA BARAT,3278,KOTA TASIKMALAYA,UPTD PENGELOLAAN JALAN DAN JEMBATAN WILAYAH PELAYANAN V,TIDAK MANTAP,RUSAK BERAT,0.0,KILOMETER,2018
321,32,JAWA BARAT,3279,KOTA BANJAR,UPTD PENGELOLAAN JALAN DAN JEMBATAN WILAYAH PELAYANAN V,MANTAP,BAIK,5.8,KILOMETER,2018
322,32,JAWA BARAT,3279,KOTA BANJAR,UPTD PENGELOLAAN JALAN DAN JEMBATAN WILAYAH PELAYANAN V,MANTAP,SEDANG,0.83,KILOMETER,2018
323,32,JAWA BARAT,3279,KOTA BANJAR,UPTD PENGELOLAAN JALAN DAN JEMBATAN WILAYAH PELAYANAN V,TIDAK MANTAP,RUSAK RINGAN,2.34,KILOMETER,2018
324,32,JAWA BARAT,3279,KOTA BANJAR,UPTD PENGELOLAAN JALAN DAN JEMBATAN WILAYAH PELAYANAN V,TIDAK MANTAP,RUSAK BERAT,0.0,KILOMETER,2018
325,32,JAWA BARAT,3201,KABUPATEN BOGOR,UPTD PENGELOLAAN JALAN DAN JEMBATAN WILAYAH PELAYANAN I,MANTAP,BAIK,117.66,KILOMETER,2019
326,32,JAWA BARAT,3201,KABUPATEN BOGOR,UPTD PENGELOLAAN JALAN DAN JEMBATAN WILAYAH PELAYANAN I,MANTAP,SEDANG,9.39,KILOMETER,2019
327,32,JAWA BARAT,3201,KABUPATEN BOGOR,UPTD PENGELOLAAN JALAN DAN JEMBATAN WILAYAH PELAYANAN I,TIDAK MANTAP,RUSAK RINGAN,5.76,KILOMETER,2019
328,32,JAWA BARAT,3201,KABUPATEN BOGOR,UPTD PENGELOLAAN JALAN DAN JEMBATAN WILAYAH PELAYANAN I,TIDAK MANTAP,RUSAK BERAT,0.0,KILOMETER,2019
329,32,JAWA BARAT,3202,KABUPATEN SUKABUMI,UPTD PENGELOLAAN JALAN DAN JEMBATAN WILAYAH PELAYANAN II,MANTAP,BAIK,152.73,KILOMETER,2019
330,32,JAWA BARAT,3202,KABUPATEN SUKABUMI,UPTD PENGELOLAAN JALAN DAN JEMBATAN WILAYAH PELAYANAN II,MANTAP,SEDANG,116.92,KILOMETER,2019
331,32,JAWA BARAT,3202,KABUPATEN SUKABUMI,UPTD PENGELOLAAN JALAN DAN JEMBATAN WILAYAH PELAYANAN II,TIDAK MANTAP,RUSAK RINGAN,42.73,KILOMETER,2019
332,32,JAWA BARAT,3202,KABUPATEN SUKABUMI,UPTD PENGELOLAAN JALAN DAN JEMBATAN WILAYAH PELAYANAN II,TIDAK MANTAP,RUSAK BERAT,1.54,KILOMETER,2019
333,32,JAWA BARAT,3203,KABUPATEN CIANJUR,UPTD PENGELOLAAN JALAN DAN JEMBATAN WILAYAH PELAYANAN I,MANTAP,BAIK,83.82,KILOMETER,2019
334,32,JAWA BARAT,3203,KABUPATEN CIANJUR,UPTD PENGELOLAAN JALAN DAN JEMBATAN WILAYAH PELAYANAN I,MANTAP,SEDANG,79.77,KILOMETER,2019
335,32,JAWA BARAT,3203,KABUPATEN CIANJUR,UPTD PENGELOLAAN JALAN DAN JEMBATAN WILAYAH PELAYANAN I,TIDAK MANTAP,RUSAK RINGAN,8.49,KILOMETER,2019
336,32,JAWA BARAT,3203,KABUPATEN CIANJUR,UPTD PENGELOLAAN JALAN DAN JEMBATAN WILAYAH PELAYANAN I,TIDAK MANTAP,RUSAK BERAT,14.32,KILOMETER,2019
337,32,JAWA BARAT,3204,KABUPATEN BANDUNG,UPTD PENGELOLAAN JALAN DAN JEMBATAN WILAYAH PELAYANAN III,MANTAP,BAIK,23.21,KILOMETER,2019
338,32,JAWA BARAT,3204,KABUPATEN BANDUNG,UPTD PENGELOLAAN JALAN DAN JEMBATAN WILAYAH PELAYANAN III,MANTAP,SEDANG,102.83,KILOMETER,2019
339,32,JAWA BARAT,3204,KABUPATEN BANDUNG,UPTD PENGELOLAAN JALAN DAN JEMBATAN WILAYAH PELAYANAN III,TIDAK MANTAP,RUSAK RINGAN,1.49,KILOMETER,2019
340,32,JAWA BARAT,3204,KABUPATEN BANDUNG,UPTD PENGELOLAAN JALAN DAN JEMBATAN WILAYAH PELAYANAN III,TIDAK MANTAP,RUSAK BERAT,0.0,KILOMETER,2019
341,32,JAWA BARAT,3205,KABUPATEN GARUT,UPTD PENGELOLAAN JALAN DAN JEMBATAN WILAYAH PELAYANAN IV,MANTAP,BAIK,70.88,KILOMETER,2019
342,32,JAWA BARAT,3205,KABUPATEN GARUT,UPTD PENGELOLAAN JALAN DAN JEMBATAN WILAYAH PELAYANAN IV,MANTAP,SEDANG,183.55,KILOMETER,2019
343,32,JAWA BARAT,3205,KABUPATEN GARUT,UPTD PENGELOLAAN JALAN DAN JEMBATAN WILAYAH PELAYANAN IV,TIDAK MANTAP,RUSAK RINGAN,31.6,KILOMETER,2019
344,32,JAWA BARAT,3205,KABUPATEN GARUT,UPTD PENGELOLAAN JALAN DAN JEMBATAN WILAYAH PELAYANAN IV,TIDAK MANTAP,RUSAK BERAT,0.0,KILOMETER,2019
345,32,JAWA BARAT,3206,KABUPATEN TASIKMALAYA,UPTD PENGELOLAAN JALAN DAN JEMBATAN WILAYAH PELAYANAN V,MANTAP,BAIK,63.14,KILOMETER,2019
346,32,JAWA BARAT,3206,KABUPATEN TASIKMALAYA,UPTD PENGELOLAAN JALAN DAN JEMBATAN WILAYAH PELAYANAN V,MANTAP,SEDANG,48.3,KILOMETER,2019
347,32,JAWA BARAT,3206,KABUPATEN TASIKMALAYA,UPTD PENGELOLAAN JALAN DAN JEMBATAN WILAYAH PELAYANAN V,TIDAK MANTAP,RUSAK RINGAN,12.21,KILOMETER,2019
348,32,JAWA BARAT,3206,KABUPATEN TASIKMALAYA,UPTD PENGELOLAAN JALAN DAN JEMBATAN WILAYAH PELAYANAN V,TIDAK MANTAP,RUSAK BERAT,0.0,KILOMETER,2019
349,32,JAWA BARAT,3207,KABUPATEN CIAMIS,UPTD PENGELOLAAN JALAN DAN JEMBATAN WILAYAH PELAYANAN V,MANTAP,BAIK,8.81,KILOMETER,2019
350,32,JAWA BARAT,3207,KABUPATEN CIAMIS,UPTD PENGELOLAAN JALAN DAN JEMBATAN WILAYAH PELAYANAN V,MANTAP,SEDANG,16.72,KILOMETER,2019
351,32,JAWA BARAT,3207,KABUPATEN CIAMIS,UPTD PENGELOLAAN JALAN DAN JEMBATAN WILAYAH PELAYANAN V,TIDAK MANTAP,RUSAK RINGAN,3.1,KILOMETER,2019
352,32,JAWA BARAT,3207,KABUPATEN CIAMIS,UPTD PENGELOLAAN JALAN DAN JEMBATAN WILAYAH PELAYANAN V,TIDAK MANTAP,RUSAK BERAT,0.0,KILOMETER,2019
353,32,JAWA BARAT,3208,KABUPATEN KUNINGAN,UPTD PENGELOLAAN JALAN DAN JEMBATAN WILAYAH PELAYANAN V,MANTAP,BAIK,41.37,KILOMETER,2019
354,32,JAWA BARAT,3208,KABUPATEN KUNINGAN,UPTD PENGELOLAAN JALAN DAN JEMBATAN WILAYAH PELAYANAN V,MANTAP,SEDANG,39.15,KILOMETER,2019
355,32,JAWA BARAT,3208,KABUPATEN KUNINGAN,UPTD PENGELOLAAN JALAN DAN JEMBATAN WILAYAH PELAYANAN V,TIDAK MANTAP,RUSAK RINGAN,5.8,KILOMETER,2019
356,32,JAWA BARAT,3208,KABUPATEN KUNINGAN,UPTD PENGELOLAAN JALAN DAN JEMBATAN WILAYAH PELAYANAN V,TIDAK MANTAP,RUSAK BERAT,0.0,KILOMETER,2019
357,32,JAWA BARAT,3209,KABUPATEN CIREBON,UPTD PENGELOLAAN JALAN DAN JEMBATAN WILAYAH PELAYANAN VI,MANTAP,BAIK,31.79,KILOMETER,2019
358,32,JAWA BARAT,3209,KABUPATEN CIREBON,UPTD PENGELOLAAN JALAN DAN JEMBATAN WILAYAH PELAYANAN VI,MANTAP,SEDANG,38.12,KILOMETER,2019
359,32,JAWA BARAT,3209,KABUPATEN CIREBON,UPTD PENGELOLAAN JALAN DAN JEMBATAN WILAYAH PELAYANAN VI,TIDAK MANTAP,RUSAK RINGAN,2.47,KILOMETER,2019
360,32,JAWA BARAT,3209,KABUPATEN CIREBON,UPTD PENGELOLAAN JALAN DAN JEMBATAN WILAYAH PELAYANAN VI,TIDAK MANTAP,RUSAK BERAT,0.0,KILOMETER,2019
361,32,JAWA BARAT,3210,KABUPATEN MAJALENGKA,UPTD PENGELOLAAN JALAN DAN JEMBATAN WILAYAH PELAYANAN VI,MANTAP,BAIK,68.11,KILOMETER,2019
362,32,JAWA BARAT,3210,KABUPATEN MAJALENGKA,UPTD PENGELOLAAN JALAN DAN JEMBATAN WILAYAH PELAYANAN VI,MANTAP,SEDANG,42.74,KILOMETER,2019
363,32,JAWA BARAT,3210,KABUPATEN MAJALENGKA,UPTD PENGELOLAAN JALAN DAN JEMBATAN WILAYAH PELAYANAN VI,TIDAK MANTAP,RUSAK RINGAN,14.98,KILOMETER,2019
364,32,JAWA BARAT,3210,KABUPATEN MAJALENGKA,UPTD PENGELOLAAN JALAN DAN JEMBATAN WILAYAH PELAYANAN VI,TIDAK MANTAP,RUSAK BERAT,0.0,KILOMETER,2019
365,32,JAWA BARAT,3211,KABUPATEN SUMEDANG,UPTD PENGELOLAAN JALAN DAN JEMBATAN WILAYAH PELAYANAN IV,MANTAP,BAIK,17.57,KILOMETER,2019
366,32,JAWA BARAT,3211,KABUPATEN SUMEDANG,UPTD PENGELOLAAN JALAN DAN JEMBATAN WILAYAH PELAYANAN IV,MANTAP,SEDANG,86.73,KILOMETER,2019
367,32,JAWA BARAT,3211,KABUPATEN SUMEDANG,UPTD PENGELOLAAN JALAN DAN JEMBATAN WILAYAH PELAYANAN IV,TIDAK MANTAP,RUSAK RINGAN,11.5,KILOMETER,2019
368,32,JAWA BARAT,3211,KABUPATEN SUMEDANG,UPTD PENGELOLAAN JALAN DAN JEMBATAN WILAYAH PELAYANAN IV,TIDAK MANTAP,RUSAK BERAT,0.0,KILOMETER,2019
369,32,JAWA BARAT,3212,KABUPATEN INDRAMAYU,UPTD PENGELOLAAN JALAN DAN JEMBATAN WILAYAH PELAYANAN VI,MANTAP,BAIK,101.61,KILOMETER,2019
370,32,JAWA BARAT,3212,KABUPATEN INDRAMAYU,UPTD PENGELOLAAN JALAN DAN JEMBATAN WILAYAH PELAYANAN VI,MANTAP,SEDANG,46.53,KILOMETER,2019
371,32,JAWA BARAT,3212,KABUPATEN INDRAMAYU,UPTD PENGELOLAAN JALAN DAN JEMBATAN WILAYAH PELAYANAN VI,TIDAK MANTAP,RUSAK RINGAN,9.35,KILOMETER,2019
372,32,JAWA BARAT,3212,KABUPATEN INDRAMAYU,UPTD PENGELOLAAN JALAN DAN JEMBATAN WILAYAH PELAYANAN VI,TIDAK MANTAP,RUSAK BERAT,0.0,KILOMETER,2019
373,32,JAWA BARAT,3213,KABUPATEN SUBANG,UPTD PENGELOLAAN JALAN DAN JEMBATAN WILAYAH PELAYANAN III,MANTAP,BAIK,15.0,KILOMETER,2019
374,32,JAWA BARAT,3213,KABUPATEN SUBANG,UPTD PENGELOLAAN JALAN DAN JEMBATAN WILAYAH PELAYANAN III,MANTAP,SEDANG,146.84,KILOMETER,2019
375,32,JAWA BARAT,3213,KABUPATEN SUBANG,UPTD PENGELOLAAN JALAN DAN JEMBATAN WILAYAH PELAYANAN III,TIDAK MANTAP,RUSAK RINGAN,6.34,KILOMETER,2019
376,32,JAWA BARAT,3213,KABUPATEN SUBANG,UPTD PENGELOLAAN JALAN DAN JEMBATAN WILAYAH PELAYANAN III,TIDAK MANTAP,RUSAK BERAT,0.0,KILOMETER,2019
377,32,JAWA BARAT,3214,KABUPATEN PURWAKARTA,UPTD PENGELOLAAN JALAN DAN JEMBATAN WILAYAH PELAYANAN III,MANTAP,BAIK,16.67,KILOMETER,2019
378,32,JAWA BARAT,3214,KABUPATEN PURWAKARTA,UPTD PENGELOLAAN JALAN DAN JEMBATAN WILAYAH PELAYANAN III,MANTAP,SEDANG,52.35,KILOMETER,2019
379,32,JAWA BARAT,3214,KABUPATEN PURWAKARTA,UPTD PENGELOLAAN JALAN DAN JEMBATAN WILAYAH PELAYANAN III,TIDAK MANTAP,RUSAK RINGAN,1.49,KILOMETER,2019
380,32,JAWA BARAT,3214,KABUPATEN PURWAKARTA,UPTD PENGELOLAAN JALAN DAN JEMBATAN WILAYAH PELAYANAN III,TIDAK MANTAP,RUSAK BERAT,0.0,KILOMETER,2019
381,32,JAWA BARAT,3215,KABUPATEN KARAWANG,UPTD PENGELOLAAN JALAN DAN JEMBATAN WILAYAH PELAYANAN III,MANTAP,BAIK,5.34,KILOMETER,2019
382,32,JAWA BARAT,3215,KABUPATEN KARAWANG,UPTD PENGELOLAAN JALAN DAN JEMBATAN WILAYAH PELAYANAN III,MANTAP,SEDANG,73.0,KILOMETER,2019
383,32,JAWA BARAT,3215,KABUPATEN KARAWANG,UPTD PENGELOLAAN JALAN DAN JEMBATAN WILAYAH PELAYANAN III,TIDAK MANTAP,RUSAK RINGAN,1.49,KILOMETER,2019
384,32,JAWA BARAT,3215,KABUPATEN KARAWANG,UPTD PENGELOLAAN JALAN DAN JEMBATAN WILAYAH PELAYANAN III,TIDAK MANTAP,RUSAK BERAT,0.0,KILOMETER,2019
385,32,JAWA BARAT,3216,KABUPATEN BEKASI,UPTD PENGELOLAAN JALAN DAN JEMBATAN WILAYAH PELAYANAN I,MANTAP,BAIK,29.33,KILOMETER,2019
386,32,JAWA BARAT,3216,KABUPATEN BEKASI,UPTD PENGELOLAAN JALAN DAN JEMBATAN WILAYAH PELAYANAN I,MANTAP,SEDANG,2.2,KILOMETER,2019
387,32,JAWA BARAT,3216,KABUPATEN BEKASI,UPTD PENGELOLAAN JALAN DAN JEMBATAN WILAYAH PELAYANAN I,TIDAK MANTAP,RUSAK RINGAN,0.0,KILOMETER,2019
388,32,JAWA BARAT,3216,KABUPATEN BEKASI,UPTD PENGELOLAAN JALAN DAN JEMBATAN WILAYAH PELAYANAN I,TIDAK MANTAP,RUSAK BERAT,0.0,KILOMETER,2019
389,32,JAWA BARAT,3217,KABUPATEN BANDUNG BARAT,UPTD PENGELOLAAN JALAN DAN JEMBATAN WILAYAH PELAYANAN III,MANTAP,BAIK,17.68,KILOMETER,2019
390,32,JAWA BARAT,3217,KABUPATEN BANDUNG BARAT,UPTD PENGELOLAAN JALAN DAN JEMBATAN WILAYAH PELAYANAN III,MANTAP,SEDANG,51.4,KILOMETER,2019
391,32,JAWA BARAT,3217,KABUPATEN BANDUNG BARAT,UPTD PENGELOLAAN JALAN DAN JEMBATAN WILAYAH PELAYANAN III,TIDAK MANTAP,RUSAK RINGAN,4.09,KILOMETER,2019
392,32,JAWA BARAT,3217,KABUPATEN BANDUNG BARAT,UPTD PENGELOLAAN JALAN DAN JEMBATAN WILAYAH PELAYANAN III,TIDAK MANTAP,RUSAK BERAT,0.0,KILOMETER,2019
393,32,JAWA BARAT,3218,KABUPATEN PANGANDARAN,UPTD PENGELOLAAN JALAN DAN JEMBATAN WILAYAH PELAYANAN V,MANTAP,BAIK,4.55,KILOMETER,2019
394,32,JAWA BARAT,3218,KABUPATEN PANGANDARAN,UPTD PENGELOLAAN JALAN DAN JEMBATAN WILAYAH PELAYANAN V,MANTAP,SEDANG,2.95,KILOMETER,2019
395,32,JAWA BARAT,3218,KABUPATEN PANGANDARAN,UPTD PENGELOLAAN JALAN DAN JEMBATAN WILAYAH PELAYANAN V,TIDAK MANTAP,RUSAK RINGAN,1.39,KILOMETER,2019
396,32,JAWA BARAT,3218,KABUPATEN PANGANDARAN,UPTD PENGELOLAAN JALAN DAN JEMBATAN WILAYAH PELAYANAN V,TIDAK MANTAP,RUSAK BERAT,0.0,KILOMETER,2019
397,32,JAWA BARAT,3271,KOTA BOGOR,UPTD PENGELOLAAN JALAN DAN JEMBATAN WILAYAH PELAYANAN I,MANTAP,BAIK,8.55,KILOMETER,2019
398,32,JAWA BARAT,3271,KOTA BOGOR,UPTD PENGELOLAAN JALAN DAN JEMBATAN WILAYAH PELAYANAN I,MANTAP,SEDANG,2.61,KILOMETER,2019
399,32,JAWA BARAT,3271,KOTA BOGOR,UPTD PENGELOLAAN JALAN DAN JEMBATAN WILAYAH PELAYANAN I,TIDAK MANTAP,RUSAK RINGAN,0.0,KILOMETER,2019
400,32,JAWA BARAT,3271,KOTA BOGOR,UPTD PENGELOLAAN JALAN DAN JEMBATAN WILAYAH PELAYANAN I,TIDAK MANTAP,RUSAK BERAT,0.0,KILOMETER,2019
401,32,JAWA BARAT,3272,KOTA SUKABUMI,UPTD PENGELOLAAN JALAN DAN JEMBATAN WILAYAH PELAYANAN II,MANTAP,BAIK,15.15,KILOMETER,2019
402,32,JAWA BARAT,3272,KOTA SUKABUMI,UPTD PENGELOLAAN JALAN DAN JEMBATAN WILAYAH PELAYANAN II,MANTAP,SEDANG,15.92,KILOMETER,2019
403,32,JAWA BARAT,3272,KOTA SUKABUMI,UPTD PENGELOLAAN JALAN DAN JEMBATAN WILAYAH PELAYANAN II,TIDAK MANTAP,RUSAK RINGAN,0.85,KILOMETER,2019
404,32,JAWA BARAT,3272,KOTA SUKABUMI,UPTD PENGELOLAAN JALAN DAN JEMBATAN WILAYAH PELAYANAN II,TIDAK MANTAP,RUSAK BERAT,1.64,KILOMETER,2019
405,32,JAWA BARAT,3273,KOTA BANDUNG,UPTD PENGELOLAAN JALAN DAN JEMBATAN WILAYAH PELAYANAN III,MANTAP,BAIK,8.86,KILOMETER,2019
406,32,JAWA BARAT,3273,KOTA BANDUNG,UPTD PENGELOLAAN JALAN DAN JEMBATAN WILAYAH PELAYANAN III,MANTAP,SEDANG,27.72,KILOMETER,2019
407,32,JAWA BARAT,3273,KOTA BANDUNG,UPTD PENGELOLAAN JALAN DAN JEMBATAN WILAYAH PELAYANAN III,TIDAK MANTAP,RUSAK RINGAN,1.87,KILOMETER,2019
408,32,JAWA BARAT,3273,KOTA BANDUNG,UPTD PENGELOLAAN JALAN DAN JEMBATAN WILAYAH PELAYANAN III,TIDAK MANTAP,RUSAK BERAT,0.0,KILOMETER,2019
409,32,JAWA BARAT,3274,KOTA CIREBON,UPTD PENGELOLAAN JALAN DAN JEMBATAN WILAYAH PELAYANAN VI,MANTAP,BAIK,4.83,KILOMETER,2019
410,32,JAWA BARAT,3274,KOTA CIREBON,UPTD PENGELOLAAN JALAN DAN JEMBATAN WILAYAH PELAYANAN VI,MANTAP,SEDANG,1.72,KILOMETER,2019
411,32,JAWA BARAT,3274,KOTA CIREBON,UPTD PENGELOLAAN JALAN DAN JEMBATAN WILAYAH PELAYANAN VI,TIDAK MANTAP,RUSAK RINGAN,0.0,KILOMETER,2019
412,32,JAWA BARAT,3274,KOTA CIREBON,UPTD PENGELOLAAN JALAN DAN JEMBATAN WILAYAH PELAYANAN VI,TIDAK MANTAP,RUSAK BERAT,0.0,KILOMETER,2019
413,32,JAWA BARAT,3275,KOTA BEKASI,UPTD PENGELOLAAN JALAN DAN JEMBATAN WILAYAH PELAYANAN I,MANTAP,BAIK,19.86,KILOMETER,2019
414,32,JAWA BARAT,3275,KOTA BEKASI,UPTD PENGELOLAAN JALAN DAN JEMBATAN WILAYAH PELAYANAN I,MANTAP,SEDANG,0.0,KILOMETER,2019
415,32,JAWA BARAT,3275,KOTA BEKASI,UPTD PENGELOLAAN JALAN DAN JEMBATAN WILAYAH PELAYANAN I,TIDAK MANTAP,RUSAK RINGAN,2.1,KILOMETER,2019
416,32,JAWA BARAT,3275,KOTA BEKASI,UPTD PENGELOLAAN JALAN DAN JEMBATAN WILAYAH PELAYANAN I,TIDAK MANTAP,RUSAK BERAT,0.0,KILOMETER,2019
417,32,JAWA BARAT,3276,KOTA DEPOK,UPTD PENGELOLAAN JALAN DAN JEMBATAN WILAYAH PELAYANAN I,MANTAP,BAIK,9.17,KILOMETER,2019
418,32,JAWA BARAT,3276,KOTA DEPOK,UPTD PENGELOLAAN JALAN DAN JEMBATAN WILAYAH PELAYANAN I,MANTAP,SEDANG,0.0,KILOMETER,2019
419,32,JAWA BARAT,3276,KOTA DEPOK,UPTD PENGELOLAAN JALAN DAN JEMBATAN WILAYAH PELAYANAN I,TIDAK MANTAP,RUSAK RINGAN,2.56,KILOMETER,2019
420,32,JAWA BARAT,3276,KOTA DEPOK,UPTD PENGELOLAAN JALAN DAN JEMBATAN WILAYAH PELAYANAN I,TIDAK MANTAP,RUSAK BERAT,0.0,KILOMETER,2019
421,32,JAWA BARAT,3277,KOTA CIMAHI,UPTD PENGELOLAAN JALAN DAN JEMBATAN WILAYAH PELAYANAN III,MANTAP,BAIK,4.67,KILOMETER,2019
422,32,JAWA BARAT,3277,KOTA CIMAHI,UPTD PENGELOLAAN JALAN DAN JEMBATAN WILAYAH PELAYANAN III,MANTAP,SEDANG,4.63,KILOMETER,2019
423,32,JAWA BARAT,3277,KOTA CIMAHI,UPTD PENGELOLAAN JALAN DAN JEMBATAN WILAYAH PELAYANAN III,TIDAK MANTAP,RUSAK RINGAN,0.06,KILOMETER,2019
424,32,JAWA BARAT,3277,KOTA CIMAHI,UPTD PENGELOLAAN JALAN DAN JEMBATAN WILAYAH PELAYANAN III,TIDAK MANTAP,RUSAK BERAT,0.0,KILOMETER,2019
425,32,JAWA BARAT,3278,KOTA TASIKMALAYA,UPTD PENGELOLAAN JALAN DAN JEMBATAN WILAYAH PELAYANAN V,MANTAP,BAIK,4.51,KILOMETER,2019
426,32,JAWA BARAT,3278,KOTA TASIKMALAYA,UPTD PENGELOLAAN JALAN DAN JEMBATAN WILAYAH PELAYANAN V,MANTAP,SEDANG,24.96,KILOMETER,2019
427,32,JAWA BARAT,3278,KOTA TASIKMALAYA,UPTD PENGELOLAAN JALAN DAN JEMBATAN WILAYAH PELAYANAN V,TIDAK MANTAP,RUSAK RINGAN,0.5,KILOMETER,2019
428,32,JAWA BARAT,3278,KOTA TASIKMALAYA,UPTD PENGELOLAAN JALAN DAN JEMBATAN WILAYAH PELAYANAN V,TIDAK MANTAP,RUSAK BERAT,0.0,KILOMETER,2019
429,32,JAWA BARAT,3279,KOTA BANJAR,UPTD PENGELOLAAN JALAN DAN JEMBATAN WILAYAH PELAYANAN V,MANTAP,BAIK,6.82,KILOMETER,2019
430,32,JAWA BARAT,3279,KOTA BANJAR,UPTD PENGELOLAAN JALAN DAN JEMBATAN WILAYAH PELAYANAN V,MANTAP,SEDANG,0.73,KILOMETER,2019
431,32,JAWA BARAT,3279,KOTA BANJAR,UPTD PENGELOLAAN JALAN DAN JEMBATAN WILAYAH PELAYANAN V,TIDAK MANTAP,RUSAK RINGAN,1.43,KILOMETER,2019
432,32,JAWA BARAT,3279,KOTA BANJAR,UPTD PENGELOLAAN JALAN DAN JEMBATAN WILAYAH PELAYANAN V,TIDAK MANTAP,RUSAK BERAT,0.0,KILOMETER,2019
