id,kode_provinsi,nama_provinsi,kode_kabupaten_kota,nama_kabupaten_kota,kualitas_permukaan_jalan,jumlah_desa,satuan,tahun
1,32,JAWA BARAT,3201,KABUPATEN BOGOR,BAIK,300,DESA,2020
2,32,JAWA BARAT,3201,KABUPATEN BOGOR,RUSAK SEDANG,107,DESA,2020
3,32,JAWA BARAT,3201,KABUPATEN BOGOR,RUSAK PARAH,9,DESA,2020
4,32,JAWA BARAT,3202,KABUPATEN SUKABUMI,BAIK,156,DESA,2020
5,32,JAWA BARAT,3202,KABUPATEN SUKABUMI,RUSAK SEDANG,200,DESA,2020
6,32,JAWA BARAT,3202,KABUPATEN SUKABUMI,RUSAK PARAH,25,DESA,2020
7,32,JAWA BARAT,3203,KABUPATEN CIANJUR,BAIK,130,DESA,2020
8,32,JAWA BARAT,3203,KABUPATEN CIANJUR,RUSAK SEDANG,198,DESA,2020
9,32,JAWA BARAT,3203,KABUPATEN CIANJUR,RUSAK PARAH,26,DESA,2020
10,32,JAWA BARAT,3204,KABUPATEN BANDUNG,BAIK,177,DESA,2020
11,32,JAWA BARAT,3204,KABUPATEN BANDUNG,RUSAK SEDANG,88,DESA,2020
12,32,JAWA BARAT,3204,KABUPATEN BANDUNG,RUSAK PARAH,5,DESA,2020
13,32,JAWA BARAT,3205,KABUPATEN GARUT,BAIK,185,DESA,2020
14,32,JAWA BARAT,3205,KABUPATEN GARUT,RUSAK SEDANG,205,DESA,2020
15,32,JAWA BARAT,3205,KABUPATEN GARUT,RUSAK PARAH,31,DESA,2020
16,32,JAWA BARAT,3206,KABUPATEN TASIKMALAYA,BAIK,195,DESA,2020
17,32,JAWA BARAT,3206,KABUPATEN TASIKMALAYA,RUSAK SEDANG,137,DESA,2020
18,32,JAWA BARAT,3206,KABUPATEN TASIKMALAYA,RUSAK PARAH,19,DESA,2020
19,32,JAWA BARAT,3207,KABUPATEN CIAMIS,BAIK,147,DESA,2020
20,32,JAWA BARAT,3207,KABUPATEN CIAMIS,RUSAK SEDANG,105,DESA,2020
21,32,JAWA BARAT,3207,KABUPATEN CIAMIS,RUSAK PARAH,6,DESA,2020
22,32,JAWA BARAT,3208,KABUPATEN KUNINGAN,BAIK,240,DESA,2020
23,32,JAWA BARAT,3208,KABUPATEN KUNINGAN,RUSAK SEDANG,114,DESA,2020
24,32,JAWA BARAT,3208,KABUPATEN KUNINGAN,RUSAK PARAH,7,DESA,2020
25,32,JAWA BARAT,3209,KABUPATEN CIREBON,BAIK,299,DESA,2020
26,32,JAWA BARAT,3209,KABUPATEN CIREBON,RUSAK SEDANG,108,DESA,2020
27,32,JAWA BARAT,3209,KABUPATEN CIREBON,RUSAK PARAH,5,DESA,2020
28,32,JAWA BARAT,3210,KABUPATEN MAJALENGKA,BAIK,270,DESA,2020
29,32,JAWA BARAT,3210,KABUPATEN MAJALENGKA,RUSAK SEDANG,59,DESA,2020
30,32,JAWA BARAT,3210,KABUPATEN MAJALENGKA,RUSAK PARAH,1,DESA,2020
31,32,JAWA BARAT,3211,KABUPATEN SUMEDANG,BAIK,154,DESA,2020
32,32,JAWA BARAT,3211,KABUPATEN SUMEDANG,RUSAK SEDANG,104,DESA,2020
33,32,JAWA BARAT,3211,KABUPATEN SUMEDANG,RUSAK PARAH,12,DESA,2020
34,32,JAWA BARAT,3212,KABUPATEN INDRAMAYU,BAIK,221,DESA,2020
35,32,JAWA BARAT,3212,KABUPATEN INDRAMAYU,RUSAK SEDANG,81,DESA,2020
36,32,JAWA BARAT,3212,KABUPATEN INDRAMAYU,RUSAK PARAH,7,DESA,2020
37,32,JAWA BARAT,3213,KABUPATEN SUBANG,BAIK,155,DESA,2020
38,32,JAWA BARAT,3213,KABUPATEN SUBANG,RUSAK SEDANG,88,DESA,2020
39,32,JAWA BARAT,3213,KABUPATEN SUBANG,RUSAK PARAH,2,DESA,2020
40,32,JAWA BARAT,3214,KABUPATEN PURWAKARTA,BAIK,124,DESA,2020
41,32,JAWA BARAT,3214,KABUPATEN PURWAKARTA,RUSAK SEDANG,55,DESA,2020
42,32,JAWA BARAT,3214,KABUPATEN PURWAKARTA,RUSAK PARAH,4,DESA,2020
43,32,JAWA BARAT,3215,KABUPATEN KARAWANG,BAIK,235,DESA,2020
44,32,JAWA BARAT,3215,KABUPATEN KARAWANG,RUSAK SEDANG,57,DESA,2020
45,32,JAWA BARAT,3215,KABUPATEN KARAWANG,RUSAK PARAH,5,DESA,2020
46,32,JAWA BARAT,3216,KABUPATEN BEKASI,BAIK,132,DESA,2020
47,32,JAWA BARAT,3216,KABUPATEN BEKASI,RUSAK SEDANG,43,DESA,2020
48,32,JAWA BARAT,3216,KABUPATEN BEKASI,RUSAK PARAH,5,DESA,2020
49,32,JAWA BARAT,3217,KABUPATEN BANDUNG BARAT,BAIK,104,DESA,2020
50,32,JAWA BARAT,3217,KABUPATEN BANDUNG BARAT,RUSAK SEDANG,57,DESA,2020
51,32,JAWA BARAT,3217,KABUPATEN BANDUNG BARAT,RUSAK PARAH,4,DESA,2020
52,32,JAWA BARAT,3218,KABUPATEN PANGANDARAN,BAIK,54,DESA,2020
53,32,JAWA BARAT,3218,KABUPATEN PANGANDARAN,RUSAK SEDANG,38,DESA,2020
54,32,JAWA BARAT,3218,KABUPATEN PANGANDARAN,RUSAK PARAH,1,DESA,2020
55,32,JAWA BARAT,3279,KOTA BANJAR,BAIK,15,DESA,2020
56,32,JAWA BARAT,3279,KOTA BANJAR,RUSAK SEDANG,1,DESA,2020
57,32,JAWA BARAT,3279,KOTA BANJAR,RUSAK PARAH,0,DESA,2020
