id,kode_provinsi,nama_provinsi,kode_kabupaten_kota,nama_kabupaten_kota,jumlah_pasar,satuan,tahun
0,32,JAWA BARAT,3201,KABUPATEN BOGOR,3317,UNIT,2020
1,32,JAWA BARAT,3202,KABUPATEN SUKABUMI,2083,UNIT,2020
2,32,JAWA BARAT,3203,KABUPATEN CIANJUR,2546,UNIT,2020
3,32,JAWA BARAT,3204,KABUPATEN BANDUNG,698,UNIT,2020
4,32,JAWA BARAT,3205,KABUPATEN GARUT,9969,UNIT,2020
5,32,JAWA BARAT,3206,KABUPATEN TASIKMALAYA,1164,UNIT,2020
6,32,JAWA BARAT,3207,KABUPATEN CIAMIS,968,UNIT,2020
7,32,JAWA BARAT,3208,KABUPATEN KUNINGAN,572,UNIT,2020
8,32,JAWA BARAT,3209,KABUPATEN CIREBON,977,UNIT,2020
9,32,JAWA BARAT,3210,KABUPATEN MAJALENGKA,732,UNIT,2020
10,32,JAWA BARAT,3211,KABUPATEN SUMEDANG,8393,UNIT,2020
11,32,JAWA BARAT,3212,KABUPATEN INDRAMAYU,394,UNIT,2020
12,32,JAWA BARAT,3213,KABUPATEN SUBANG,471,UNIT,2020
13,32,JAWA BARAT,3214,KABUPATEN PURWAKARTA,146,UNIT,2020
14,32,JAWA BARAT,3215,KABUPATEN KARAWANG,720,UNIT,2020
15,32,JAWA BARAT,3216,KABUPATEN BEKASI,3070,UNIT,2020
16,32,JAWA BARAT,3217,KABUPATEN BANDUNG BARAT,523,UNIT,2020
17,32,JAWA BARAT,3218,KABUPATEN PANGANDARAN,1150,UNIT,2020
18,32,JAWA BARAT,3279,KOTA BANJAR,0,UNIT,2020
