id,kode_provinsi,nama_provinsi,kode_kabupaten_kota,nama_kabupaten_kota,jenis_kelamin,jumlah_tenaga_kerja,satuan,tahun
0,32,JAWA BARAT,3201,KABUPATEN BOGOR,PRIA,1456,ORANG,2014
1,32,JAWA BARAT,3201,KABUPATEN BOGOR,WANITA,671,ORANG,2014
2,32,JAWA BARAT,3202,KABUPATEN SUKABUMI,PRIA,138,ORANG,2014
3,32,JAWA BARAT,3202,KABUPATEN SUKABUMI,WANITA,51,ORANG,2014
4,32,JAWA BARAT,3203,KABUPATEN CIANJUR,PRIA,306,ORANG,2014
5,32,JAWA BARAT,3203,KABUPATEN CIANJUR,WANITA,124,ORANG,2014
6,32,JAWA BARAT,3204,KABUPATEN BANDUNG,PRIA,89,ORANG,2014
7,32,JAWA BARAT,3204,KABUPATEN BANDUNG,WANITA,33,ORANG,2014
8,32,JAWA BARAT,3205,KABUPATEN GARUT,PRIA,453,ORANG,2014
9,32,JAWA BARAT,3205,KABUPATEN GARUT,WANITA,33,ORANG,2014
10,32,JAWA BARAT,3206,KABUPATEN TASIKMALAYA,PRIA,54,ORANG,2014
11,32,JAWA BARAT,3206,KABUPATEN TASIKMALAYA,WANITA,0,ORANG,2014
12,32,JAWA BARAT,3207,KABUPATEN CIAMIS,PRIA,62,ORANG,2014
13,32,JAWA BARAT,3207,KABUPATEN CIAMIS,WANITA,3,ORANG,2014
14,32,JAWA BARAT,3208,KABUPATEN KUNINGAN,PRIA,181,ORANG,2014
15,32,JAWA BARAT,3208,KABUPATEN KUNINGAN,WANITA,40,ORANG,2014
16,32,JAWA BARAT,3209,KABUPATEN CIREBON,PRIA,68,ORANG,2014
17,32,JAWA BARAT,3209,KABUPATEN CIREBON,WANITA,0,ORANG,2014
18,32,JAWA BARAT,3210,KABUPATEN MAJALENGKA,PRIA,105,ORANG,2014
19,32,JAWA BARAT,3210,KABUPATEN MAJALENGKA,WANITA,15,ORANG,2014
20,32,JAWA BARAT,3211,KABUPATEN SUMEDANG,PRIA,299,ORANG,2014
21,32,JAWA BARAT,3211,KABUPATEN SUMEDANG,WANITA,63,ORANG,2014
22,32,JAWA BARAT,3212,KABUPATEN INDRAMAYU,PRIA,14,ORANG,2014
23,32,JAWA BARAT,3212,KABUPATEN INDRAMAYU,WANITA,3,ORANG,2014
24,32,JAWA BARAT,3213,KABUPATEN SUBANG,PRIA,740,ORANG,2014
25,32,JAWA BARAT,3213,KABUPATEN SUBANG,WANITA,134,ORANG,2014
26,32,JAWA BARAT,3214,KABUPATEN PURWAKARTA,PRIA,61,ORANG,2014
27,32,JAWA BARAT,3214,KABUPATEN PURWAKARTA,WANITA,18,ORANG,2014
28,32,JAWA BARAT,3215,KABUPATEN KARAWANG,PRIA,137,ORANG,2014
29,32,JAWA BARAT,3215,KABUPATEN KARAWANG,WANITA,26,ORANG,2014
30,32,JAWA BARAT,3216,KABUPATEN BEKASI,PRIA,6,ORANG,2014
31,32,JAWA BARAT,3216,KABUPATEN BEKASI,WANITA,4,ORANG,2014
32,32,JAWA BARAT,3217,KABUPATEN BANDUNG BARAT,PRIA,350,ORANG,2014
33,32,JAWA BARAT,3217,KABUPATEN BANDUNG BARAT,WANITA,107,ORANG,2014
34,32,JAWA BARAT,3271,KOTA BOGOR,PRIA,671,ORANG,2014
35,32,JAWA BARAT,3271,KOTA BOGOR,WANITA,487,ORANG,2014
36,32,JAWA BARAT,3272,KOTA SUKABUMI,PRIA,9,ORANG,2014
37,32,JAWA BARAT,3272,KOTA SUKABUMI,WANITA,1,ORANG,2014
38,32,JAWA BARAT,3273,KOTA BANDUNG,PRIA,66,ORANG,2014
39,32,JAWA BARAT,3273,KOTA BANDUNG,WANITA,20,ORANG,2014
40,32,JAWA BARAT,3274,KOTA CIREBON,PRIA,106,ORANG,2014
41,32,JAWA BARAT,3274,KOTA CIREBON,WANITA,12,ORANG,2014
42,32,JAWA BARAT,3275,KOTA BEKASI,PRIA,0,ORANG,2014
43,32,JAWA BARAT,3275,KOTA BEKASI,WANITA,0,ORANG,2014
44,32,JAWA BARAT,3276,KOTA DEPOK,PRIA,1091,ORANG,2014
45,32,JAWA BARAT,3276,KOTA DEPOK,WANITA,17,ORANG,2014
46,32,JAWA BARAT,3277,KOTA CIMAHI,PRIA,0,ORANG,2014
47,32,JAWA BARAT,3277,KOTA CIMAHI,WANITA,0,ORANG,2014
48,32,JAWA BARAT,3278,KOTA TASIKMALAYA,PRIA,2,ORANG,2014
49,32,JAWA BARAT,3278,KOTA TASIKMALAYA,WANITA,0,ORANG,2014
50,32,JAWA BARAT,3279,KOTA BANJAR,PRIA,2,ORANG,2014
51,32,JAWA BARAT,3279,KOTA BANJAR,WANITA,1,ORANG,2014
52,32,JAWA BARAT,3201,KABUPATEN BOGOR,PRIA,1456,ORANG,2015
53,32,JAWA BARAT,3201,KABUPATEN BOGOR,WANITA,671,ORANG,2015
54,32,JAWA BARAT,3202,KABUPATEN SUKABUMI,PRIA,138,ORANG,2015
55,32,JAWA BARAT,3202,KABUPATEN SUKABUMI,WANITA,51,ORANG,2015
56,32,JAWA BARAT,3203,KABUPATEN CIANJUR,PRIA,215,ORANG,2015
57,32,JAWA BARAT,3203,KABUPATEN CIANJUR,WANITA,132,ORANG,2015
58,32,JAWA BARAT,3204,KABUPATEN BANDUNG,PRIA,89,ORANG,2015
59,32,JAWA BARAT,3204,KABUPATEN BANDUNG,WANITA,33,ORANG,2015
60,32,JAWA BARAT,3205,KABUPATEN GARUT,PRIA,453,ORANG,2015
61,32,JAWA BARAT,3205,KABUPATEN GARUT,WANITA,33,ORANG,2015
62,32,JAWA BARAT,3206,KABUPATEN TASIKMALAYA,PRIA,54,ORANG,2015
63,32,JAWA BARAT,3206,KABUPATEN TASIKMALAYA,WANITA,0,ORANG,2015
64,32,JAWA BARAT,3207,KABUPATEN CIAMIS,PRIA,18,ORANG,2015
65,32,JAWA BARAT,3207,KABUPATEN CIAMIS,WANITA,8,ORANG,2015
66,32,JAWA BARAT,3208,KABUPATEN KUNINGAN,PRIA,181,ORANG,2015
67,32,JAWA BARAT,3208,KABUPATEN KUNINGAN,WANITA,40,ORANG,2015
68,32,JAWA BARAT,3209,KABUPATEN CIREBON,PRIA,68,ORANG,2015
69,32,JAWA BARAT,3209,KABUPATEN CIREBON,WANITA,0,ORANG,2015
70,32,JAWA BARAT,3210,KABUPATEN MAJALENGKA,PRIA,97,ORANG,2015
71,32,JAWA BARAT,3210,KABUPATEN MAJALENGKA,WANITA,14,ORANG,2015
72,32,JAWA BARAT,3211,KABUPATEN SUMEDANG,PRIA,236,ORANG,2015
73,32,JAWA BARAT,3211,KABUPATEN SUMEDANG,WANITA,48,ORANG,2015
74,32,JAWA BARAT,3212,KABUPATEN INDRAMAYU,PRIA,14,ORANG,2015
75,32,JAWA BARAT,3212,KABUPATEN INDRAMAYU,WANITA,3,ORANG,2015
76,32,JAWA BARAT,3213,KABUPATEN SUBANG,PRIA,740,ORANG,2015
77,32,JAWA BARAT,3213,KABUPATEN SUBANG,WANITA,134,ORANG,2015
78,32,JAWA BARAT,3214,KABUPATEN PURWAKARTA,PRIA,71,ORANG,2015
79,32,JAWA BARAT,3214,KABUPATEN PURWAKARTA,WANITA,18,ORANG,2015
80,32,JAWA BARAT,3215,KABUPATEN KARAWANG,PRIA,137,ORANG,2015
81,32,JAWA BARAT,3215,KABUPATEN KARAWANG,WANITA,26,ORANG,2015
82,32,JAWA BARAT,3216,KABUPATEN BEKASI,PRIA,6,ORANG,2015
83,32,JAWA BARAT,3216,KABUPATEN BEKASI,WANITA,4,ORANG,2015
84,32,JAWA BARAT,3217,KABUPATEN BANDUNG BARAT,PRIA,350,ORANG,2015
85,32,JAWA BARAT,3217,KABUPATEN BANDUNG BARAT,WANITA,107,ORANG,2015
86,32,JAWA BARAT,3218,KABUPATEN PANGANDARAN,PRIA,0,ORANG,2015
87,32,JAWA BARAT,3218,KABUPATEN PANGANDARAN,WANITA,0,ORANG,2015
88,32,JAWA BARAT,3271,KOTA BOGOR,PRIA,671,ORANG,2015
89,32,JAWA BARAT,3271,KOTA BOGOR,WANITA,487,ORANG,2015
90,32,JAWA BARAT,3272,KOTA SUKABUMI,PRIA,9,ORANG,2015
91,32,JAWA BARAT,3272,KOTA SUKABUMI,WANITA,1,ORANG,2015
92,32,JAWA BARAT,3273,KOTA BANDUNG,PRIA,66,ORANG,2015
93,32,JAWA BARAT,3273,KOTA BANDUNG,WANITA,20,ORANG,2015
94,32,JAWA BARAT,3274,KOTA CIREBON,PRIA,106,ORANG,2015
95,32,JAWA BARAT,3274,KOTA CIREBON,WANITA,12,ORANG,2015
96,32,JAWA BARAT,3275,KOTA BEKASI,PRIA,0,ORANG,2015
97,32,JAWA BARAT,3275,KOTA BEKASI,WANITA,0,ORANG,2015
98,32,JAWA BARAT,3276,KOTA DEPOK,PRIA,1091,ORANG,2015
99,32,JAWA BARAT,3276,KOTA DEPOK,WANITA,17,ORANG,2015
100,32,JAWA BARAT,3277,KOTA CIMAHI,PRIA,0,ORANG,2015
101,32,JAWA BARAT,3277,KOTA CIMAHI,WANITA,0,ORANG,2015
102,32,JAWA BARAT,3278,KOTA TASIKMALAYA,PRIA,2,ORANG,2015
103,32,JAWA BARAT,3278,KOTA TASIKMALAYA,WANITA,0,ORANG,2015
104,32,JAWA BARAT,3279,KOTA BANJAR,PRIA,2,ORANG,2015
105,32,JAWA BARAT,3279,KOTA BANJAR,WANITA,1,ORANG,2015
106,32,JAWA BARAT,3201,KABUPATEN BOGOR,PRIA,1456,ORANG,2016
107,32,JAWA BARAT,3201,KABUPATEN BOGOR,WANITA,671,ORANG,2016
108,32,JAWA BARAT,3202,KABUPATEN SUKABUMI,PRIA,138,ORANG,2016
109,32,JAWA BARAT,3202,KABUPATEN SUKABUMI,WANITA,51,ORANG,2016
110,32,JAWA BARAT,3203,KABUPATEN CIANJUR,PRIA,215,ORANG,2016
111,32,JAWA BARAT,3203,KABUPATEN CIANJUR,WANITA,132,ORANG,2016
112,32,JAWA BARAT,3204,KABUPATEN BANDUNG,PRIA,89,ORANG,2016
113,32,JAWA BARAT,3204,KABUPATEN BANDUNG,WANITA,33,ORANG,2016
114,32,JAWA BARAT,3205,KABUPATEN GARUT,PRIA,453,ORANG,2016
115,32,JAWA BARAT,3205,KABUPATEN GARUT,WANITA,33,ORANG,2016
116,32,JAWA BARAT,3206,KABUPATEN TASIKMALAYA,PRIA,54,ORANG,2016
117,32,JAWA BARAT,3206,KABUPATEN TASIKMALAYA,WANITA,0,ORANG,2016
118,32,JAWA BARAT,3207,KABUPATEN CIAMIS,PRIA,16,ORANG,2016
119,32,JAWA BARAT,3207,KABUPATEN CIAMIS,WANITA,2,ORANG,2016
120,32,JAWA BARAT,3208,KABUPATEN KUNINGAN,PRIA,181,ORANG,2016
121,32,JAWA BARAT,3208,KABUPATEN KUNINGAN,WANITA,40,ORANG,2016
122,32,JAWA BARAT,3209,KABUPATEN CIREBON,PRIA,68,ORANG,2016
123,32,JAWA BARAT,3209,KABUPATEN CIREBON,WANITA,0,ORANG,2016
124,32,JAWA BARAT,3210,KABUPATEN MAJALENGKA,PRIA,111,ORANG,2016
125,32,JAWA BARAT,3210,KABUPATEN MAJALENGKA,WANITA,14,ORANG,2016
126,32,JAWA BARAT,3211,KABUPATEN SUMEDANG,PRIA,240,ORANG,2016
127,32,JAWA BARAT,3211,KABUPATEN SUMEDANG,WANITA,52,ORANG,2016
128,32,JAWA BARAT,3212,KABUPATEN INDRAMAYU,PRIA,1,ORANG,2016
129,32,JAWA BARAT,3212,KABUPATEN INDRAMAYU,WANITA,0,ORANG,2016
130,32,JAWA BARAT,3213,KABUPATEN SUBANG,PRIA,740,ORANG,2016
131,32,JAWA BARAT,3213,KABUPATEN SUBANG,WANITA,134,ORANG,2016
132,32,JAWA BARAT,3214,KABUPATEN PURWAKARTA,PRIA,76,ORANG,2016
133,32,JAWA BARAT,3214,KABUPATEN PURWAKARTA,WANITA,22,ORANG,2016
134,32,JAWA BARAT,3215,KABUPATEN KARAWANG,PRIA,137,ORANG,2016
135,32,JAWA BARAT,3215,KABUPATEN KARAWANG,WANITA,26,ORANG,2016
136,32,JAWA BARAT,3216,KABUPATEN BEKASI,PRIA,6,ORANG,2016
137,32,JAWA BARAT,3216,KABUPATEN BEKASI,WANITA,4,ORANG,2016
138,32,JAWA BARAT,3217,KABUPATEN BANDUNG BARAT,PRIA,350,ORANG,2016
139,32,JAWA BARAT,3217,KABUPATEN BANDUNG BARAT,WANITA,107,ORANG,2016
140,32,JAWA BARAT,3218,KABUPATEN PANGANDARAN,PRIA,0,ORANG,2016
141,32,JAWA BARAT,3218,KABUPATEN PANGANDARAN,WANITA,0,ORANG,2016
142,32,JAWA BARAT,3271,KOTA BOGOR,PRIA,837,ORANG,2016
143,32,JAWA BARAT,3271,KOTA BOGOR,WANITA,492,ORANG,2016
144,32,JAWA BARAT,3272,KOTA SUKABUMI,PRIA,9,ORANG,2016
145,32,JAWA BARAT,3272,KOTA SUKABUMI,WANITA,1,ORANG,2016
146,32,JAWA BARAT,3273,KOTA BANDUNG,PRIA,66,ORANG,2016
147,32,JAWA BARAT,3273,KOTA BANDUNG,WANITA,20,ORANG,2016
148,32,JAWA BARAT,3274,KOTA CIREBON,PRIA,0,ORANG,2016
149,32,JAWA BARAT,3274,KOTA CIREBON,WANITA,0,ORANG,2016
150,32,JAWA BARAT,3275,KOTA BEKASI,PRIA,0,ORANG,2016
151,32,JAWA BARAT,3275,KOTA BEKASI,WANITA,0,ORANG,2016
152,32,JAWA BARAT,3276,KOTA DEPOK,PRIA,142,ORANG,2016
153,32,JAWA BARAT,3276,KOTA DEPOK,WANITA,164,ORANG,2016
154,32,JAWA BARAT,3277,KOTA CIMAHI,PRIA,35,ORANG,2016
155,32,JAWA BARAT,3277,KOTA CIMAHI,WANITA,42,ORANG,2016
156,32,JAWA BARAT,3278,KOTA TASIKMALAYA,PRIA,0,ORANG,2016
157,32,JAWA BARAT,3278,KOTA TASIKMALAYA,WANITA,0,ORANG,2016
158,32,JAWA BARAT,3279,KOTA BANJAR,PRIA,17,ORANG,2016
159,32,JAWA BARAT,3279,KOTA BANJAR,WANITA,7,ORANG,2016
160,32,JAWA BARAT,3201,KABUPATEN BOGOR,PRIA,1100,ORANG,2017
161,32,JAWA BARAT,3201,KABUPATEN BOGOR,WANITA,429,ORANG,2017
162,32,JAWA BARAT,3202,KABUPATEN SUKABUMI,PRIA,138,ORANG,2017
163,32,JAWA BARAT,3202,KABUPATEN SUKABUMI,WANITA,51,ORANG,2017
164,32,JAWA BARAT,3203,KABUPATEN CIANJUR,PRIA,215,ORANG,2017
165,32,JAWA BARAT,3203,KABUPATEN CIANJUR,WANITA,132,ORANG,2017
166,32,JAWA BARAT,3204,KABUPATEN BANDUNG,PRIA,89,ORANG,2017
167,32,JAWA BARAT,3204,KABUPATEN BANDUNG,WANITA,33,ORANG,2017
168,32,JAWA BARAT,3205,KABUPATEN GARUT,PRIA,453,ORANG,2017
169,32,JAWA BARAT,3205,KABUPATEN GARUT,WANITA,33,ORANG,2017
170,32,JAWA BARAT,3206,KABUPATEN TASIKMALAYA,PRIA,54,ORANG,2017
171,32,JAWA BARAT,3206,KABUPATEN TASIKMALAYA,WANITA,0,ORANG,2017
172,32,JAWA BARAT,3207,KABUPATEN CIAMIS,PRIA,72,ORANG,2017
173,32,JAWA BARAT,3207,KABUPATEN CIAMIS,WANITA,16,ORANG,2017
174,32,JAWA BARAT,3208,KABUPATEN KUNINGAN,PRIA,181,ORANG,2017
175,32,JAWA BARAT,3208,KABUPATEN KUNINGAN,WANITA,40,ORANG,2017
176,32,JAWA BARAT,3209,KABUPATEN CIREBON,PRIA,68,ORANG,2017
177,32,JAWA BARAT,3209,KABUPATEN CIREBON,WANITA,0,ORANG,2017
178,32,JAWA BARAT,3210,KABUPATEN MAJALENGKA,PRIA,111,ORANG,2017
179,32,JAWA BARAT,3210,KABUPATEN MAJALENGKA,WANITA,14,ORANG,2017
180,32,JAWA BARAT,3211,KABUPATEN SUMEDANG,PRIA,2157,ORANG,2017
181,32,JAWA BARAT,3211,KABUPATEN SUMEDANG,WANITA,1445,ORANG,2017
182,32,JAWA BARAT,3212,KABUPATEN INDRAMAYU,PRIA,58,ORANG,2017
183,32,JAWA BARAT,3212,KABUPATEN INDRAMAYU,WANITA,35,ORANG,2017
184,32,JAWA BARAT,3213,KABUPATEN SUBANG,PRIA,740,ORANG,2017
185,32,JAWA BARAT,3213,KABUPATEN SUBANG,WANITA,134,ORANG,2017
186,32,JAWA BARAT,3214,KABUPATEN PURWAKARTA,PRIA,76,ORANG,2017
187,32,JAWA BARAT,3214,KABUPATEN PURWAKARTA,WANITA,22,ORANG,2017
188,32,JAWA BARAT,3215,KABUPATEN KARAWANG,PRIA,118,ORANG,2017
189,32,JAWA BARAT,3215,KABUPATEN KARAWANG,WANITA,37,ORANG,2017
190,32,JAWA BARAT,3216,KABUPATEN BEKASI,PRIA,6,ORANG,2017
191,32,JAWA BARAT,3216,KABUPATEN BEKASI,WANITA,4,ORANG,2017
192,32,JAWA BARAT,3217,KABUPATEN BANDUNG BARAT,PRIA,350,ORANG,2017
193,32,JAWA BARAT,3217,KABUPATEN BANDUNG BARAT,WANITA,107,ORANG,2017
194,32,JAWA BARAT,3218,KABUPATEN PANGANDARAN,PRIA,0,ORANG,2017
195,32,JAWA BARAT,3218,KABUPATEN PANGANDARAN,WANITA,0,ORANG,2017
196,32,JAWA BARAT,3271,KOTA BOGOR,PRIA,837,ORANG,2017
197,32,JAWA BARAT,3271,KOTA BOGOR,WANITA,492,ORANG,2017
198,32,JAWA BARAT,3272,KOTA SUKABUMI,PRIA,9,ORANG,2017
199,32,JAWA BARAT,3272,KOTA SUKABUMI,WANITA,1,ORANG,2017
200,32,JAWA BARAT,3273,KOTA BANDUNG,PRIA,66,ORANG,2017
201,32,JAWA BARAT,3273,KOTA BANDUNG,WANITA,20,ORANG,2017
202,32,JAWA BARAT,3274,KOTA CIREBON,PRIA,0,ORANG,2017
203,32,JAWA BARAT,3274,KOTA CIREBON,WANITA,0,ORANG,2017
204,32,JAWA BARAT,3275,KOTA BEKASI,PRIA,0,ORANG,2017
205,32,JAWA BARAT,3275,KOTA BEKASI,WANITA,0,ORANG,2017
206,32,JAWA BARAT,3276,KOTA DEPOK,PRIA,142,ORANG,2017
207,32,JAWA BARAT,3276,KOTA DEPOK,WANITA,164,ORANG,2017
208,32,JAWA BARAT,3277,KOTA CIMAHI,PRIA,42,ORANG,2017
209,32,JAWA BARAT,3277,KOTA CIMAHI,WANITA,54,ORANG,2017
210,32,JAWA BARAT,3278,KOTA TASIKMALAYA,PRIA,0,ORANG,2017
211,32,JAWA BARAT,3278,KOTA TASIKMALAYA,WANITA,0,ORANG,2017
212,32,JAWA BARAT,3279,KOTA BANJAR,PRIA,1,ORANG,2017
213,32,JAWA BARAT,3279,KOTA BANJAR,WANITA,0,ORANG,2017
214,32,JAWA BARAT,3201,KABUPATEN BOGOR,PRIA,1100,ORANG,2018
215,32,JAWA BARAT,3201,KABUPATEN BOGOR,WANITA,429,ORANG,2018
216,32,JAWA BARAT,3202,KABUPATEN SUKABUMI,PRIA,0,ORANG,2018
217,32,JAWA BARAT,3202,KABUPATEN SUKABUMI,WANITA,0,ORANG,2018
218,32,JAWA BARAT,3203,KABUPATEN CIANJUR,PRIA,790,ORANG,2018
219,32,JAWA BARAT,3203,KABUPATEN CIANJUR,WANITA,457,ORANG,2018
220,32,JAWA BARAT,3204,KABUPATEN BANDUNG,PRIA,89,ORANG,2018
221,32,JAWA BARAT,3204,KABUPATEN BANDUNG,WANITA,33,ORANG,2018
222,32,JAWA BARAT,3205,KABUPATEN GARUT,PRIA,1025,ORANG,2018
223,32,JAWA BARAT,3205,KABUPATEN GARUT,WANITA,615,ORANG,2018
224,32,JAWA BARAT,3206,KABUPATEN TASIKMALAYA,PRIA,0,ORANG,2018
225,32,JAWA BARAT,3206,KABUPATEN TASIKMALAYA,WANITA,0,ORANG,2018
226,32,JAWA BARAT,3207,KABUPATEN CIAMIS,PRIA,48,ORANG,2018
227,32,JAWA BARAT,3207,KABUPATEN CIAMIS,WANITA,15,ORANG,2018
228,32,JAWA BARAT,3208,KABUPATEN KUNINGAN,PRIA,0,ORANG,2018
229,32,JAWA BARAT,3208,KABUPATEN KUNINGAN,WANITA,0,ORANG,2018
230,32,JAWA BARAT,3209,KABUPATEN CIREBON,PRIA,0,ORANG,2018
231,32,JAWA BARAT,3209,KABUPATEN CIREBON,WANITA,0,ORANG,2018
232,32,JAWA BARAT,3210,KABUPATEN MAJALENGKA,PRIA,368,ORANG,2018
233,32,JAWA BARAT,3210,KABUPATEN MAJALENGKA,WANITA,157,ORANG,2018
234,32,JAWA BARAT,3211,KABUPATEN SUMEDANG,PRIA,0,ORANG,2018
235,32,JAWA BARAT,3211,KABUPATEN SUMEDANG,WANITA,0,ORANG,2018
236,32,JAWA BARAT,3212,KABUPATEN INDRAMAYU,PRIA,167,ORANG,2018
237,32,JAWA BARAT,3212,KABUPATEN INDRAMAYU,WANITA,47,ORANG,2018
238,32,JAWA BARAT,3213,KABUPATEN SUBANG,PRIA,665,ORANG,2018
239,32,JAWA BARAT,3213,KABUPATEN SUBANG,WANITA,202,ORANG,2018
240,32,JAWA BARAT,3214,KABUPATEN PURWAKARTA,PRIA,154,ORANG,2018
241,32,JAWA BARAT,3214,KABUPATEN PURWAKARTA,WANITA,55,ORANG,2018
242,32,JAWA BARAT,3215,KABUPATEN KARAWANG,PRIA,0,ORANG,2018
243,32,JAWA BARAT,3215,KABUPATEN KARAWANG,WANITA,0,ORANG,2018
244,32,JAWA BARAT,3216,KABUPATEN BEKASI,PRIA,0,ORANG,2018
245,32,JAWA BARAT,3216,KABUPATEN BEKASI,WANITA,0,ORANG,2018
246,32,JAWA BARAT,3217,KABUPATEN BANDUNG BARAT,PRIA,222,ORANG,2018
247,32,JAWA BARAT,3217,KABUPATEN BANDUNG BARAT,WANITA,55,ORANG,2018
248,32,JAWA BARAT,3218,KABUPATEN PANGANDARAN,PRIA,0,ORANG,2018
249,32,JAWA BARAT,3218,KABUPATEN PANGANDARAN,WANITA,0,ORANG,2018
250,32,JAWA BARAT,3271,KOTA BOGOR,PRIA,859,ORANG,2018
251,32,JAWA BARAT,3271,KOTA BOGOR,WANITA,500,ORANG,2018
252,32,JAWA BARAT,3272,KOTA SUKABUMI,PRIA,0,ORANG,2018
253,32,JAWA BARAT,3272,KOTA SUKABUMI,WANITA,0,ORANG,2018
254,32,JAWA BARAT,3273,KOTA BANDUNG,PRIA,0,ORANG,2018
255,32,JAWA BARAT,3273,KOTA BANDUNG,WANITA,0,ORANG,2018
256,32,JAWA BARAT,3274,KOTA CIREBON,PRIA,0,ORANG,2018
257,32,JAWA BARAT,3274,KOTA CIREBON,WANITA,0,ORANG,2018
258,32,JAWA BARAT,3275,KOTA BEKASI,PRIA,0,ORANG,2018
259,32,JAWA BARAT,3275,KOTA BEKASI,WANITA,0,ORANG,2018
260,32,JAWA BARAT,3276,KOTA DEPOK,PRIA,180,ORANG,2018
261,32,JAWA BARAT,3276,KOTA DEPOK,WANITA,210,ORANG,2018
262,32,JAWA BARAT,3277,KOTA CIMAHI,PRIA,42,ORANG,2018
263,32,JAWA BARAT,3277,KOTA CIMAHI,WANITA,54,ORANG,2018
264,32,JAWA BARAT,3278,KOTA TASIKMALAYA,PRIA,10,ORANG,2018
265,32,JAWA BARAT,3278,KOTA TASIKMALAYA,WANITA,5,ORANG,2018
266,32,JAWA BARAT,3279,KOTA BANJAR,PRIA,0,ORANG,2018
267,32,JAWA BARAT,3279,KOTA BANJAR,WANITA,0,ORANG,2018
268,32,JAWA BARAT,3201,KABUPATEN BOGOR,PRIA,0,ORANG,2019
269,32,JAWA BARAT,3201,KABUPATEN BOGOR,WANITA,0,ORANG,2019
270,32,JAWA BARAT,3202,KABUPATEN SUKABUMI,PRIA,143,ORANG,2019
271,32,JAWA BARAT,3202,KABUPATEN SUKABUMI,WANITA,50,ORANG,2019
272,32,JAWA BARAT,3203,KABUPATEN CIANJUR,PRIA,790,ORANG,2019
273,32,JAWA BARAT,3203,KABUPATEN CIANJUR,WANITA,457,ORANG,2019
274,32,JAWA BARAT,3204,KABUPATEN BANDUNG,PRIA,109,ORANG,2019
275,32,JAWA BARAT,3204,KABUPATEN BANDUNG,WANITA,48,ORANG,2019
276,32,JAWA BARAT,3205,KABUPATEN GARUT,PRIA,1047,ORANG,2019
277,32,JAWA BARAT,3205,KABUPATEN GARUT,WANITA,626,ORANG,2019
278,32,JAWA BARAT,3206,KABUPATEN TASIKMALAYA,PRIA,255,ORANG,2019
279,32,JAWA BARAT,3206,KABUPATEN TASIKMALAYA,WANITA,90,ORANG,2019
280,32,JAWA BARAT,3207,KABUPATEN CIAMIS,PRIA,48,ORANG,2019
281,32,JAWA BARAT,3207,KABUPATEN CIAMIS,WANITA,15,ORANG,2019
282,32,JAWA BARAT,3208,KABUPATEN KUNINGAN,PRIA,0,ORANG,2019
283,32,JAWA BARAT,3208,KABUPATEN KUNINGAN,WANITA,0,ORANG,2019
284,32,JAWA BARAT,3209,KABUPATEN CIREBON,PRIA,0,ORANG,2019
285,32,JAWA BARAT,3209,KABUPATEN CIREBON,WANITA,0,ORANG,2019
286,32,JAWA BARAT,3210,KABUPATEN MAJALENGKA,PRIA,509,ORANG,2019
287,32,JAWA BARAT,3210,KABUPATEN MAJALENGKA,WANITA,127,ORANG,2019
288,32,JAWA BARAT,3211,KABUPATEN SUMEDANG,PRIA,2157,ORANG,2019
289,32,JAWA BARAT,3211,KABUPATEN SUMEDANG,WANITA,1455,ORANG,2019
290,32,JAWA BARAT,3212,KABUPATEN INDRAMAYU,PRIA,63,ORANG,2019
291,32,JAWA BARAT,3212,KABUPATEN INDRAMAYU,WANITA,35,ORANG,2019
292,32,JAWA BARAT,3213,KABUPATEN SUBANG,PRIA,725,ORANG,2019
293,32,JAWA BARAT,3213,KABUPATEN SUBANG,WANITA,322,ORANG,2019
294,32,JAWA BARAT,3214,KABUPATEN PURWAKARTA,PRIA,181,ORANG,2019
295,32,JAWA BARAT,3214,KABUPATEN PURWAKARTA,WANITA,71,ORANG,2019
296,32,JAWA BARAT,3215,KABUPATEN KARAWANG,PRIA,310,ORANG,2019
297,32,JAWA BARAT,3215,KABUPATEN KARAWANG,WANITA,80,ORANG,2019
298,32,JAWA BARAT,3216,KABUPATEN BEKASI,PRIA,0,ORANG,2019
299,32,JAWA BARAT,3216,KABUPATEN BEKASI,WANITA,0,ORANG,2019
300,32,JAWA BARAT,3217,KABUPATEN BANDUNG BARAT,PRIA,0,ORANG,2019
301,32,JAWA BARAT,3217,KABUPATEN BANDUNG BARAT,WANITA,0,ORANG,2019
302,32,JAWA BARAT,3218,KABUPATEN PANGANDARAN,PRIA,0,ORANG,2019
303,32,JAWA BARAT,3218,KABUPATEN PANGANDARAN,WANITA,0,ORANG,2019
304,32,JAWA BARAT,3271,KOTA BOGOR,PRIA,859,ORANG,2019
305,32,JAWA BARAT,3271,KOTA BOGOR,WANITA,500,ORANG,2019
306,32,JAWA BARAT,3272,KOTA SUKABUMI,PRIA,0,ORANG,2019
307,32,JAWA BARAT,3272,KOTA SUKABUMI,WANITA,0,ORANG,2019
308,32,JAWA BARAT,3273,KOTA BANDUNG,PRIA,68,ORANG,2019
309,32,JAWA BARAT,3273,KOTA BANDUNG,WANITA,25,ORANG,2019
310,32,JAWA BARAT,3274,KOTA CIREBON,PRIA,0,ORANG,2019
311,32,JAWA BARAT,3274,KOTA CIREBON,WANITA,0,ORANG,2019
312,32,JAWA BARAT,3275,KOTA BEKASI,PRIA,14,ORANG,2019
313,32,JAWA BARAT,3275,KOTA BEKASI,WANITA,6,ORANG,2019
314,32,JAWA BARAT,3276,KOTA DEPOK,PRIA,0,ORANG,2019
315,32,JAWA BARAT,3276,KOTA DEPOK,WANITA,0,ORANG,2019
316,32,JAWA BARAT,3277,KOTA CIMAHI,PRIA,47,ORANG,2019
317,32,JAWA BARAT,3277,KOTA CIMAHI,WANITA,56,ORANG,2019
318,32,JAWA BARAT,3278,KOTA TASIKMALAYA,PRIA,57,ORANG,2019
319,32,JAWA BARAT,3278,KOTA TASIKMALAYA,WANITA,74,ORANG,2019
320,32,JAWA BARAT,3279,KOTA BANJAR,PRIA,30,ORANG,2019
321,32,JAWA BARAT,3279,KOTA BANJAR,WANITA,19,ORANG,2019
322,JAWA BARAT,3203,KABUPATEN CIANJUR,WANITA,ODTW BUDAYA,20,ORANG,2016
323,JAWA BARAT,3203,KABUPATEN CIANJUR,WANITA,ODTW MINAT KHUSUS,65,ORANG,2016
324,JAWA BARAT,3209,KABUPATEN CIREBON,PRIA,ODTW ALAM,9,ORANG,2016
325,JAWA BARAT,3209,KABUPATEN CIREBON,PRIA,ODTW BUDAYA,61,ORANG,2016
326,JAWA BARAT,3209,KABUPATEN CIREBON,PRIA,ODTW MINAT KHUSUS,0,ORANG,2016
327,JAWA BARAT,3209,KABUPATEN CIREBON,WANITA,ODTW ALAM,0,ORANG,2016
328,JAWA BARAT,3209,KABUPATEN CIREBON,WANITA,ODTW BUDAYA,0,ORANG,2016
329,JAWA BARAT,3209,KABUPATEN CIREBON,WANITA,ODTW MINAT KHUSUS,0,ORANG,2016
330,JAWA BARAT,3205,KABUPATEN GARUT,PRIA,ODTW ALAM,438,ORANG,2016
331,JAWA BARAT,3205,KABUPATEN GARUT,PRIA,ODTW BUDAYA,30,ORANG,2016
332,JAWA BARAT,3205,KABUPATEN GARUT,PRIA,ODTW MINAT KHUSUS,24,ORANG,2016
333,JAWA BARAT,3205,KABUPATEN GARUT,WANITA,ODTW ALAM,33,ORANG,2016
334,JAWA BARAT,3205,KABUPATEN GARUT,WANITA,ODTW BUDAYA,6,ORANG,2016
335,JAWA BARAT,3205,KABUPATEN GARUT,WANITA,ODTW MINAT KHUSUS,6,ORANG,2016
336,JAWA BARAT,3212,KABUPATEN INDRAMAYU,PRIA,ODTW ALAM,14,ORANG,2016
337,JAWA BARAT,3212,KABUPATEN INDRAMAYU,PRIA,ODTW BUDAYA,0,ORANG,2016
338,JAWA BARAT,3212,KABUPATEN INDRAMAYU,PRIA,ODTW MINAT KHUSUS,0,ORANG,2016
339,JAWA BARAT,3212,KABUPATEN INDRAMAYU,WANITA,ODTW ALAM,3,ORANG,2016
340,JAWA BARAT,3212,KABUPATEN INDRAMAYU,WANITA,ODTW BUDAYA,0,ORANG,2016
341,JAWA BARAT,3212,KABUPATEN INDRAMAYU,WANITA,ODTW MINAT KHUSUS,0,ORANG,2016
342,JAWA BARAT,3215,KABUPATEN KARAWANG,PRIA,ODTW ALAM,56,ORANG,2016
343,JAWA BARAT,3215,KABUPATEN KARAWANG,PRIA,ODTW BUDAYA,49,ORANG,2016
344,JAWA BARAT,3215,KABUPATEN KARAWANG,PRIA,ODTW MINAT KHUSUS,26,ORANG,2016
345,JAWA BARAT,3215,KABUPATEN KARAWANG,WANITA,ODTW ALAM,13,ORANG,2016
346,JAWA BARAT,3215,KABUPATEN KARAWANG,WANITA,ODTW BUDAYA,6,ORANG,2016
347,JAWA BARAT,3215,KABUPATEN KARAWANG,WANITA,ODTW MINAT KHUSUS,7,ORANG,2016
348,JAWA BARAT,3208,KABUPATEN KUNINGAN,PRIA,ODTW ALAM,121,ORANG,2016
349,JAWA BARAT,3208,KABUPATEN KUNINGAN,PRIA,ODTW BUDAYA,67,ORANG,2016
350,JAWA BARAT,3208,KABUPATEN KUNINGAN,PRIA,ODTW MINAT KHUSUS,12,ORANG,2016
351,JAWA BARAT,3208,KABUPATEN KUNINGAN,WANITA,ODTW ALAM,34,ORANG,2016
352,JAWA BARAT,3208,KABUPATEN KUNINGAN,WANITA,ODTW BUDAYA,15,ORANG,2016
353,JAWA BARAT,3208,KABUPATEN KUNINGAN,WANITA,ODTW MINAT KHUSUS,4,ORANG,2016
354,JAWA BARAT,3210,KABUPATEN MAJALENGKA,PRIA,ODTW ALAM,116,ORANG,2016
355,JAWA BARAT,3210,KABUPATEN MAJALENGKA,PRIA,ODTW BUDAYA,0,ORANG,2016
356,JAWA BARAT,3210,KABUPATEN MAJALENGKA,PRIA,ODTW MINAT KHUSUS,50,ORANG,2016
357,JAWA BARAT,3210,KABUPATEN MAJALENGKA,WANITA,ODTW ALAM,8,ORANG,2016
358,JAWA BARAT,3210,KABUPATEN MAJALENGKA,WANITA,ODTW BUDAYA,0,ORANG,2016
359,JAWA BARAT,3210,KABUPATEN MAJALENGKA,WANITA,ODTW MINAT KHUSUS,11,ORANG,2016
360,JAWA BARAT,3218,KABUPATEN PANGANDARAN,PRIA,ODTW ALAM,0,ORANG,2016
361,JAWA BARAT,3218,KABUPATEN PANGANDARAN,PRIA,ODTW BUDAYA,0,ORANG,2016
362,JAWA BARAT,3218,KABUPATEN PANGANDARAN,PRIA,ODTW MINAT KHUSUS,0,ORANG,2016
363,JAWA BARAT,3218,KABUPATEN PANGANDARAN,WANITA,ODTW ALAM,0,ORANG,2016
364,JAWA BARAT,3218,KABUPATEN PANGANDARAN,WANITA,ODTW BUDAYA,0,ORANG,2016
365,JAWA BARAT,3218,KABUPATEN PANGANDARAN,WANITA,ODTW MINAT KHUSUS,0,ORANG,2016
366,JAWA BARAT,3214,KABUPATEN PURWAKARTA,PRIA,ODTW ALAM,21,ORANG,2016
367,JAWA BARAT,3214,KABUPATEN PURWAKARTA,PRIA,ODTW BUDAYA,3,ORANG,2016
368,JAWA BARAT,3214,KABUPATEN PURWAKARTA,PRIA,ODTW MINAT KHUSUS,36,ORANG,2016
369,JAWA BARAT,3214,KABUPATEN PURWAKARTA,WANITA,ODTW ALAM,4,ORANG,2016
370,JAWA BARAT,3214,KABUPATEN PURWAKARTA,WANITA,ODTW BUDAYA,2,ORANG,2016
371,JAWA BARAT,3214,KABUPATEN PURWAKARTA,WANITA,ODTW MINAT KHUSUS,13,ORANG,2016
372,JAWA BARAT,3213,KABUPATEN SUBANG,PRIA,ODTW ALAM,376,ORANG,2016
373,JAWA BARAT,3213,KABUPATEN SUBANG,PRIA,ODTW BUDAYA,23,ORANG,2016
374,JAWA BARAT,3213,KABUPATEN SUBANG,PRIA,ODTW MINAT KHUSUS,349,ORANG,2016
375,JAWA BARAT,3213,KABUPATEN SUBANG,WANITA,ODTW ALAM,59,ORANG,2016
376,JAWA BARAT,3213,KABUPATEN SUBANG,WANITA,ODTW BUDAYA,7,ORANG,2016
377,JAWA BARAT,3213,KABUPATEN SUBANG,WANITA,ODTW MINAT KHUSUS,96,ORANG,2016
378,JAWA BARAT,3202,KABUPATEN SUKABUMI,PRIA,ODTW ALAM,62,ORANG,2016
379,JAWA BARAT,3202,KABUPATEN SUKABUMI,PRIA,ODTW BUDAYA,13,ORANG,2016
380,JAWA BARAT,3202,KABUPATEN SUKABUMI,PRIA,ODTW MINAT KHUSUS,22,ORANG,2016
381,JAWA BARAT,3202,KABUPATEN SUKABUMI,WANITA,ODTW ALAM,11,ORANG,2016
382,JAWA BARAT,3202,KABUPATEN SUKABUMI,WANITA,ODTW BUDAYA,8,ORANG,2016
383,JAWA BARAT,3202,KABUPATEN SUKABUMI,WANITA,ODTW MINAT KHUSUS,30,ORANG,2016
384,JAWA BARAT,3211,KABUPATEN SUMEDANG,PRIA,ODTW ALAM,18,ORANG,2016
385,JAWA BARAT,3211,KABUPATEN SUMEDANG,PRIA,ODTW BUDAYA,43,ORANG,2016
386,JAWA BARAT,3211,KABUPATEN SUMEDANG,PRIA,ODTW MINAT KHUSUS,245,ORANG,2016
387,JAWA BARAT,3211,KABUPATEN SUMEDANG,WANITA,ODTW ALAM,4,ORANG,2016
388,JAWA BARAT,3211,KABUPATEN SUMEDANG,WANITA,ODTW BUDAYA,49,ORANG,2016
389,JAWA BARAT,3211,KABUPATEN SUMEDANG,WANITA,ODTW MINAT KHUSUS,77,ORANG,2016
390,JAWA BARAT,3206,KABUPATEN TASIKMALAYA,PRIA,ODTW ALAM,41,ORANG,2016
391,JAWA BARAT,3206,KABUPATEN TASIKMALAYA,PRIA,ODTW BUDAYA,11,ORANG,2016
392,JAWA BARAT,3206,KABUPATEN TASIKMALAYA,PRIA,ODTW MINAT KHUSUS,2,ORANG,2016
393,JAWA BARAT,3206,KABUPATEN TASIKMALAYA,WANITA,ODTW ALAM,0,ORANG,2016
394,JAWA BARAT,3206,KABUPATEN TASIKMALAYA,WANITA,ODTW BUDAYA,0,ORANG,2016
395,JAWA BARAT,3206,KABUPATEN TASIKMALAYA,WANITA,ODTW MINAT KHUSUS,0,ORANG,2016
396,JAWA BARAT,3273,KOTA BANDUNG,PRIA,ODTW ALAM,23,ORANG,2016
397,JAWA BARAT,3273,KOTA BANDUNG,PRIA,ODTW BUDAYA,58,ORANG,2016
398,JAWA BARAT,3273,KOTA BANDUNG,PRIA,ODTW MINAT KHUSUS,100,ORANG,2016
399,JAWA BARAT,3273,KOTA BANDUNG,WANITA,ODTW ALAM,29,ORANG,2016
400,JAWA BARAT,3273,KOTA BANDUNG,WANITA,ODTW BUDAYA,34,ORANG,2016
401,JAWA BARAT,3273,KOTA BANDUNG,WANITA,ODTW MINAT KHUSUS,76,ORANG,2016
402,JAWA BARAT,3279,KOTA BANJAR,PRIA,ODTW ALAM,2,ORANG,2016
403,JAWA BARAT,3279,KOTA BANJAR,PRIA,ODTW BUDAYA,0,ORANG,2016
404,JAWA BARAT,3279,KOTA BANJAR,PRIA,ODTW MINAT KHUSUS,0,ORANG,2016
405,JAWA BARAT,3279,KOTA BANJAR,WANITA,ODTW ALAM,2,ORANG,2016
406,JAWA BARAT,3279,KOTA BANJAR,WANITA,ODTW BUDAYA,0,ORANG,2016
407,JAWA BARAT,3279,KOTA BANJAR,WANITA,ODTW MINAT KHUSUS,0,ORANG,2016
408,JAWA BARAT,3275,KOTA BEKASI,PRIA,ODTW ALAM,0,ORANG,2016
409,JAWA BARAT,3275,KOTA BEKASI,PRIA,ODTW BUDAYA,0,ORANG,2016
410,JAWA BARAT,3275,KOTA BEKASI,PRIA,ODTW MINAT KHUSUS,0,ORANG,2016
411,JAWA BARAT,3275,KOTA BEKASI,WANITA,ODTW ALAM,0,ORANG,2016
412,JAWA BARAT,3275,KOTA BEKASI,WANITA,ODTW BUDAYA,0,ORANG,2016
413,JAWA BARAT,3275,KOTA BEKASI,WANITA,ODTW MINAT KHUSUS,0,ORANG,2016
414,JAWA BARAT,3277,KOTA CIMAHI,PRIA,ODTW ALAM,0,ORANG,2016
415,JAWA BARAT,3277,KOTA CIMAHI,PRIA,ODTW BUDAYA,0,ORANG,2016
416,JAWA BARAT,3277,KOTA CIMAHI,PRIA,ODTW MINAT KHUSUS,0,ORANG,2016
417,JAWA BARAT,3277,KOTA CIMAHI,WANITA,ODTW ALAM,0,ORANG,2016
418,JAWA BARAT,3277,KOTA CIMAHI,WANITA,ODTW BUDAYA,0,ORANG,2016
419,JAWA BARAT,3277,KOTA CIMAHI,WANITA,ODTW MINAT KHUSUS,0,ORANG,2016
420,JAWA BARAT,3274,KOTA CIREBON,PRIA,ODTW ALAM,6,ORANG,2016
421,JAWA BARAT,3274,KOTA CIREBON,PRIA,ODTW BUDAYA,95,ORANG,2016
422,JAWA BARAT,3274,KOTA CIREBON,PRIA,ODTW MINAT KHUSUS,5,ORANG,2016
423,JAWA BARAT,3274,KOTA CIREBON,WANITA,ODTW ALAM,2,ORANG,2016
424,JAWA BARAT,3274,KOTA CIREBON,WANITA,ODTW BUDAYA,8,ORANG,2016
425,JAWA BARAT,3274,KOTA CIREBON,WANITA,ODTW MINAT KHUSUS,2,ORANG,2016
426,JAWA BARAT,3276,KOTA DEPOK,PRIA,ODTW ALAM,36,ORANG,2016
427,JAWA BARAT,3276,KOTA DEPOK,PRIA,ODTW BUDAYA,0,ORANG,2016
428,JAWA BARAT,3276,KOTA DEPOK,PRIA,ODTW MINAT KHUSUS,1055,ORANG,2016
429,JAWA BARAT,3276,KOTA DEPOK,WANITA,ODTW ALAM,0,ORANG,2016
430,JAWA BARAT,3276,KOTA DEPOK,WANITA,ODTW BUDAYA,0,ORANG,2016
431,JAWA BARAT,3276,KOTA DEPOK,WANITA,ODTW MINAT KHUSUS,17,ORANG,2016
432,JAWA BARAT,3272,KOTA SUKABUMI,PRIA,ODTW ALAM,8,ORANG,2016
433,JAWA BARAT,3272,KOTA SUKABUMI,PRIA,ODTW BUDAYA,0,ORANG,2016
434,JAWA BARAT,3272,KOTA SUKABUMI,PRIA,ODTW MINAT KHUSUS,0,ORANG,2016
435,JAWA BARAT,3272,KOTA SUKABUMI,WANITA,ODTW ALAM,1,ORANG,2016
436,JAWA BARAT,3272,KOTA SUKABUMI,WANITA,ODTW BUDAYA,0,ORANG,2016
437,JAWA BARAT,3272,KOTA SUKABUMI,WANITA,ODTW MINAT KHUSUS,0,ORANG,2016
438,JAWA BARAT,3204,KABUPATEN BANDUNG,PRIA,ODTW ALAM,78,ORANG,2017
439,JAWA BARAT,3204,KABUPATEN BANDUNG,PRIA,ODTW BUDAYA,0,ORANG,2017
440,JAWA BARAT,3204,KABUPATEN BANDUNG,PRIA,ODTW MINAT KHUSUS,48,ORANG,2017
441,JAWA BARAT,3204,KABUPATEN BANDUNG,WANITA,ODTW ALAM,42,ORANG,2017
442,JAWA BARAT,3204,KABUPATEN BANDUNG,WANITA,ODTW BUDAYA,0,ORANG,2017
443,JAWA BARAT,3204,KABUPATEN BANDUNG,WANITA,ODTW MINAT KHUSUS,4,ORANG,2017
444,JAWA BARAT,3217,KABUPATEN BANDUNG BARAT,PRIA,ODTW ALAM,221,ORANG,2017
445,JAWA BARAT,3217,KABUPATEN BANDUNG BARAT,PRIA,ODTW BUDAYA,0,ORANG,2017
446,JAWA BARAT,3217,KABUPATEN BANDUNG BARAT,PRIA,ODTW MINAT KHUSUS,59,ORANG,2017
447,JAWA BARAT,3217,KABUPATEN BANDUNG BARAT,WANITA,ODTW ALAM,7,ORANG,2017
448,JAWA BARAT,3217,KABUPATEN BANDUNG BARAT,WANITA,ODTW BUDAYA,0,ORANG,2017
449,JAWA BARAT,3217,KABUPATEN BANDUNG BARAT,WANITA,ODTW MINAT KHUSUS,10,ORANG,2017
450,JAWA BARAT,3216,KABUPATEN BEKASI,PRIA,ODTW ALAM,0,ORANG,2017
451,JAWA BARAT,3216,KABUPATEN BEKASI,PRIA,ODTW BUDAYA,0,ORANG,2017
452,JAWA BARAT,3216,KABUPATEN BEKASI,PRIA,ODTW MINAT KHUSUS,6,ORANG,2017
453,JAWA BARAT,3216,KABUPATEN BEKASI,WANITA,ODTW ALAM,0,ORANG,2017
454,JAWA BARAT,3216,KABUPATEN BEKASI,WANITA,ODTW BUDAYA,0,ORANG,2017
455,JAWA BARAT,3216,KABUPATEN BEKASI,WANITA,ODTW MINAT KHUSUS,4,ORANG,2017
456,JAWA BARAT,3201,KABUPATEN BOGOR,PRIA,ODTW ALAM,591,ORANG,2017
457,JAWA BARAT,3201,KABUPATEN BOGOR,PRIA,ODTW BUDAYA,32,ORANG,2017
458,JAWA BARAT,3201,KABUPATEN BOGOR,PRIA,ODTW MINAT KHUSUS,3975,ORANG,2017
459,JAWA BARAT,3201,KABUPATEN BOGOR,WANITA,ODTW ALAM,106,ORANG,2017
460,JAWA BARAT,3201,KABUPATEN BOGOR,WANITA,ODTW BUDAYA,10,ORANG,2017
461,JAWA BARAT,3201,KABUPATEN BOGOR,WANITA,ODTW MINAT KHUSUS,1900,ORANG,2017
462,JAWA BARAT,3207,KABUPATEN CIAMIS,PRIA,ODTW ALAM,41,ORANG,2017
463,JAWA BARAT,3207,KABUPATEN CIAMIS,PRIA,ODTW BUDAYA,13,ORANG,2017
464,JAWA BARAT,3207,KABUPATEN CIAMIS,PRIA,ODTW MINAT KHUSUS,3,ORANG,2017
465,JAWA BARAT,3207,KABUPATEN CIAMIS,WANITA,ODTW ALAM,1,ORANG,2017
466,JAWA BARAT,3207,KABUPATEN CIAMIS,WANITA,ODTW BUDAYA,2,ORANG,2017
467,JAWA BARAT,3207,KABUPATEN CIAMIS,WANITA,ODTW MINAT KHUSUS,0,ORANG,2017
468,JAWA BARAT,3203,KABUPATEN CIANJUR,PRIA,ODTW ALAM,115,ORANG,2017
469,JAWA BARAT,3203,KABUPATEN CIANJUR,PRIA,ODTW BUDAYA,45,ORANG,2017
470,JAWA BARAT,3203,KABUPATEN CIANJUR,PRIA,ODTW MINAT KHUSUS,146,ORANG,2017
471,JAWA BARAT,3203,KABUPATEN CIANJUR,WANITA,ODTW ALAM,39,ORANG,2017
472,JAWA BARAT,3203,KABUPATEN CIANJUR,WANITA,ODTW BUDAYA,20,ORANG,2017
473,JAWA BARAT,3203,KABUPATEN CIANJUR,WANITA,ODTW MINAT KHUSUS,65,ORANG,2017
474,JAWA BARAT,3209,KABUPATEN CIREBON,PRIA,ODTW ALAM,9,ORANG,2017
475,JAWA BARAT,3209,KABUPATEN CIREBON,PRIA,ODTW BUDAYA,61,ORANG,2017
476,JAWA BARAT,3209,KABUPATEN CIREBON,PRIA,ODTW MINAT KHUSUS,0,ORANG,2017
477,JAWA BARAT,3209,KABUPATEN CIREBON,WANITA,ODTW ALAM,0,ORANG,2017
478,JAWA BARAT,3209,KABUPATEN CIREBON,WANITA,ODTW BUDAYA,0,ORANG,2017
479,JAWA BARAT,3209,KABUPATEN CIREBON,WANITA,ODTW MINAT KHUSUS,0,ORANG,2017
480,JAWA BARAT,3205,KABUPATEN GARUT,PRIA,ODTW ALAM,438,ORANG,2017
481,JAWA BARAT,3205,KABUPATEN GARUT,PRIA,ODTW BUDAYA,30,ORANG,2017
482,JAWA BARAT,3205,KABUPATEN GARUT,PRIA,ODTW MINAT KHUSUS,24,ORANG,2017
483,JAWA BARAT,3205,KABUPATEN GARUT,WANITA,ODTW ALAM,33,ORANG,2017
484,JAWA BARAT,3205,KABUPATEN GARUT,WANITA,ODTW BUDAYA,6,ORANG,2017
485,JAWA BARAT,3205,KABUPATEN GARUT,WANITA,ODTW MINAT KHUSUS,6,ORANG,2017
486,JAWA BARAT,3212,KABUPATEN INDRAMAYU,PRIA,ODTW ALAM,14,ORANG,2017
487,JAWA BARAT,3212,KABUPATEN INDRAMAYU,PRIA,ODTW BUDAYA,0,ORANG,2017
488,JAWA BARAT,3212,KABUPATEN INDRAMAYU,PRIA,ODTW MINAT KHUSUS,0,ORANG,2017
489,JAWA BARAT,3212,KABUPATEN INDRAMAYU,WANITA,ODTW ALAM,3,ORANG,2017
490,JAWA BARAT,3212,KABUPATEN INDRAMAYU,WANITA,ODTW BUDAYA,0,ORANG,2017
491,JAWA BARAT,3212,KABUPATEN INDRAMAYU,WANITA,ODTW MINAT KHUSUS,0,ORANG,2017
492,JAWA BARAT,3215,KABUPATEN KARAWANG,PRIA,ODTW ALAM,56,ORANG,2017
493,JAWA BARAT,3215,KABUPATEN KARAWANG,PRIA,ODTW BUDAYA,49,ORANG,2017
494,JAWA BARAT,3215,KABUPATEN KARAWANG,PRIA,ODTW MINAT KHUSUS,26,ORANG,2017
495,JAWA BARAT,3215,KABUPATEN KARAWANG,WANITA,ODTW ALAM,13,ORANG,2017
496,JAWA BARAT,3215,KABUPATEN KARAWANG,WANITA,ODTW BUDAYA,6,ORANG,2017
497,JAWA BARAT,3215,KABUPATEN KARAWANG,WANITA,ODTW MINAT KHUSUS,7,ORANG,2017
498,JAWA BARAT,3208,KABUPATEN KUNINGAN,PRIA,ODTW ALAM,121,ORANG,2017
499,JAWA BARAT,3208,KABUPATEN KUNINGAN,PRIA,ODTW BUDAYA,67,ORANG,2017
500,JAWA BARAT,3208,KABUPATEN KUNINGAN,PRIA,ODTW MINAT KHUSUS,12,ORANG,2017
501,JAWA BARAT,3208,KABUPATEN KUNINGAN,WANITA,ODTW ALAM,34,ORANG,2017
502,JAWA BARAT,3208,KABUPATEN KUNINGAN,WANITA,ODTW BUDAYA,15,ORANG,2017
503,JAWA BARAT,3208,KABUPATEN KUNINGAN,WANITA,ODTW MINAT KHUSUS,4,ORANG,2017
504,JAWA BARAT,3210,KABUPATEN MAJALENGKA,PRIA,ODTW ALAM,116,ORANG,2017
505,JAWA BARAT,3210,KABUPATEN MAJALENGKA,PRIA,ODTW BUDAYA,0,ORANG,2017
506,JAWA BARAT,3210,KABUPATEN MAJALENGKA,PRIA,ODTW MINAT KHUSUS,50,ORANG,2017
507,JAWA BARAT,3210,KABUPATEN MAJALENGKA,WANITA,ODTW ALAM,8,ORANG,2017
508,JAWA BARAT,3210,KABUPATEN MAJALENGKA,WANITA,ODTW BUDAYA,0,ORANG,2017
509,JAWA BARAT,3210,KABUPATEN MAJALENGKA,WANITA,ODTW MINAT KHUSUS,11,ORANG,2017
510,JAWA BARAT,3218,KABUPATEN PANGANDARAN,PRIA,ODTW ALAM,0,ORANG,2017
511,JAWA BARAT,3218,KABUPATEN PANGANDARAN,PRIA,ODTW BUDAYA,0,ORANG,2017
512,JAWA BARAT,3218,KABUPATEN PANGANDARAN,PRIA,ODTW MINAT KHUSUS,0,ORANG,2017
513,JAWA BARAT,3218,KABUPATEN PANGANDARAN,WANITA,ODTW ALAM,0,ORANG,2017
514,JAWA BARAT,3218,KABUPATEN PANGANDARAN,WANITA,ODTW BUDAYA,0,ORANG,2017
515,JAWA BARAT,3218,KABUPATEN PANGANDARAN,WANITA,ODTW MINAT KHUSUS,0,ORANG,2017
516,JAWA BARAT,3214,KABUPATEN PURWAKARTA,PRIA,ODTW ALAM,21,ORANG,2017
517,JAWA BARAT,3214,KABUPATEN PURWAKARTA,PRIA,ODTW BUDAYA,3,ORANG,2017
518,JAWA BARAT,3214,KABUPATEN PURWAKARTA,PRIA,ODTW MINAT KHUSUS,36,ORANG,2017
519,JAWA BARAT,3214,KABUPATEN PURWAKARTA,WANITA,ODTW ALAM,4,ORANG,2017
520,JAWA BARAT,3214,KABUPATEN PURWAKARTA,WANITA,ODTW BUDAYA,2,ORANG,2017
521,JAWA BARAT,3214,KABUPATEN PURWAKARTA,WANITA,ODTW MINAT KHUSUS,13,ORANG,2017
522,JAWA BARAT,3213,KABUPATEN SUBANG,PRIA,ODTW ALAM,376,ORANG,2017
523,JAWA BARAT,3213,KABUPATEN SUBANG,PRIA,ODTW BUDAYA,23,ORANG,2017
524,JAWA BARAT,3213,KABUPATEN SUBANG,PRIA,ODTW MINAT KHUSUS,349,ORANG,2017
525,JAWA BARAT,3213,KABUPATEN SUBANG,WANITA,ODTW ALAM,59,ORANG,2017
526,JAWA BARAT,3213,KABUPATEN SUBANG,WANITA,ODTW BUDAYA,7,ORANG,2017
527,JAWA BARAT,3213,KABUPATEN SUBANG,WANITA,ODTW MINAT KHUSUS,96,ORANG,2017
528,JAWA BARAT,3202,KABUPATEN SUKABUMI,PRIA,ODTW ALAM,62,ORANG,2017
529,JAWA BARAT,3202,KABUPATEN SUKABUMI,PRIA,ODTW BUDAYA,13,ORANG,2017
530,JAWA BARAT,3202,KABUPATEN SUKABUMI,PRIA,ODTW MINAT KHUSUS,22,ORANG,2017
531,JAWA BARAT,3202,KABUPATEN SUKABUMI,WANITA,ODTW ALAM,11,ORANG,2017
532,JAWA BARAT,3202,KABUPATEN SUKABUMI,WANITA,ODTW BUDAYA,8,ORANG,2017
533,JAWA BARAT,3202,KABUPATEN SUKABUMI,WANITA,ODTW MINAT KHUSUS,30,ORANG,2017
534,JAWA BARAT,3211,KABUPATEN SUMEDANG,PRIA,ODTW ALAM,18,ORANG,2017
535,JAWA BARAT,3211,KABUPATEN SUMEDANG,PRIA,ODTW BUDAYA,43,ORANG,2017
536,JAWA BARAT,3211,KABUPATEN SUMEDANG,PRIA,ODTW MINAT KHUSUS,245,ORANG,2017
537,JAWA BARAT,3211,KABUPATEN SUMEDANG,WANITA,ODTW ALAM,4,ORANG,2017
538,JAWA BARAT,3211,KABUPATEN SUMEDANG,WANITA,ODTW BUDAYA,49,ORANG,2017
539,JAWA BARAT,3211,KABUPATEN SUMEDANG,WANITA,ODTW MINAT KHUSUS,77,ORANG,2017
540,JAWA BARAT,3206,KABUPATEN TASIKMALAYA,PRIA,ODTW ALAM,41,ORANG,2017
541,JAWA BARAT,3206,KABUPATEN TASIKMALAYA,PRIA,ODTW BUDAYA,11,ORANG,2017
542,JAWA BARAT,3206,KABUPATEN TASIKMALAYA,PRIA,ODTW MINAT KHUSUS,2,ORANG,2017
543,JAWA BARAT,3206,KABUPATEN TASIKMALAYA,WANITA,ODTW ALAM,0,ORANG,2017
544,JAWA BARAT,3206,KABUPATEN TASIKMALAYA,WANITA,ODTW BUDAYA,0,ORANG,2017
545,JAWA BARAT,3206,KABUPATEN TASIKMALAYA,WANITA,ODTW MINAT KHUSUS,0,ORANG,2017
546,JAWA BARAT,3273,KOTA BANDUNG,PRIA,ODTW ALAM,23,ORANG,2017
547,JAWA BARAT,3273,KOTA BANDUNG,PRIA,ODTW BUDAYA,58,ORANG,2017
548,JAWA BARAT,3273,KOTA BANDUNG,PRIA,ODTW MINAT KHUSUS,100,ORANG,2017
549,JAWA BARAT,3273,KOTA BANDUNG,WANITA,ODTW ALAM,29,ORANG,2017
550,JAWA BARAT,3273,KOTA BANDUNG,WANITA,ODTW BUDAYA,34,ORANG,2017
551,JAWA BARAT,3273,KOTA BANDUNG,WANITA,ODTW MINAT KHUSUS,76,ORANG,2017
552,JAWA BARAT,3279,KOTA BANJAR,PRIA,ODTW ALAM,2,ORANG,2017
553,JAWA BARAT,3279,KOTA BANJAR,PRIA,ODTW BUDAYA,0,ORANG,2017
554,JAWA BARAT,3279,KOTA BANJAR,PRIA,ODTW MINAT KHUSUS,0,ORANG,2017
555,JAWA BARAT,3279,KOTA BANJAR,WANITA,ODTW ALAM,2,ORANG,2017
556,JAWA BARAT,3279,KOTA BANJAR,WANITA,ODTW BUDAYA,0,ORANG,2017
557,JAWA BARAT,3279,KOTA BANJAR,WANITA,ODTW MINAT KHUSUS,0,ORANG,2017
558,JAWA BARAT,3275,KOTA BEKASI,PRIA,ODTW ALAM,0,ORANG,2017
559,JAWA BARAT,3275,KOTA BEKASI,PRIA,ODTW BUDAYA,0,ORANG,2017
560,JAWA BARAT,3275,KOTA BEKASI,PRIA,ODTW MINAT KHUSUS,0,ORANG,2017
561,JAWA BARAT,3275,KOTA BEKASI,WANITA,ODTW ALAM,0,ORANG,2017
562,JAWA BARAT,3275,KOTA BEKASI,WANITA,ODTW BUDAYA,0,ORANG,2017
563,JAWA BARAT,3275,KOTA BEKASI,WANITA,ODTW MINAT KHUSUS,0,ORANG,2017
564,JAWA BARAT,3277,KOTA CIMAHI,PRIA,ODTW ALAM,26,ORANG,2017
565,JAWA BARAT,3277,KOTA CIMAHI,PRIA,ODTW BUDAYA,12,ORANG,2017
566,JAWA BARAT,3277,KOTA CIMAHI,PRIA,ODTW MINAT KHUSUS,14,ORANG,2017
567,JAWA BARAT,3277,KOTA CIMAHI,WANITA,ODTW ALAM,18,ORANG,2017
568,JAWA BARAT,3277,KOTA CIMAHI,WANITA,ODTW BUDAYA,8,ORANG,2017
569,JAWA BARAT,3277,KOTA CIMAHI,WANITA,ODTW MINAT KHUSUS,16,ORANG,2017
570,JAWA BARAT,3274,KOTA CIREBON,PRIA,ODTW ALAM,6,ORANG,2017
571,JAWA BARAT,3274,KOTA CIREBON,PRIA,ODTW BUDAYA,95,ORANG,2017
572,JAWA BARAT,3274,KOTA CIREBON,PRIA,ODTW MINAT KHUSUS,5,ORANG,2017
573,JAWA BARAT,3274,KOTA CIREBON,WANITA,ODTW ALAM,2,ORANG,2017
574,JAWA BARAT,3274,KOTA CIREBON,WANITA,ODTW BUDAYA,8,ORANG,2017
575,JAWA BARAT,3274,KOTA CIREBON,WANITA,ODTW MINAT KHUSUS,2,ORANG,2017
576,JAWA BARAT,3276,KOTA DEPOK,PRIA,ODTW ALAM,36,ORANG,2017
577,JAWA BARAT,3276,KOTA DEPOK,PRIA,ODTW BUDAYA,0,ORANG,2017
578,JAWA BARAT,3276,KOTA DEPOK,PRIA,ODTW MINAT KHUSUS,1055,ORANG,2017
579,JAWA BARAT,3276,KOTA DEPOK,WANITA,ODTW ALAM,0,ORANG,2017
580,JAWA BARAT,3276,KOTA DEPOK,WANITA,ODTW BUDAYA,0,ORANG,2017
581,JAWA BARAT,3276,KOTA DEPOK,WANITA,ODTW MINAT KHUSUS,17,ORANG,2017
582,JAWA BARAT,3272,KOTA SUKABUMI,PRIA,ODTW ALAM,8,ORANG,2017
583,JAWA BARAT,3272,KOTA SUKABUMI,PRIA,ODTW BUDAYA,0,ORANG,2017
584,JAWA BARAT,3272,KOTA SUKABUMI,PRIA,ODTW MINAT KHUSUS,0,ORANG,2017
585,JAWA BARAT,3272,KOTA SUKABUMI,WANITA,ODTW ALAM,1,ORANG,2017
586,JAWA BARAT,3272,KOTA SUKABUMI,WANITA,ODTW BUDAYA,0,ORANG,2017
587,JAWA BARAT,3272,KOTA SUKABUMI,WANITA,ODTW MINAT KHUSUS,0,ORANG,2017
