id,kode_provinsi,nama_provinsi,kode_kabupaten_kota,nama_kabupaten_kota,wilayah_uptd,no_ruas,nama_ruas_jalan,lebar_rata_rata,satuan,tahun
1,32,JAWA BARAT,3201,KABUPATEN BOGOR,UPTD PENGELOLAAN JALAN DAN JEMBATAN WILAYAH PELAYANAN I,97,NAROGONG - CILEUNGSI,8.3,KILOMETER,2019
2,32,JAWA BARAT,3201,KABUPATEN BOGOR,UPTD PENGELOLAAN JALAN DAN JEMBATAN WILAYAH PELAYANAN I,97,CILEUNGSI - CIBINONG (CITEUREUP),8.2,KILOMETER,2019
3,32,JAWA BARAT,3201,KABUPATEN BOGOR,UPTD PENGELOLAAN JALAN DAN JEMBATAN WILAYAH PELAYANAN I,97,JL. MAYOR OKING (CITEUREUP),7.8,KILOMETER,2019
4,32,JAWA BARAT,3201,KABUPATEN BOGOR,UPTD PENGELOLAAN JALAN DAN JEMBATAN WILAYAH PELAYANAN I,97,JL. MAYOR OKING (CIBINONG),15,KILOMETER,2019
5,32,JAWA BARAT,3201,KABUPATEN BOGOR,UPTD PENGELOLAAN JALAN DAN JEMBATAN WILAYAH PELAYANAN I,202,JL. MOCH. TOHHA (PARUNG PANJANG),7,KILOMETER,2019
6,32,JAWA BARAT,3201,KABUPATEN BOGOR,UPTD PENGELOLAAN JALAN DAN JEMBATAN WILAYAH PELAYANAN I,202,PARUNG PANJANG - BUNAR,6,KILOMETER,2019
7,32,JAWA BARAT,3201,KABUPATEN BOGOR,UPTD PENGELOLAAN JALAN DAN JEMBATAN WILAYAH PELAYANAN I,203,BTS. TANGGERANG/BOGOR - PARUNG,7,KILOMETER,2019
8,32,JAWA BARAT,3201,KABUPATEN BOGOR,UPTD PENGELOLAAN JALAN DAN JEMBATAN WILAYAH PELAYANAN I,216,PONDOK RAJEG - HARAPANG JAYA (CIBINONG),6,KILOMETER,2019
9,32,JAWA BARAT,3201,KABUPATEN BOGOR,UPTD PENGELOLAAN JALAN DAN JEMBATAN WILAYAH PELAYANAN I,216,HARAPANG JAYA (CIBINONG) - BTS.KOTA BOGOR (KEDUNGHALANG,12.2,KILOMETER,2019
10,32,JAWA BARAT,3201,KABUPATEN BOGOR,UPTD PENGELOLAAN JALAN DAN JEMBATAN WILAYAH PELAYANAN I,231,CIBARUSAH - CIBUCIL,7,KILOMETER,2019
11,32,JAWA BARAT,3201,KABUPATEN BOGOR,UPTD PENGELOLAAN JALAN DAN JEMBATAN WILAYAH PELAYANAN I,233,CILEUNGSI - CIBEET,7,KILOMETER,2019
12,32,JAWA BARAT,3201,KABUPATEN BOGOR,UPTD PENGELOLAAN JALAN DAN JEMBATAN WILAYAH PELAYANAN I,391,CARIU - JAGATAMU/BAGED (BTS. KAB. BOGOR/KARAWANG,5,KILOMETER,2019
13,32,JAWA BARAT,3202,KABUPATEN SUKABUMI,UPTD PENGELOLAAN JALAN DAN JEMBATAN WILAYAH PELAYANAN II,191,SUKABUMI (BAROS) - SAGARENTEN,4.6,KILOMETER,2019
14,32,JAWA BARAT,3202,KABUPATEN SUKABUMI,UPTD PENGELOLAAN JALAN DAN JEMBATAN WILAYAH PELAYANAN II,191,JL. RAYA SAGARENTEN (SAGARENTEN),4.6,KILOMETER,2019
15,32,JAWA BARAT,3202,KABUPATEN SUKABUMI,UPTD PENGELOLAAN JALAN DAN JEMBATAN WILAYAH PELAYANAN II,192,SAGARENTEN - TEGALBULEUD,4.1,KILOMETER,2019
16,32,JAWA BARAT,3202,KABUPATEN SUKABUMI,UPTD PENGELOLAAN JALAN DAN JEMBATAN WILAYAH PELAYANAN II,192,JL. GUDANG (SAGARENTEN),5.3,KILOMETER,2019
17,32,JAWA BARAT,3202,KABUPATEN SUKABUMI,UPTD PENGELOLAAN JALAN DAN JEMBATAN WILAYAH PELAYANAN II,193,SUKABUMI - CIKEMBAR,6,KILOMETER,2019
18,32,JAWA BARAT,3202,KABUPATEN SUKABUMI,UPTD PENGELOLAAN JALAN DAN JEMBATAN WILAYAH PELAYANAN II,193,JL. LINGKAR SUKABUMI (CIBOLANG - PELABUHAN II) segmen - 1,7.5,KILOMETER,2019
19,32,JAWA BARAT,3202,KABUPATEN SUKABUMI,UPTD PENGELOLAAN JALAN DAN JEMBATAN WILAYAH PELAYANAN II,193,"JL. LINGKAR MESJID RAUDATUL IRVAN (CISAAT,CIBOLANG,SUKABUMI)",6,KILOMETER,2019
20,32,JAWA BARAT,3202,KABUPATEN SUKABUMI,UPTD PENGELOLAAN JALAN DAN JEMBATAN WILAYAH PELAYANAN II,194,CIKEMBAR - CIKEMBANG,6,KILOMETER,2019
21,32,JAWA BARAT,3202,KABUPATEN SUKABUMI,UPTD PENGELOLAAN JALAN DAN JEMBATAN WILAYAH PELAYANAN II,195,CIKEMBAR - JAMPANG TENGAH,4.7,KILOMETER,2019
22,32,JAWA BARAT,3202,KABUPATEN SUKABUMI,UPTD PENGELOLAAN JALAN DAN JEMBATAN WILAYAH PELAYANAN II,196,JAMPANG TENGAH - KIARA DUA,4.6,KILOMETER,2019
23,32,JAWA BARAT,3202,KABUPATEN SUKABUMI,UPTD PENGELOLAAN JALAN DAN JEMBATAN WILAYAH PELAYANAN II,197,SP.SURADE - UJUNG GENTENG,4.5,KILOMETER,2019
24,32,JAWA BARAT,3202,KABUPATEN SUKABUMI,UPTD PENGELOLAAN JALAN DAN JEMBATAN WILAYAH PELAYANAN II,198,JL. BHAYANGKARA (PELABUAHAN RATU),7.9,KILOMETER,2019
25,32,JAWA BARAT,3202,KABUPATEN SUKABUMI,UPTD PENGELOLAAN JALAN DAN JEMBATAN WILAYAH PELAYANAN II,198,CIBADAK - CIKIDANG - PELABUHAN RATU,5,KILOMETER,2019
26,32,JAWA BARAT,3202,KABUPATEN SUKABUMI,UPTD PENGELOLAAN JALAN DAN JEMBATAN WILAYAH PELAYANAN II,199,SP. KARANGHAWU - BTS. PROV. BANTEN (CIKOTOK),4.5,KILOMETER,2019
27,32,JAWA BARAT,3202,KABUPATEN SUKABUMI,UPTD PENGELOLAAN JALAN DAN JEMBATAN WILAYAH PELAYANAN II,391,WALURAN - MARELENG - PALANGPANG,4,KILOMETER,2019
28,32,JAWA BARAT,3202,KABUPATEN SUKABUMI,UPTD PENGELOLAAN JALAN DAN JEMBATAN WILAYAH PELAYANAN II,392,PALANGPANG - PUNCAK DARMA,-,KILOMETER,2019
29,32,JAWA BARAT,3202,KABUPATEN SUKABUMI,UPTD PENGELOLAAN JALAN DAN JEMBATAN WILAYAH PELAYANAN II,392,SP.3 LOJI (TEGALNYAMPAI) - CIBUTUN,4.5,KILOMETER,2019
30,32,JAWA BARAT,3202,KABUPATEN SUKABUMI,UPTD PENGELOLAAN JALAN DAN JEMBATAN WILAYAH PELAYANAN II,392,CIBUTUN - BALEWER,4.5,KILOMETER,2019
31,32,JAWA BARAT,3202,KABUPATEN SUKABUMI,UPTD PENGELOLAAN JALAN DAN JEMBATAN WILAYAH PELAYANAN II,392,BALEWER - PUNCAK DARMA,4.5,KILOMETER,2019
32,32,JAWA BARAT,3203,KABUPATEN CIANJUR,UPTD PENGELOLAAN JALAN DAN JEMBATAN WILAYAH PELAYANAN I,182,SP.3 PERINTIS KEMERDEKAAN (PASIR HAYAM) - CIBEBER,7,KILOMETER,2019
33,32,JAWA BARAT,3203,KABUPATEN CIANJUR,UPTD PENGELOLAAN JALAN DAN JEMBATAN WILAYAH PELAYANAN I,182,JL. RAYA CIBEBER (CIBEBER),6,KILOMETER,2019
34,32,JAWA BARAT,3203,KABUPATEN CIANJUR,UPTD PENGELOLAAN JALAN DAN JEMBATAN WILAYAH PELAYANAN I,183,CIBEBER - SUKANAGARA,6,KILOMETER,2019
35,32,JAWA BARAT,3203,KABUPATEN CIANJUR,UPTD PENGELOLAAN JALAN DAN JEMBATAN WILAYAH PELAYANAN I,183,JL. RAYA SUKANAGARA (SUKANAGARA),6,KILOMETER,2019
36,32,JAWA BARAT,3203,KABUPATEN CIANJUR,UPTD PENGELOLAAN JALAN DAN JEMBATAN WILAYAH PELAYANAN I,184,SUKANAGARA - SINDANGBARANG,4.5,KILOMETER,2019
37,32,JAWA BARAT,3203,KABUPATEN CIANJUR,UPTD PENGELOLAAN JALAN DAN JEMBATAN WILAYAH PELAYANAN I,184,JL. RAYA SUKANAGARA (SINDANGBARANG),4.5,KILOMETER,2019
38,32,JAWA BARAT,3203,KABUPATEN CIANJUR,UPTD PENGELOLAAN JALAN DAN JEMBATAN WILAYAH PELAYANAN I,234,SELAJAMBE - CIBOGO - CIBEET,7,KILOMETER,2019
39,32,JAWA BARAT,3203,KABUPATEN CIANJUR,UPTD PENGELOLAAN JALAN DAN JEMBATAN WILAYAH PELAYANAN I,241,JBT. CITARUM LAMA - CIHAUR WANGI/CIPEUYEUM,6,KILOMETER,2019
40,32,JAWA BARAT,3203,KABUPATEN CIANJUR,UPTD PENGELOLAAN JALAN DAN JEMBATAN WILAYAH PELAYANAN I,396,SIMPANG MUARA CIKADU - SIMPANG PANCUH TILU,4,KILOMETER,2019
41,32,JAWA BARAT,3203,KABUPATEN CIANJUR,UPTD PENGELOLAAN JALAN DAN JEMBATAN WILAYAH PELAYANAN I,397,SIMPANG PANCUH TILU - CIKADU,4,KILOMETER,2019
42,32,JAWA BARAT,3203,KABUPATEN CIANJUR,UPTD PENGELOLAAN JALAN DAN JEMBATAN WILAYAH PELAYANAN I,398,CIKADU - KEBON MUNCANG - BTS. KAB.BANDUNG/CIANJUR,4,KILOMETER,2019
43,32,JAWA BARAT,3204,KABUPATEN BANDUNG,UPTD PENGELOLAAN JALAN DAN JEMBATAN WILAYAH PELAYANAN III,106,BANDUNG  ( KOPO ) -  SOREANG,13.8,KILOMETER,2019
44,32,JAWA BARAT,3204,KABUPATEN BANDUNG,UPTD PENGELOLAAN JALAN DAN JEMBATAN WILAYAH PELAYANAN III,161,DAYEUH KOLOT - BANJARAN,6.5,KILOMETER,2019
45,32,JAWA BARAT,3204,KABUPATEN BANDUNG,UPTD PENGELOLAAN JALAN DAN JEMBATAN WILAYAH PELAYANAN III,161,JL. RAYA DAYEUH KOLOT (DAYEUH KOLOT),7,KILOMETER,2019
46,32,JAWA BARAT,3204,KABUPATEN BANDUNG,UPTD PENGELOLAAN JALAN DAN JEMBATAN WILAYAH PELAYANAN III,161,JL. RAYA BANJARAN (BANJARAN),7,KILOMETER,2019
47,32,JAWA BARAT,3204,KABUPATEN BANDUNG,UPTD PENGELOLAAN JALAN DAN JEMBATAN WILAYAH PELAYANAN III,162,BANJARAN - PANGALENGAN,6,KILOMETER,2019
48,32,JAWA BARAT,3204,KABUPATEN BANDUNG,UPTD PENGELOLAAN JALAN DAN JEMBATAN WILAYAH PELAYANAN III,163,PANGALENGAN - CUKUL (BTS.BANDUNG/GARUT),6,KILOMETER,2019
49,32,JAWA BARAT,3204,KABUPATEN BANDUNG,UPTD PENGELOLAAN JALAN DAN JEMBATAN WILAYAH PELAYANAN III,163,JL. RAYA CISEWU (PANGALENGAN),6,KILOMETER,2019
50,32,JAWA BARAT,3204,KABUPATEN BANDUNG,UPTD PENGELOLAAN JALAN DAN JEMBATAN WILAYAH PELAYANAN III,171,JL. NANJUNG - PATROL,5.2,KILOMETER,2019
51,32,JAWA BARAT,3204,KABUPATEN BANDUNG,UPTD PENGELOLAAN JALAN DAN JEMBATAN WILAYAH PELAYANAN III,349,NAGREG - BTS.BANDUNG/GARUT,8.5,KILOMETER,2019
52,32,JAWA BARAT,3204,KABUPATEN BANDUNG,UPTD PENGELOLAAN JALAN DAN JEMBATAN WILAYAH PELAYANAN III,365,TERUSAN BUAHBATU (BTS.KOTA/KAB.BANDUNG) - BOJONGSOANG,12.8,KILOMETER,2019
53,32,JAWA BARAT,3204,KABUPATEN BANDUNG,UPTD PENGELOLAAN JALAN DAN JEMBATAN WILAYAH PELAYANAN III,365,BOJONGSOANG - Sp.MUNJUL (JL. SILIWANGI),7,KILOMETER,2019
54,32,JAWA BARAT,3204,KABUPATEN BANDUNG,UPTD PENGELOLAAN JALAN DAN JEMBATAN WILAYAH PELAYANAN III,365,Sp.MUNJUL - CIPARAY (JL. Sp. MUNJUL - JL. RAYA LASWI (CIPARAY),6.5,KILOMETER,2019
55,32,JAWA BARAT,3204,KABUPATEN BANDUNG,UPTD PENGELOLAAN JALAN DAN JEMBATAN WILAYAH PELAYANAN III,365,JL. RAYA LASWI (CIPARAY),6.5,KILOMETER,2019
56,32,JAWA BARAT,3204,KABUPATEN BANDUNG,UPTD PENGELOLAAN JALAN DAN JEMBATAN WILAYAH PELAYANAN III,365,JL. RAYA LASWI (s.d SP.3 JL. CKAREO/JL.TENGAH) MAJALAYA,6.5,KILOMETER,2019
57,32,JAWA BARAT,3204,KABUPATEN BANDUNG,UPTD PENGELOLAAN JALAN DAN JEMBATAN WILAYAH PELAYANAN III,367,MAJALAYA (SP.3 JL.CIKAREO/JL.TENGAH) - SAWAHBERA - (SP.3 CIJAPATI) -,6.5,KILOMETER,2019
58,32,JAWA BARAT,3204,KABUPATEN BANDUNG,UPTD PENGELOLAAN JALAN DAN JEMBATAN WILAYAH PELAYANAN III,398,BTS. KAB.BANDUNG/CIANJUR - PONDOK DATAR,5,KILOMETER,2019
59,32,JAWA BARAT,3204,KABUPATEN BANDUNG,UPTD PENGELOLAAN JALAN DAN JEMBATAN WILAYAH PELAYANAN III,400,CIPAMOKOLAN (BTS. KOTA BANDUNG/JBT TOL) - SP. MANIRANCAN -,5,KILOMETER,2019
60,32,JAWA BARAT,3204,KABUPATEN BANDUNG,UPTD PENGELOLAAN JALAN DAN JEMBATAN WILAYAH PELAYANAN III,401,SP.3 PANENJOAN - SAWAHBERA (SP.CIJAPATI),7,KILOMETER,2019
61,32,JAWA BARAT,3204,KABUPATEN BANDUNG,UPTD PENGELOLAAN JALAN DAN JEMBATAN WILAYAH PELAYANAN III,402,PARAKAN MUNCANG - SP.3 PANENJOAN,6,KILOMETER,2019
62,32,JAWA BARAT,3205,KABUPATEN GARUT,UPTD PENGELOLAAN JALAN DAN JEMBATAN WILAYAH PELAYANAN IV,164,CUKUL (BTS.BANDUNG/GARUT) - SP.GENTENG,6,KILOMETER,2019
63,32,JAWA BARAT,3205,KABUPATEN GARUT,UPTD PENGELOLAAN JALAN DAN JEMBATAN WILAYAH PELAYANAN IV,164,SP.GENTENG - SP.TALEGONG (SUKAMULA),6,KILOMETER,2019
64,32,JAWA BARAT,3205,KABUPATEN GARUT,UPTD PENGELOLAAN JALAN DAN JEMBATAN WILAYAH PELAYANAN IV,164,SP.TALEGONG (SUKAMULA)-CISEWU-SIKARAME-RANCABUAYA (PALEMBUHAN),5,KILOMETER,2019
65,32,JAWA BARAT,3205,KABUPATEN GARUT,UPTD PENGELOLAAN JALAN DAN JEMBATAN WILAYAH PELAYANAN IV,284,MALANGBONG - BTS. GARUT/SUMEDANG,5,KILOMETER,2019
66,32,JAWA BARAT,3205,KABUPATEN GARUT,UPTD PENGELOLAAN JALAN DAN JEMBATAN WILAYAH PELAYANAN IV,345,JL. SUHERMAN (GARUT),6,KILOMETER,2019
67,32,JAWA BARAT,3205,KABUPATEN GARUT,UPTD PENGELOLAAN JALAN DAN JEMBATAN WILAYAH PELAYANAN IV,345,JL. MERDEKA (GARUT),6,KILOMETER,2019
68,32,JAWA BARAT,3205,KABUPATEN GARUT,UPTD PENGELOLAAN JALAN DAN JEMBATAN WILAYAH PELAYANAN IV,345,JL. JEND. SUDIRMAN (GARUT),6,KILOMETER,2019
69,32,JAWA BARAT,3205,KABUPATEN GARUT,UPTD PENGELOLAAN JALAN DAN JEMBATAN WILAYAH PELAYANAN IV,345,JL. BRATAYUDA (GARUT),6,KILOMETER,2019
70,32,JAWA BARAT,3205,KABUPATEN GARUT,UPTD PENGELOLAAN JALAN DAN JEMBATAN WILAYAH PELAYANAN IV,345,JL. CILEDUG (GARUT),6,KILOMETER,2019
71,32,JAWA BARAT,3205,KABUPATEN GARUT,UPTD PENGELOLAAN JALAN DAN JEMBATAN WILAYAH PELAYANAN IV,345,GARUT - BTS. GARUT/TASIKMALAYA,6,KILOMETER,2019
72,32,JAWA BARAT,3205,KABUPATEN GARUT,UPTD PENGELOLAAN JALAN DAN JEMBATAN WILAYAH PELAYANAN IV,348,KADUNGORA (LELES) - CIBATU - SASAKBEUSI,4,KILOMETER,2019
73,32,JAWA BARAT,3205,KABUPATEN GARUT,UPTD PENGELOLAAN JALAN DAN JEMBATAN WILAYAH PELAYANAN IV,350,BTS. BANDUNG/GARUT - GARUT,6,KILOMETER,2019
74,32,JAWA BARAT,3205,KABUPATEN GARUT,UPTD PENGELOLAAN JALAN DAN JEMBATAN WILAYAH PELAYANAN IV,350,JL. OTISTA (GARUT),6,KILOMETER,2019
75,32,JAWA BARAT,3205,KABUPATEN GARUT,UPTD PENGELOLAAN JALAN DAN JEMBATAN WILAYAH PELAYANAN IV,350,JL. CIMANUK I (GARUT),6,KILOMETER,2019
76,32,JAWA BARAT,3205,KABUPATEN GARUT,UPTD PENGELOLAAN JALAN DAN JEMBATAN WILAYAH PELAYANAN IV,351,JL. CIMANUK II (GARUT),8,KILOMETER,2019
77,32,JAWA BARAT,3205,KABUPATEN GARUT,UPTD PENGELOLAAN JALAN DAN JEMBATAN WILAYAH PELAYANAN IV,351,GARUT - CIKAJANG,6,KILOMETER,2019
78,32,JAWA BARAT,3205,KABUPATEN GARUT,UPTD PENGELOLAAN JALAN DAN JEMBATAN WILAYAH PELAYANAN IV,352,JL. RAYA CIKAJANG (CIKAJANG),6,KILOMETER,2019
79,32,JAWA BARAT,3205,KABUPATEN GARUT,UPTD PENGELOLAAN JALAN DAN JEMBATAN WILAYAH PELAYANAN IV,352,CIKAJANG - PAMEUNGPEUK,5,KILOMETER,2019
80,32,JAWA BARAT,3205,KABUPATEN GARUT,UPTD PENGELOLAAN JALAN DAN JEMBATAN WILAYAH PELAYANAN IV,352,JL. RAYA PAMEUNGPEUK (PAMEUNGPEUK),6,KILOMETER,2019
81,32,JAWA BARAT,3205,KABUPATEN GARUT,UPTD PENGELOLAAN JALAN DAN JEMBATAN WILAYAH PELAYANAN IV,353,KIARAKOHOK (SP. CILAUTEUREUN) - CILAUTEUREUN,5,KILOMETER,2019
82,32,JAWA BARAT,3205,KABUPATEN GARUT,UPTD PENGELOLAAN JALAN DAN JEMBATAN WILAYAH PELAYANAN IV,354,CIKAJANG -SUMADRA,5,KILOMETER,2019
83,32,JAWA BARAT,3205,KABUPATEN GARUT,UPTD PENGELOLAAN JALAN DAN JEMBATAN WILAYAH PELAYANAN IV,355,SUMADRA - BUNGBULANG,5,KILOMETER,2019
84,32,JAWA BARAT,3205,KABUPATEN GARUT,UPTD PENGELOLAAN JALAN DAN JEMBATAN WILAYAH PELAYANAN IV,355,BUNGBULANG - SUKARAME,3.5,KILOMETER,2019
85,32,JAWA BARAT,3205,KABUPATEN GARUT,UPTD PENGELOLAAN JALAN DAN JEMBATAN WILAYAH PELAYANAN IV,368,KADUNGORA (LELES) - BTS. BANDUNG/GARUT (CIJAPATI),4.5,KILOMETER,2019
86,32,JAWA BARAT,3206,KABUPATEN TASIKMALAYA,UPTD PENGELOLAAN JALAN DAN JEMBATAN WILAYAH PELAYANAN V,331,TASIKMALAYA - MANONJAYA - PANAEKAN/GOLER,6,KILOMETER,2019
87,32,JAWA BARAT,3206,KABUPATEN TASIKMALAYA,UPTD PENGELOLAAN JALAN DAN JEMBATAN WILAYAH PELAYANAN V,343,TASIKMALAYA - KARANGNUNGGAL,6,KILOMETER,2019
88,32,JAWA BARAT,3206,KABUPATEN TASIKMALAYA,UPTD PENGELOLAAN JALAN DAN JEMBATAN WILAYAH PELAYANAN V,343,JL. RAYA KARANGNUNGGAL (KARANGNUNGGAL),6,KILOMETER,2019
89,32,JAWA BARAT,3206,KABUPATEN TASIKMALAYA,UPTD PENGELOLAAN JALAN DAN JEMBATAN WILAYAH PELAYANAN V,344,KARANGNUNGGAL - CIPATUJAH,6,KILOMETER,2019
90,32,JAWA BARAT,3206,KABUPATEN TASIKMALAYA,UPTD PENGELOLAAN JALAN DAN JEMBATAN WILAYAH PELAYANAN V,344,JL. RAYA CIPATUJAH (CIPATUJAH),6,KILOMETER,2019
91,32,JAWA BARAT,3206,KABUPATEN TASIKMALAYA,UPTD PENGELOLAAN JALAN DAN JEMBATAN WILAYAH PELAYANAN V,346,BTS. GARUT/TASIKMALAYA - SINGAPARNA,6,KILOMETER,2019
92,32,JAWA BARAT,3206,KABUPATEN TASIKMALAYA,UPTD PENGELOLAAN JALAN DAN JEMBATAN WILAYAH PELAYANAN V,346,JL. ALTERNATIF KMP. TENJOWARINGIN (SALAWU),6,KILOMETER,2019
93,32,JAWA BARAT,3206,KABUPATEN TASIKMALAYA,UPTD PENGELOLAAN JALAN DAN JEMBATAN WILAYAH PELAYANAN V,346,JL. RAYA SINGAPARNA (SINGAPARNA),6,KILOMETER,2019
94,32,JAWA BARAT,3206,KABUPATEN TASIKMALAYA,UPTD PENGELOLAAN JALAN DAN JEMBATAN WILAYAH PELAYANAN V,346,JL. PASAR (SINGAPARNA),6,KILOMETER,2019
95,32,JAWA BARAT,3206,KABUPATEN TASIKMALAYA,UPTD PENGELOLAAN JALAN DAN JEMBATAN WILAYAH PELAYANAN V,347,SINGAPARNA - TASIKMALAYA,6,KILOMETER,2019
96,32,JAWA BARAT,3206,KABUPATEN TASIKMALAYA,UPTD PENGELOLAAN JALAN DAN JEMBATAN WILAYAH PELAYANAN V,404,SP.3 PAMOYANAN - SURYALAYA - WARUDOYONG - (BTS.KAB.TASIK/CIAMIS,4.5,KILOMETER,2019
97,32,JAWA BARAT,3207,KABUPATEN CIAMIS,UPTD PENGELOLAAN JALAN DAN JEMBATAN WILAYAH PELAYANAN V,332,PANAEKAN/GOLER - CIMARAGAS - BTS. KOTA BANJAR,6,KILOMETER,2019
98,32,JAWA BARAT,3207,KABUPATEN CIAMIS,UPTD PENGELOLAAN JALAN DAN JEMBATAN WILAYAH PELAYANAN V,404,WARUDOYONG (BTS.TASIKMALAYA/CIAMIS) - SP.WINDURAJA,4.5,KILOMETER,2019
99,32,JAWA BARAT,3208,KABUPATEN KUNINGAN,UPTD PENGELOLAAN JALAN DAN JEMBATAN WILAYAH PELAYANAN V,91,"JL, SILIWANGI (KUNINGAN)",11,KILOMETER,2019
100,32,JAWA BARAT,3208,KABUPATEN KUNINGAN,UPTD PENGELOLAAN JALAN DAN JEMBATAN WILAYAH PELAYANAN V,299,MANDIRANCAN - PAKEMBANGAN,6,KILOMETER,2019
101,32,JAWA BARAT,3208,KABUPATEN KUNINGAN,UPTD PENGELOLAAN JALAN DAN JEMBATAN WILAYAH PELAYANAN V,299,PAKEMBANGAN - BOJONG (JL. LINGGARJATI),6,KILOMETER,2019
102,32,JAWA BARAT,3208,KABUPATEN KUNINGAN,UPTD PENGELOLAAN JALAN DAN JEMBATAN WILAYAH PELAYANAN V,308,"JL, LL.RE. MARTADINATA (KUNINGAN)",10,KILOMETER,2019
103,32,JAWA BARAT,3208,KABUPATEN KUNINGAN,UPTD PENGELOLAAN JALAN DAN JEMBATAN WILAYAH PELAYANAN V,308,KUNINGAN - CIAWIGEBANG,6,KILOMETER,2019
104,32,JAWA BARAT,3208,KABUPATEN KUNINGAN,UPTD PENGELOLAAN JALAN DAN JEMBATAN WILAYAH PELAYANAN V,308,JL. RAYA CIAWIGEBANG (CIAWIGEBANG),6,KILOMETER,2019
105,32,JAWA BARAT,3208,KABUPATEN KUNINGAN,UPTD PENGELOLAAN JALAN DAN JEMBATAN WILAYAH PELAYANAN V,309,CIAWIGEBANG - BTS. CIREBON/KUNINGAN (WALED),6,KILOMETER,2019
106,32,JAWA BARAT,3208,KABUPATEN KUNINGAN,UPTD PENGELOLAAN JALAN DAN JEMBATAN WILAYAH PELAYANAN V,309,CIAWIGEBANG - JALAKSANA,3.50 - 6.00,KILOMETER,2019
107,32,JAWA BARAT,3208,KABUPATEN KUNINGAN,UPTD PENGELOLAAN JALAN DAN JEMBATAN WILAYAH PELAYANAN V,313,OLECED - LURAGUNG,6,KILOMETER,2019
108,32,JAWA BARAT,3208,KABUPATEN KUNINGAN,UPTD PENGELOLAAN JALAN DAN JEMBATAN WILAYAH PELAYANAN V,313,JL. RAYA LURAGUNG (LURAGUNG),6,KILOMETER,2019
109,32,JAWA BARAT,3208,KABUPATEN KUNINGAN,UPTD PENGELOLAAN JALAN DAN JEMBATAN WILAYAH PELAYANAN V,314,LURAGUNG - CIBINGBIN,6,KILOMETER,2019
110,32,JAWA BARAT,3208,KABUPATEN KUNINGAN,UPTD PENGELOLAAN JALAN DAN JEMBATAN WILAYAH PELAYANAN V,315,CIBINGBIN - BTS. JATENG (PENANGGAPAN),6,KILOMETER,2019
111,32,JAWA BARAT,3209,KABUPATEN CIREBON,UPTD PENGELOLAAN JALAN DAN JEMBATAN WILAYAH PELAYANAN VI,295,JL. DEWI SARTIKA (SUMBER),9.3,KILOMETER,2019
112,32,JAWA BARAT,3209,KABUPATEN CIREBON,UPTD PENGELOLAAN JALAN DAN JEMBATAN WILAYAH PELAYANAN VI,295,JL. NYI AGENG SERANG (SUMBER),11.5,KILOMETER,2019
113,32,JAWA BARAT,3209,KABUPATEN CIREBON,UPTD PENGELOLAAN JALAN DAN JEMBATAN WILAYAH PELAYANAN VI,295,SUMBER - BTS. MAJALENGKA/CIREBON (JL. IMAN BONJOL),6.6,KILOMETER,2019
114,32,JAWA BARAT,3209,KABUPATEN CIREBON,UPTD PENGELOLAAN JALAN DAN JEMBATAN WILAYAH PELAYANAN VI,297,WERU - SUMBER/JL. FATAHILLAH (SUMBER),11.6,KILOMETER,2019
115,32,JAWA BARAT,3209,KABUPATEN CIREBON,UPTD PENGELOLAAN JALAN DAN JEMBATAN WILAYAH PELAYANAN VI,298,"SUMBER - MANDIRANCAN (JL.P.KEJAKSAN, SUMBER)",9.1,KILOMETER,2019
116,32,JAWA BARAT,3209,KABUPATEN CIREBON,UPTD PENGELOLAAN JALAN DAN JEMBATAN WILAYAH PELAYANAN VI,303,BUDUR - SUSUKAN - TEGALGUBUG,5,KILOMETER,2019
117,32,JAWA BARAT,3209,KABUPATEN CIREBON,UPTD PENGELOLAAN JALAN DAN JEMBATAN WILAYAH PELAYANAN VI,305,TEGALGUBUG - ARJAWINANGUN - JAGAPURA,6,KILOMETER,2019
118,32,JAWA BARAT,3209,KABUPATEN CIREBON,UPTD PENGELOLAAN JALAN DAN JEMBATAN WILAYAH PELAYANAN VI,310,BTS.CIREBON/KUNINGAN (WALED)-CILEDUNG (JL.DEWI SARTIKA),6,KILOMETER,2019
119,32,JAWA BARAT,3209,KABUPATEN CIREBON,UPTD PENGELOLAAN JALAN DAN JEMBATAN WILAYAH PELAYANAN VI,310,JL. SILIWANGI (CILEDUNG) (JL. P. WALAMG SUNGSANG),9,KILOMETER,2019
120,32,JAWA BARAT,3209,KABUPATEN CIREBON,UPTD PENGELOLAAN JALAN DAN JEMBATAN WILAYAH PELAYANAN VI,310,JL. MERDEKA BARAT (CILEDUNG) (JL. JEND. SUPRAPTO),12,KILOMETER,2019
121,32,JAWA BARAT,3209,KABUPATEN CIREBON,UPTD PENGELOLAAN JALAN DAN JEMBATAN WILAYAH PELAYANAN VI,310,JL. MERDEKA UTARA (CILEDUNG) (JL. KI BLEDUNG JAYA),12,KILOMETER,2019
122,32,JAWA BARAT,3209,KABUPATEN CIREBON,UPTD PENGELOLAAN JALAN DAN JEMBATAN WILAYAH PELAYANAN VI,311,CILEDUG - LOSARI (JL. LET JEN D.I PANJAITAN),6,KILOMETER,2019
123,32,JAWA BARAT,3209,KABUPATEN CIREBON,UPTD PENGELOLAAN JALAN DAN JEMBATAN WILAYAH PELAYANAN VI,312,CILEDUG - BTS.JATENG (BANTARSARI) (JL.KAPTEN P.TENDEAN),8,KILOMETER,2019
124,32,JAWA BARAT,3209,KABUPATEN CIREBON,UPTD PENGELOLAAN JALAN DAN JEMBATAN WILAYAH PELAYANAN VI,389,JL. PANGERAN CAKRABUANA (SUMBER),7.3,KILOMETER,2019
125,32,JAWA BARAT,3209,KABUPATEN CIREBON,UPTD PENGELOLAAN JALAN DAN JEMBATAN WILAYAH PELAYANAN VI,390,JL. SULTAN AGUNG (SUMBER),11.6,KILOMETER,2019
126,32,JAWA BARAT,3210,KABUPATEN MAJALENGKA,UPTD PENGELOLAAN JALAN DAN JEMBATAN WILAYAH PELAYANAN VI,286,JL. JEND. SUDIRMAN (TALAGA),5,KILOMETER,2019
127,32,JAWA BARAT,3210,KABUPATEN MAJALENGKA,UPTD PENGELOLAAN JALAN DAN JEMBATAN WILAYAH PELAYANAN VI,286,TALAGA - BTS. MAJALENGKA/SUMEDANG (KIRISIK),5,KILOMETER,2019
128,32,JAWA BARAT,3210,KABUPATEN MAJALENGKA,UPTD PENGELOLAAN JALAN DAN JEMBATAN WILAYAH PELAYANAN VI,287,JL. KH. ABDUL HALIM (MAJALEMGKA),7,KILOMETER,2019
129,32,JAWA BARAT,3210,KABUPATEN MAJALENGKA,UPTD PENGELOLAAN JALAN DAN JEMBATAN WILAYAH PELAYANAN VI,287,JL. JEND. A. YANI (TALAGA),6,KILOMETER,2019
130,32,JAWA BARAT,3210,KABUPATEN MAJALENGKA,UPTD PENGELOLAAN JALAN DAN JEMBATAN WILAYAH PELAYANAN VI,287,MAJALENGKA - TALAGA,6,KILOMETER,2019
131,32,JAWA BARAT,3210,KABUPATEN MAJALENGKA,UPTD PENGELOLAAN JALAN DAN JEMBATAN WILAYAH PELAYANAN VI,288,JL. PEUCANG (TALAGA),6,KILOMETER,2019
132,32,JAWA BARAT,3210,KABUPATEN MAJALENGKA,UPTD PENGELOLAAN JALAN DAN JEMBATAN WILAYAH PELAYANAN VI,288,TALAGA - CIKIJING,6,KILOMETER,2019
133,32,JAWA BARAT,3210,KABUPATEN MAJALENGKA,UPTD PENGELOLAAN JALAN DAN JEMBATAN WILAYAH PELAYANAN VI,288,JL. KASTURI (CIKIJING),6,KILOMETER,2019
134,32,JAWA BARAT,3210,KABUPATEN MAJALENGKA,UPTD PENGELOLAAN JALAN DAN JEMBATAN WILAYAH PELAYANAN VI,289,JL. KH. ABDUL HALIM (MAJALEMGKA),7,KILOMETER,2019
135,32,JAWA BARAT,3210,KABUPATEN MAJALENGKA,UPTD PENGELOLAAN JALAN DAN JEMBATAN WILAYAH PELAYANAN VI,289,MAJALENGKA - KADIPATEN,6,KILOMETER,2019
136,32,JAWA BARAT,3210,KABUPATEN MAJALENGKA,UPTD PENGELOLAAN JALAN DAN JEMBATAN WILAYAH PELAYANAN VI,289,JL. RAYA MAJALENGKA (MAJALENGKA),6,KILOMETER,2019
137,32,JAWA BARAT,3210,KABUPATEN MAJALENGKA,UPTD PENGELOLAAN JALAN DAN JEMBATAN WILAYAH PELAYANAN VI,290,JL. PASAR BALONG (KADIPATEN),7,KILOMETER,2019
138,32,JAWA BARAT,3210,KABUPATEN MAJALENGKA,UPTD PENGELOLAAN JALAN DAN JEMBATAN WILAYAH PELAYANAN VI,290,KADIPATEN (JL.PASAR BALONG) - BTS. MAJALENGKA/INDRAMAYU,5.5,KILOMETER,2019
139,32,JAWA BARAT,3210,KABUPATEN MAJALENGKA,UPTD PENGELOLAAN JALAN DAN JEMBATAN WILAYAH PELAYANAN VI,296,BTS. MAJALENGKA/CIREBON - CIGASONG,6,KILOMETER,2019
140,32,JAWA BARAT,3210,KABUPATEN MAJALENGKA,UPTD PENGELOLAAN JALAN DAN JEMBATAN WILAYAH PELAYANAN VI,300,LEUWIMUNDING - RAJAGALUH,6,KILOMETER,2019
141,32,JAWA BARAT,3210,KABUPATEN MAJALENGKA,UPTD PENGELOLAAN JALAN DAN JEMBATAN WILAYAH PELAYANAN VI,301,PARAPATAN - LEUWIMUNDING,6,KILOMETER,2019
142,32,JAWA BARAT,3210,KABUPATEN MAJALENGKA,UPTD PENGELOLAAN JALAN DAN JEMBATAN WILAYAH PELAYANAN VI,302,PARAPATAN - BUDUR,6,KILOMETER,2019
143,32,JAWA BARAT,3211,KABUPATEN SUMEDANG,UPTD PENGELOLAAN JALAN DAN JEMBATAN WILAYAH PELAYANAN IV,256,SUMEDANG - BTS. SUMEDANG/SUBANG (CIKARAMAS),4.5,KILOMETER,2019
144,32,JAWA BARAT,3211,KABUPATEN SUMEDANG,UPTD PENGELOLAAN JALAN DAN JEMBATAN WILAYAH PELAYANAN IV,273,LEBAKJATI - RANCAKALONG - SELAAWI,4.2,KILOMETER,2019
145,32,JAWA BARAT,3211,KABUPATEN SUMEDANG,UPTD PENGELOLAAN JALAN DAN JEMBATAN WILAYAH PELAYANAN IV,274,CIJELAG - BTS. SUMEDANG/INDRAMAYU,6,KILOMETER,2019
146,32,JAWA BARAT,3211,KABUPATEN SUMEDANG,UPTD PENGELOLAAN JALAN DAN JEMBATAN WILAYAH PELAYANAN IV,281,JL. PRABU TAJI MALELA (SUMEDANG),7,KILOMETER,2019
147,32,JAWA BARAT,3211,KABUPATEN SUMEDANG,UPTD PENGELOLAAN JALAN DAN JEMBATAN WILAYAH PELAYANAN IV,281,SUMEDANG - SITURAJA,5.5,KILOMETER,2019
148,32,JAWA BARAT,3211,KABUPATEN SUMEDANG,UPTD PENGELOLAAN JALAN DAN JEMBATAN WILAYAH PELAYANAN IV,281,JL. RAYA SITURAJA (SITURAJA),5.5,KILOMETER,2019
149,32,JAWA BARAT,3211,KABUPATEN SUMEDANG,UPTD PENGELOLAAN JALAN DAN JEMBATAN WILAYAH PELAYANAN IV,282,SITURAJA -DARMARAJA,5.5,KILOMETER,2019
150,32,JAWA BARAT,3211,KABUPATEN SUMEDANG,UPTD PENGELOLAAN JALAN DAN JEMBATAN WILAYAH PELAYANAN IV,283,SP.KIRISIK (WADO) - BTS. SUMEDANG/GARUT,5.5,KILOMETER,2019
151,32,JAWA BARAT,3211,KABUPATEN SUMEDANG,UPTD PENGELOLAAN JALAN DAN JEMBATAN WILAYAH PELAYANAN IV,285,WADO (SP.KIRISIK) - BTS. SUMEDANG/MAJALENGKA (KIRISIK),4.2,KILOMETER,2019
152,32,JAWA BARAT,3211,KABUPATEN SUMEDANG,UPTD PENGELOLAAN JALAN DAN JEMBATAN WILAYAH PELAYANAN IV,403,PARAKAN MUNCANG - WARUNG SIMPANG,5,KILOMETER,2019
153,32,JAWA BARAT,3212,KABUPATEN INDRAMAYU,UPTD PENGELOLAAN JALAN DAN JEMBATAN WILAYAH PELAYANAN VI,266,CIKAMURANG - BANTARWARU (BTS. SUBANG/INDRAMAYU),6,KILOMETER,2019
154,32,JAWA BARAT,3212,KABUPATEN INDRAMAYU,UPTD PENGELOLAAN JALAN DAN JEMBATAN WILAYAH PELAYANAN VI,267,JANGGA - CIKAMURANG,5,KILOMETER,2019
155,32,JAWA BARAT,3212,KABUPATEN INDRAMAYU,UPTD PENGELOLAAN JALAN DAN JEMBATAN WILAYAH PELAYANAN VI,275,BTS. SUMEDAMG/INDRAMAYU - CIKAMURANG,6,KILOMETER,2019
156,32,JAWA BARAT,3212,KABUPATEN INDRAMAYU,UPTD PENGELOLAAN JALAN DAN JEMBATAN WILAYAH PELAYANAN VI,291,BTS. MAJALENGKA/JATIBARANG - JATIBARANG,9,KILOMETER,2019
157,32,JAWA BARAT,3212,KABUPATEN INDRAMAYU,UPTD PENGELOLAAN JALAN DAN JEMBATAN WILAYAH PELAYANAN VI,292,JL. JEND. A. YANI (JATIBARANG),14.4,KILOMETER,2019
158,32,JAWA BARAT,3212,KABUPATEN INDRAMAYU,UPTD PENGELOLAAN JALAN DAN JEMBATAN WILAYAH PELAYANAN VI,292,JL. MAYOR DASUKI (JATIBARANG),12.6,KILOMETER,2019
159,32,JAWA BARAT,3212,KABUPATEN INDRAMAYU,UPTD PENGELOLAAN JALAN DAN JEMBATAN WILAYAH PELAYANAN VI,292,JL. IR. SUTAMI,12.6,KILOMETER,2019
160,32,JAWA BARAT,3212,KABUPATEN INDRAMAYU,UPTD PENGELOLAAN JALAN DAN JEMBATAN WILAYAH PELAYANAN VI,292,PEKANDANGAN - JATIBARANG,15,KILOMETER,2019
161,32,JAWA BARAT,3212,KABUPATEN INDRAMAYU,UPTD PENGELOLAAN JALAN DAN JEMBATAN WILAYAH PELAYANAN VI,293,JL. LETNAN. JONI (JATIBARANG),7.9,KILOMETER,2019
162,32,JAWA BARAT,3212,KABUPATEN INDRAMAYU,UPTD PENGELOLAAN JALAN DAN JEMBATAN WILAYAH PELAYANAN VI,294,KARANGAMPEL - JATIBARANG,14,KILOMETER,2019
163,32,JAWA BARAT,3212,KABUPATEN INDRAMAYU,UPTD PENGELOLAAN JALAN DAN JEMBATAN WILAYAH PELAYANAN VI,294,JL. SILIWANGI (JATIBARANG),15,KILOMETER,2019
164,32,JAWA BARAT,3212,KABUPATEN INDRAMAYU,UPTD PENGELOLAAN JALAN DAN JEMBATAN WILAYAH PELAYANAN VI,304,MUNDU - GOPALA (MUNDU - BTS. INDRAMAYU/CIREBON),6,KILOMETER,2019
165,32,JAWA BARAT,3212,KABUPATEN INDRAMAYU,UPTD PENGELOLAAN JALAN DAN JEMBATAN WILAYAH PELAYANAN VI,394,PATROL - HAURGEULIS - BANTARWARU,6,KILOMETER,2019
166,32,JAWA BARAT,3213,KABUPATEN SUBANG,UPTD PENGELOLAAN JALAN DAN JEMBATAN WILAYAH PELAYANAN III,252,SUBANG - BTS. KAB.BANDUNG/KAB.SUBANG,7,KILOMETER,2019
167,32,JAWA BARAT,3213,KABUPATEN SUBANG,UPTD PENGELOLAAN JALAN DAN JEMBATAN WILAYAH PELAYANAN III,252,JL. A. YANI (SUBANG),14,KILOMETER,2019
168,32,JAWA BARAT,3213,KABUPATEN SUBANG,UPTD PENGELOLAAN JALAN DAN JEMBATAN WILAYAH PELAYANAN III,255,JL. CAGAK - BTS. PURWAKARTA/SUBANG,6,KILOMETER,2019
169,32,JAWA BARAT,3213,KABUPATEN SUBANG,UPTD PENGELOLAAN JALAN DAN JEMBATAN WILAYAH PELAYANAN III,257,JL. CAGAK - BTS. SUBANG/SUMEDANG (CIKARAMAS),6,KILOMETER,2019
170,32,JAWA BARAT,3213,KABUPATEN SUBANG,UPTD PENGELOLAAN JALAN DAN JEMBATAN WILAYAH PELAYANAN III,259,BTS. PURWAKARTA/SUBANG - SUBANG,6,KILOMETER,2019
171,32,JAWA BARAT,3213,KABUPATEN SUBANG,UPTD PENGELOLAAN JALAN DAN JEMBATAN WILAYAH PELAYANAN III,259,JL. DANGDEUR (SUBANG),7.5,KILOMETER,2019
172,32,JAWA BARAT,3213,KABUPATEN SUBANG,UPTD PENGELOLAAN JALAN DAN JEMBATAN WILAYAH PELAYANAN III,259,JL. KAPTEN TENDEAN (SUBANG),9,KILOMETER,2019
173,32,JAWA BARAT,3213,KABUPATEN SUBANG,UPTD PENGELOLAAN JALAN DAN JEMBATAN WILAYAH PELAYANAN III,259,JL. ARIEF RAHMAN HAKIM (SUBANG),14,KILOMETER,2019
174,32,JAWA BARAT,3213,KABUPATEN SUBANG,UPTD PENGELOLAAN JALAN DAN JEMBATAN WILAYAH PELAYANAN III,259,JL. MAYJEN SUTOYO (SUBANG),10,KILOMETER,2019
175,32,JAWA BARAT,3213,KABUPATEN SUBANG,UPTD PENGELOLAAN JALAN DAN JEMBATAN WILAYAH PELAYANAN III,260,JL. RAYA .H. IKHSAN (PAMANUKAN),6,KILOMETER,2019
176,32,JAWA BARAT,3213,KABUPATEN SUBANG,UPTD PENGELOLAAN JALAN DAN JEMBATAN WILAYAH PELAYANAN III,260,JL. ION MARTASASMITA (PAMANUKAN),6,KILOMETER,2019
177,32,JAWA BARAT,3213,KABUPATEN SUBANG,UPTD PENGELOLAAN JALAN DAN JEMBATAN WILAYAH PELAYANAN III,260,PAMANUKAN - PAGADEN,6,KILOMETER,2019
178,32,JAWA BARAT,3213,KABUPATEN SUBANG,UPTD PENGELOLAAN JALAN DAN JEMBATAN WILAYAH PELAYANAN III,260,JL. A. YANI (PAGADEN),6,KILOMETER,2019
179,32,JAWA BARAT,3213,KABUPATEN SUBANG,UPTD PENGELOLAAN JALAN DAN JEMBATAN WILAYAH PELAYANAN III,260,JL. RAYA KAMARUNG (PAGADEN),6,KILOMETER,2019
180,32,JAWA BARAT,3213,KABUPATEN SUBANG,UPTD PENGELOLAAN JALAN DAN JEMBATAN WILAYAH PELAYANAN III,261,PAGADEN - SUBANG,6,KILOMETER,2019
181,32,JAWA BARAT,3213,KABUPATEN SUBANG,UPTD PENGELOLAAN JALAN DAN JEMBATAN WILAYAH PELAYANAN III,261,JL. RAYA SUKAMELANG (SUBANG),8,KILOMETER,2019
182,32,JAWA BARAT,3213,KABUPATEN SUBANG,UPTD PENGELOLAAN JALAN DAN JEMBATAN WILAYAH PELAYANAN III,261,JL. OTO ISKANDARDINATA (SUBANG),10,KILOMETER,2019
183,32,JAWA BARAT,3213,KABUPATEN SUBANG,UPTD PENGELOLAAN JALAN DAN JEMBATAN WILAYAH PELAYANAN III,261,JL. MASJID AGUNG (SUBANG),10,KILOMETER,2019
184,32,JAWA BARAT,3213,KABUPATEN SUBANG,UPTD PENGELOLAAN JALAN DAN JEMBATAN WILAYAH PELAYANAN III,261,JL. S. PARMAN (SUBANG),10,KILOMETER,2019
185,32,JAWA BARAT,3213,KABUPATEN SUBANG,UPTD PENGELOLAAN JALAN DAN JEMBATAN WILAYAH PELAYANAN III,265,JL. KAPTEN HANAFIAH (SUBANG),9.5,KILOMETER,2019
186,32,JAWA BARAT,3213,KABUPATEN SUBANG,UPTD PENGELOLAAN JALAN DAN JEMBATAN WILAYAH PELAYANAN III,265,SUBANG - BANTARWARU (BTS. INDRAMAYU),5,KILOMETER,2019
187,32,JAWA BARAT,3213,KABUPATEN SUBANG,UPTD PENGELOLAAN JALAN DAN JEMBATAN WILAYAH PELAYANAN III,393,KALIJATI - SUKAMANDI,5,KILOMETER,2019
188,32,JAWA BARAT,3214,KABUPATEN PURWAKARTA,UPTD PENGELOLAAN JALAN DAN JEMBATAN WILAYAH PELAYANAN III,242,SP. PURWAKARTA - JATILUHUR,6,KILOMETER,2019
189,32,JAWA BARAT,3214,KABUPATEN PURWAKARTA,UPTD PENGELOLAAN JALAN DAN JEMBATAN WILAYAH PELAYANAN III,243,KOSAMBI - BTS.KARAWANG/PURWAKARTA (CURUG),7,KILOMETER,2019
190,32,JAWA BARAT,3214,KABUPATEN PURWAKARTA,UPTD PENGELOLAAN JALAN DAN JEMBATAN WILAYAH PELAYANAN III,244,BTS.KARAWANG (CURUG) - PURWAKARTA,6,KILOMETER,2019
191,32,JAWA BARAT,3214,KABUPATEN PURWAKARTA,UPTD PENGELOLAAN JALAN DAN JEMBATAN WILAYAH PELAYANAN III,244,JL. PAHLAWAN (PURWAKARTA),7,KILOMETER,2019
192,32,JAWA BARAT,3214,KABUPATEN PURWAKARTA,UPTD PENGELOLAAN JALAN DAN JEMBATAN WILAYAH PELAYANAN III,253,JL. BASUKI RAHMAT (PURWAKARTA),10,KILOMETER,2019
193,32,JAWA BARAT,3214,KABUPATEN PURWAKARTA,UPTD PENGELOLAAN JALAN DAN JEMBATAN WILAYAH PELAYANAN III,253,JL. KAPTEN HALIM (PURWAKARTA),10,KILOMETER,2019
194,32,JAWA BARAT,3214,KABUPATEN PURWAKARTA,UPTD PENGELOLAAN JALAN DAN JEMBATAN WILAYAH PELAYANAN III,253,PURWAKARTA - WANAYASA,6,KILOMETER,2019
195,32,JAWA BARAT,3214,KABUPATEN PURWAKARTA,UPTD PENGELOLAAN JALAN DAN JEMBATAN WILAYAH PELAYANAN III,253,JL. WANAYASA (WANAYASA),7,KILOMETER,2019
196,32,JAWA BARAT,3214,KABUPATEN PURWAKARTA,UPTD PENGELOLAAN JALAN DAN JEMBATAN WILAYAH PELAYANAN III,254,WANAYASA - BTS. PURWAKARTA/SUBANG,6,KILOMETER,2019
197,32,JAWA BARAT,3214,KABUPATEN PURWAKARTA,UPTD PENGELOLAAN JALAN DAN JEMBATAN WILAYAH PELAYANAN III,258,SADANG - BTS. PURWAKARTA/SUBANG,7.5,KILOMETER,2019
198,32,JAWA BARAT,3215,KABUPATEN KARAWANG,UPTD PENGELOLAAN JALAN DAN JEMBATAN WILAYAH PELAYANAN III,232,JL. PROKLAMASI (KARAWANG),6,KILOMETER,2019
199,32,JAWA BARAT,3215,KABUPATEN KARAWANG,UPTD PENGELOLAAN JALAN DAN JEMBATAN WILAYAH PELAYANAN III,232,TANJUNG PURA - BATUJAYA (BTS. BEKASI/KARAWANG),6,KILOMETER,2019
200,32,JAWA BARAT,3215,KABUPATEN KARAWANG,UPTD PENGELOLAAN JALAN DAN JEMBATAN WILAYAH PELAYANAN III,391,PALUMBONSARI - JOHAR - TEGALLOA (LOJI),6.5,KILOMETER,2019
201,32,JAWA BARAT,3215,KABUPATEN KARAWANG,UPTD PENGELOLAAN JALAN DAN JEMBATAN WILAYAH PELAYANAN III,391,TEGALLOA (LOJI) - BAGED/JAGATAMU (BTS.KARAWANG/BOGOR),4.5,KILOMETER,2019
202,32,JAWA BARAT,3216,KABUPATEN BEKASI,UPTD PENGELOLAAN JALAN DAN JEMBATAN WILAYAH PELAYANAN I,230,CIBARUSAH - MEKARMUKTI,8.8,KILOMETER,2019
203,32,JAWA BARAT,3216,KABUPATEN BEKASI,UPTD PENGELOLAAN JALAN DAN JEMBATAN WILAYAH PELAYANAN I,230,MEKARMUKTI - LEMAHABANG,7,KILOMETER,2019
204,32,JAWA BARAT,3216,KABUPATEN BEKASI,UPTD PENGELOLAAN JALAN DAN JEMBATAN WILAYAH PELAYANAN I,230,JL. AKSES CIKARANG DRYPOT,7,KILOMETER,2019
205,32,JAWA BARAT,3217,KABUPATEN BANDUNG BARAT,UPTD PENGELOLAAN JALAN DAN JEMBATAN WILAYAH PELAYANAN III,240,RAJAMANDALA - JBT. CITARUM LAMA,6.5,KILOMETER,2019
206,32,JAWA BARAT,3217,KABUPATEN BANDUNG BARAT,UPTD PENGELOLAAN JALAN DAN JEMBATAN WILAYAH PELAYANAN III,245,SP. ORION - CIHALIWUNG,6,KILOMETER,2019
207,32,JAWA BARAT,3217,KABUPATEN BANDUNG BARAT,UPTD PENGELOLAAN JALAN DAN JEMBATAN WILAYAH PELAYANAN III,246,PADALARANG (SP.3 STASION) - SP.CISARUA,6,KILOMETER,2019
208,32,JAWA BARAT,3217,KABUPATEN BANDUNG BARAT,UPTD PENGELOLAAN JALAN DAN JEMBATAN WILAYAH PELAYANAN III,247,JL. BTS.CIMAHI - CISARUA - LEMBANG,5.5,KILOMETER,2019
209,32,JAWA BARAT,3217,KABUPATEN BANDUNG BARAT,UPTD PENGELOLAAN JALAN DAN JEMBATAN WILAYAH PELAYANAN III,250,BTS. KOTA BANDUNG - LEMBANG,7,KILOMETER,2019
210,32,JAWA BARAT,3217,KABUPATEN BANDUNG BARAT,UPTD PENGELOLAAN JALAN DAN JEMBATAN WILAYAH PELAYANAN III,250,JL.RAYA LEMBANG (LEMBANG),7,KILOMETER,2019
211,32,JAWA BARAT,3217,KABUPATEN BANDUNG BARAT,UPTD PENGELOLAAN JALAN DAN JEMBATAN WILAYAH PELAYANAN III,250,JL.RAYA PANORAMA (LEMBANG),8,KILOMETER,2019
212,32,JAWA BARAT,3217,KABUPATEN BANDUNG BARAT,UPTD PENGELOLAAN JALAN DAN JEMBATAN WILAYAH PELAYANAN III,250,JL.RAYA GRAND HOTEL (LEMBANG),8,KILOMETER,2019
213,32,JAWA BARAT,3217,KABUPATEN BANDUNG BARAT,UPTD PENGELOLAAN JALAN DAN JEMBATAN WILAYAH PELAYANAN III,250,LEMBANG - MARIBAYA,5,KILOMETER,2019
214,32,JAWA BARAT,3217,KABUPATEN BANDUNG BARAT,UPTD PENGELOLAAN JALAN DAN JEMBATAN WILAYAH PELAYANAN III,251,LEMBANG - BTS.KAB.BANDUNG/KAB.SUBANG,6,KILOMETER,2019
215,32,JAWA BARAT,3217,KABUPATEN BANDUNG BARAT,UPTD PENGELOLAAN JALAN DAN JEMBATAN WILAYAH PELAYANAN III,395,RAJAMANDALA - CIPEUNGEUY - CIKALONG WETAN,6,KILOMETER,2019
216,32,JAWA BARAT,3218,KABUPATEN PANGANDARAN,UPTD PENGELOLAAN JALAN DAN JEMBATAN WILAYAH PELAYANAN V,339,KALIPUCANG - MAJINGKLAK,4.5,KILOMETER,2019
217,32,JAWA BARAT,3218,KABUPATEN PANGANDARAN,UPTD PENGELOLAAN JALAN DAN JEMBATAN WILAYAH PELAYANAN V,405,JL. BANDARA NUSAWIRU,6,KILOMETER,2019
218,32,JAWA BARAT,3271,KOTA BOGOR,UPTD PENGELOLAAN JALAN DAN JEMBATAN WILAYAH PELAYANAN I,204,JL. SILIWANGI (BOGOR),18,KILOMETER,2019
219,32,JAWA BARAT,3271,KOTA BOGOR,UPTD PENGELOLAAN JALAN DAN JEMBATAN WILAYAH PELAYANAN I,204,JL. LAWANG GINTUNG (BOGOR),15,KILOMETER,2019
220,32,JAWA BARAT,3271,KOTA BOGOR,UPTD PENGELOLAAN JALAN DAN JEMBATAN WILAYAH PELAYANAN I,204,JL. PAHLAWAN (BOGOR),15,KILOMETER,2019
221,32,JAWA BARAT,3271,KOTA BOGOR,UPTD PENGELOLAAN JALAN DAN JEMBATAN WILAYAH PELAYANAN I,204,JL. EMPANG - R. SALEH SARIEF BUSTAMAN (BOGOR),13,KILOMETER,2019
222,32,JAWA BARAT,3271,KOTA BOGOR,UPTD PENGELOLAAN JALAN DAN JEMBATAN WILAYAH PELAYANAN I,210,JL. Ir. H. JUANDA (BOGOR),19,KILOMETER,2019
223,32,JAWA BARAT,3271,KOTA BOGOR,UPTD PENGELOLAAN JALAN DAN JEMBATAN WILAYAH PELAYANAN I,210,JL. JEND. SUDIRMAN (BOGOR),22,KILOMETER,2019
224,32,JAWA BARAT,3271,KOTA BOGOR,UPTD PENGELOLAAN JALAN DAN JEMBATAN WILAYAH PELAYANAN I,210,JL. PEMUDA (BOGOR),10.5,KILOMETER,2019
225,32,JAWA BARAT,3271,KOTA BOGOR,UPTD PENGELOLAAN JALAN DAN JEMBATAN WILAYAH PELAYANAN I,210,JL. KEBON PEDES (BOGOR),6,KILOMETER,2019
226,32,JAWA BARAT,3271,KOTA BOGOR,UPTD PENGELOLAAN JALAN DAN JEMBATAN WILAYAH PELAYANAN I,216,"BTS.KOTA BOGOR (KEDUNGHALANG-SP.3 KEDUNG HALANG, JL.RAYA PEMDA",18.05,KILOMETER,2019
227,32,JAWA BARAT,3272,KOTA SUKABUMI,UPTD PENGELOLAAN JALAN DAN JEMBATAN WILAYAH PELAYANAN II,191,JL. JEND. ACHMAD YANI (SUKABUMI),9.3,KILOMETER,2019
228,32,JAWA BARAT,3272,KOTA SUKABUMI,UPTD PENGELOLAAN JALAN DAN JEMBATAN WILAYAH PELAYANAN II,191,JL. OTTO ISKANDARDINATA (SUKABUMI),10.4,KILOMETER,2019
229,32,JAWA BARAT,3272,KOTA SUKABUMI,UPTD PENGELOLAAN JALAN DAN JEMBATAN WILAYAH PELAYANAN II,191,JL. RH. DIDI SUKARDI (SUKABUMI),8.8,KILOMETER,2019
230,32,JAWA BARAT,3272,KOTA SUKABUMI,UPTD PENGELOLAAN JALAN DAN JEMBATAN WILAYAH PELAYANAN II,191,JL. RAYA BAROS (SUKABUMI),7,KILOMETER,2019
231,32,JAWA BARAT,3272,KOTA SUKABUMI,UPTD PENGELOLAAN JALAN DAN JEMBATAN WILAYAH PELAYANAN II,191,JL. PEMBANGUNAN (SUKABUMI),9,KILOMETER,2019
232,32,JAWA BARAT,3272,KOTA SUKABUMI,UPTD PENGELOLAAN JALAN DAN JEMBATAN WILAYAH PELAYANAN II,191,JL. SARASA (SUKABUMI),9,KILOMETER,2019
233,32,JAWA BARAT,3272,KOTA SUKABUMI,UPTD PENGELOLAAN JALAN DAN JEMBATAN WILAYAH PELAYANAN II,191,JL. GARUDA (SUKABUMI),6,KILOMETER,2019
234,32,JAWA BARAT,3272,KOTA SUKABUMI,UPTD PENGELOLAAN JALAN DAN JEMBATAN WILAYAH PELAYANAN II,193,JL. LINGKAR SUKABUMI (SUKABUMI) segmen - 2,14,KILOMETER,2019
235,32,JAWA BARAT,3272,KOTA SUKABUMI,UPTD PENGELOLAAN JALAN DAN JEMBATAN WILAYAH PELAYANAN II,193,JL. RAYA PELABUHAN (SUKABUMI),6.7,KILOMETER,2019
236,32,JAWA BARAT,3272,KOTA SUKABUMI,UPTD PENGELOLAAN JALAN DAN JEMBATAN WILAYAH PELAYANAN II,193,JL. SEJAHTERA (SUKABUMI),8,KILOMETER,2019
237,32,JAWA BARAT,3272,KOTA SUKABUMI,UPTD PENGELOLAAN JALAN DAN JEMBATAN WILAYAH PELAYANAN II,193,JL. CEMERLANG (SUKABUMI),8,KILOMETER,2019
238,32,JAWA BARAT,3272,KOTA SUKABUMI,UPTD PENGELOLAAN JALAN DAN JEMBATAN WILAYAH PELAYANAN II,193,JL. LINGKAR SUKABUMI (CIBOLANG - PELABUHAN II) segmen - 1,14,KILOMETER,2019
239,32,JAWA BARAT,3272,KOTA SUKABUMI,UPTD PENGELOLAAN JALAN DAN JEMBATAN WILAYAH PELAYANAN II,193,JL. LINGKAR SUKABUMI (BAROS - JL. PEMBANGUNAN),0,KILOMETER,2019
240,32,JAWA BARAT,3273,KOTA BANDUNG,UPTD PENGELOLAAN JALAN DAN JEMBATAN WILAYAH PELAYANAN III,106,JL. KOPO (SP JL. PETA-BTS.KOTA/KAB.BANDUNG),11.3,KILOMETER,2019
241,32,JAWA BARAT,3273,KOTA BANDUNG,UPTD PENGELOLAAN JALAN DAN JEMBATAN WILAYAH PELAYANAN III,161,JL. MOH.TOHA (SP.JL.BKR-BTS.KOTA/KAB.BANDUNG),12.5,KILOMETER,2019
242,32,JAWA BARAT,3273,KOTA BANDUNG,UPTD PENGELOLAAN JALAN DAN JEMBATAN WILAYAH PELAYANAN III,248,JL. PAJAJARAN (AKSES BANDARA HUSEN SASTRANAGARA BANDUNG),11.9,KILOMETER,2019
243,32,JAWA BARAT,3273,KOTA BANDUNG,UPTD PENGELOLAAN JALAN DAN JEMBATAN WILAYAH PELAYANAN III,249,JL. PASIRKALIKI (SP.PASTEUR - SP.SUKAJADI/EYCKMAN BANDUNG),14,KILOMETER,2019
244,32,JAWA BARAT,3273,KOTA BANDUNG,UPTD PENGELOLAAN JALAN DAN JEMBATAN WILAYAH PELAYANAN III,249,JL. SUKAJADI (BANDUNG),10.5,KILOMETER,2019
245,32,JAWA BARAT,3273,KOTA BANDUNG,UPTD PENGELOLAAN JALAN DAN JEMBATAN WILAYAH PELAYANAN III,249,JL. SETIABUDHI (BANDUNG),10.3,KILOMETER,2019
246,32,JAWA BARAT,3273,KOTA BANDUNG,UPTD PENGELOLAAN JALAN DAN JEMBATAN WILAYAH PELAYANAN III,249,JL. SUKAWANGI (BANDUNG),8,KILOMETER,2019
247,32,JAWA BARAT,3273,KOTA BANDUNG,UPTD PENGELOLAAN JALAN DAN JEMBATAN WILAYAH PELAYANAN III,364,JL. TERUSAN BUAH BATU (Sp.4 SOEKARNO HATTA - BTS.KOTA/KAB.BANDUNG,21,KILOMETER,2019
248,32,JAWA BARAT,3273,KOTA BANDUNG,UPTD PENGELOLAAN JALAN DAN JEMBATAN WILAYAH PELAYANAN III,364,JL. BUAH BATU (Sp.4 PELAJAR PEJUANG 45 - Sp.4 SOEKARNA HATTA),14,KILOMETER,2019
249,32,JAWA BARAT,3273,KOTA BANDUNG,UPTD PENGELOLAAN JALAN DAN JEMBATAN WILAYAH PELAYANAN III,369,JL. CICENDO (SP. PAJAJARAN - SP.KEBONKAWUNG) KOTA BANDUNG,15.6,KILOMETER,2019
250,32,JAWA BARAT,3273,KOTA BANDUNG,UPTD PENGELOLAAN JALAN DAN JEMBATAN WILAYAH PELAYANAN III,370,JL. KEBON KAWUNG (SP.CICENDO - SP.PASIRKALIKI) KOTA BANDUNG,14,KILOMETER,2019
251,32,JAWA BARAT,3273,KOTA BANDUNG,UPTD PENGELOLAAN JALAN DAN JEMBATAN WILAYAH PELAYANAN III,371,JL. PAJAJARAN (SP. PASIRKALIKI - SP.CICENDO) KOTA BANDUNG,15.4,KILOMETER,2019
252,32,JAWA BARAT,3273,KOTA BANDUNG,UPTD PENGELOLAAN JALAN DAN JEMBATAN WILAYAH PELAYANAN III,372,JL. PASIRKALIKI (SP.KEBONKAWUNG - SP.PAJAJARAN) KOTA BANDUNG,15,KILOMETER,2019
253,32,JAWA BARAT,3273,KOTA BANDUNG,UPTD PENGELOLAAN JALAN DAN JEMBATAN WILAYAH PELAYANAN III,373,JL. TERUSAN PASIR KOJA (SP.JAMIKA-SP.SOEKARNO HATTA) KOTA BANDUNG,22,KILOMETER,2019
254,32,JAWA BARAT,3273,KOTA BANDUNG,UPTD PENGELOLAAN JALAN DAN JEMBATAN WILAYAH PELAYANAN III,374,JL. PETA (BANDUNG),24,KILOMETER,2019
255,32,JAWA BARAT,3273,KOTA BANDUNG,UPTD PENGELOLAAN JALAN DAN JEMBATAN WILAYAH PELAYANAN III,375,JL. BKR (BANDUNG),19.9,KILOMETER,2019
256,32,JAWA BARAT,3273,KOTA BANDUNG,UPTD PENGELOLAAN JALAN DAN JEMBATAN WILAYAH PELAYANAN III,376,JL. PELAJAR PEJUANG 45 (BANDUNG),20,KILOMETER,2019
257,32,JAWA BARAT,3273,KOTA BANDUNG,UPTD PENGELOLAAN JALAN DAN JEMBATAN WILAYAH PELAYANAN III,377,JL. LASWI (BANDUNG),19.8,KILOMETER,2019
258,32,JAWA BARAT,3273,KOTA BANDUNG,UPTD PENGELOLAAN JALAN DAN JEMBATAN WILAYAH PELAYANAN III,378,JL. AHMAD YANI (BANDUNG) (DARI SP. LASWI - SP. SUPRATMAN),16.5,KILOMETER,2019
259,32,JAWA BARAT,3273,KOTA BANDUNG,UPTD PENGELOLAAN JALAN DAN JEMBATAN WILAYAH PELAYANAN III,380,JL. W.R. SUPRATMAN (BANDUNG),14,KILOMETER,2019
260,32,JAWA BARAT,3273,KOTA BANDUNG,UPTD PENGELOLAAN JALAN DAN JEMBATAN WILAYAH PELAYANAN III,381,JL. P. DIPONEGORO (BANDUNG),18,KILOMETER,2019
261,32,JAWA BARAT,3273,KOTA BANDUNG,UPTD PENGELOLAAN JALAN DAN JEMBATAN WILAYAH PELAYANAN III,382,JL. CILAMAYA (BANDUNG),12,KILOMETER,2019
262,32,JAWA BARAT,3273,KOTA BANDUNG,UPTD PENGELOLAAN JALAN DAN JEMBATAN WILAYAH PELAYANAN III,383,JL. CIMANDIRI (BANDUNG),12,KILOMETER,2019
263,32,JAWA BARAT,3273,KOTA BANDUNG,UPTD PENGELOLAAN JALAN DAN JEMBATAN WILAYAH PELAYANAN III,384,JL. DEPAN LAN (BANDUNG),4,KILOMETER,2019
264,32,JAWA BARAT,3273,KOTA BANDUNG,UPTD PENGELOLAAN JALAN DAN JEMBATAN WILAYAH PELAYANAN III,385,JL. CILAKI (BANDUNG),7,KILOMETER,2019
265,32,JAWA BARAT,3273,KOTA BANDUNG,UPTD PENGELOLAAN JALAN DAN JEMBATAN WILAYAH PELAYANAN III,386,JL. ARIA JIPANG (BANDUNG),8,KILOMETER,2019
266,32,JAWA BARAT,3273,KOTA BANDUNG,UPTD PENGELOLAAN JALAN DAN JEMBATAN WILAYAH PELAYANAN III,387,JL. GASIBU BARAT (BANDUNG),16,KILOMETER,2019
267,32,JAWA BARAT,3273,KOTA BANDUNG,UPTD PENGELOLAAN JALAN DAN JEMBATAN WILAYAH PELAYANAN III,387,JL. SENTOT ALIBASYAH (BANDUNG),16,KILOMETER,2019
268,32,JAWA BARAT,3273,KOTA BANDUNG,UPTD PENGELOLAAN JALAN DAN JEMBATAN WILAYAH PELAYANAN III,400,JL. GEDEBAGE SELATAN (REL KA-SP.3 DERWATI-BTS.KOTA BANDUNG/JBT.TOL,7.2,KILOMETER,2019
269,32,JAWA BARAT,3274,KOTA CIREBON,UPTD PENGELOLAAN JALAN DAN JEMBATAN WILAYAH PELAYANAN VI,306,JL. NYI MAS GANDA SARI (CIREBON),12,KILOMETER,2019
270,32,JAWA BARAT,3274,KOTA CIREBON,UPTD PENGELOLAAN JALAN DAN JEMBATAN WILAYAH PELAYANAN VI,307,JL. ARIODINOTO,12.5,KILOMETER,2019
271,32,JAWA BARAT,3274,KOTA CIREBON,UPTD PENGELOLAAN JALAN DAN JEMBATAN WILAYAH PELAYANAN VI,307,JL. KESEPUHAN,12.5,KILOMETER,2019
272,32,JAWA BARAT,3274,KOTA CIREBON,UPTD PENGELOLAAN JALAN DAN JEMBATAN WILAYAH PELAYANAN VI,307,JL. PULASAREN,12.5,KILOMETER,2019
273,32,JAWA BARAT,3274,KOTA CIREBON,UPTD PENGELOLAAN JALAN DAN JEMBATAN WILAYAH PELAYANAN VI,307,JL. LAWANGGADA,13.5,KILOMETER,2019
274,32,JAWA BARAT,3274,KOTA CIREBON,UPTD PENGELOLAAN JALAN DAN JEMBATAN WILAYAH PELAYANAN VI,307,JL. KESAMBI (CIREBON),12,KILOMETER,2019
275,32,JAWA BARAT,3274,KOTA CIREBON,UPTD PENGELOLAAN JALAN DAN JEMBATAN WILAYAH PELAYANAN VI,388,JL. KALITANJUNG (CIREBON),8,KILOMETER,2019
276,32,JAWA BARAT,3275,KOTA BEKASI,UPTD PENGELOLAAN JALAN DAN JEMBATAN WILAYAH PELAYANAN I,97,JL. KARTINI (BEKASI),10.5,KILOMETER,2019
277,32,JAWA BARAT,3275,KOTA BEKASI,UPTD PENGELOLAAN JALAN DAN JEMBATAN WILAYAH PELAYANAN I,97,JL. SILIWANGI (BEKASI),10.3,KILOMETER,2019
278,32,JAWA BARAT,3275,KOTA BEKASI,UPTD PENGELOLAAN JALAN DAN JEMBATAN WILAYAH PELAYANAN I,224,JL. Ir. H. JUANDA (BEKASI),6,KILOMETER,2019
279,32,JAWA BARAT,3275,KOTA BEKASI,UPTD PENGELOLAAN JALAN DAN JEMBATAN WILAYAH PELAYANAN I,224,JL. PERJUANGAN (BEKASI),6,KILOMETER,2019
280,32,JAWA BARAT,3276,KOTA DEPOK,UPTD PENGELOLAAN JALAN DAN JEMBATAN WILAYAH PELAYANAN I,213,JL. DEWI SARTIKA (DEPOK),14,KILOMETER,2019
281,32,JAWA BARAT,3276,KOTA DEPOK,UPTD PENGELOLAAN JALAN DAN JEMBATAN WILAYAH PELAYANAN I,213,JL. MARGONDA RAYA (DEPOK),12,KILOMETER,2019
282,32,JAWA BARAT,3276,KOTA DEPOK,UPTD PENGELOLAAN JALAN DAN JEMBATAN WILAYAH PELAYANAN I,214,JL. SILIWANGI (DEPOK),6,KILOMETER,2019
283,32,JAWA BARAT,3276,KOTA DEPOK,UPTD PENGELOLAAN JALAN DAN JEMBATAN WILAYAH PELAYANAN I,214,JL. TOLE ISKANDAR (DEPOK),6,KILOMETER,2019
284,32,JAWA BARAT,3276,KOTA DEPOK,UPTD PENGELOLAAN JALAN DAN JEMBATAN WILAYAH PELAYANAN I,215,SP. JALAN TOLE ISKANDAR - PONDOK RAJEG (BTS. DEPOK/BOGOR),6,KILOMETER,2019
285,32,JAWA BARAT,3277,KOTA CIMAHI,UPTD PENGELOLAAN JALAN DAN JEMBATAN WILAYAH PELAYANAN III,170,JL. GATOT SUBROTO  (CIMAHI),13,KILOMETER,2019
286,32,JAWA BARAT,3277,KOTA CIMAHI,UPTD PENGELOLAAN JALAN DAN JEMBATAN WILAYAH PELAYANAN III,170,"JL. BAROS (CIMAHI),",7.2,KILOMETER,2019
287,32,JAWA BARAT,3277,KOTA CIMAHI,UPTD PENGELOLAAN JALAN DAN JEMBATAN WILAYAH PELAYANAN III,170,JL. SP. LEUWIGAJAH - NANJUNG.,7.5,KILOMETER,2019
288,32,JAWA BARAT,3277,KOTA CIMAHI,UPTD PENGELOLAAN JALAN DAN JEMBATAN WILAYAH PELAYANAN III,247,JL. KOLONEL MASTURI (CIMAHI),6.45,KILOMETER,2019
289,32,JAWA BARAT,3278,KOTA TASIKMALAYA,UPTD PENGELOLAAN JALAN DAN JEMBATAN WILAYAH PELAYANAN V,331,JL. GARUDA (TASIKMALAYA),6,KILOMETER,2019
290,32,JAWA BARAT,3278,KOTA TASIKMALAYA,UPTD PENGELOLAAN JALAN DAN JEMBATAN WILAYAH PELAYANAN V,340,JL. Ir. H. JUANDA (TASIKMALAYA),9,KILOMETER,2019
291,32,JAWA BARAT,3278,KOTA TASIKMALAYA,UPTD PENGELOLAAN JALAN DAN JEMBATAN WILAYAH PELAYANAN V,340,JL. BRIGJEN WASITA KUSUMAH,12,KILOMETER,2019
292,32,JAWA BARAT,3278,KOTA TASIKMALAYA,UPTD PENGELOLAAN JALAN DAN JEMBATAN WILAYAH PELAYANAN V,340,JL. LETNAN HARUN,12,KILOMETER,2019
293,32,JAWA BARAT,3278,KOTA TASIKMALAYA,UPTD PENGELOLAAN JALAN DAN JEMBATAN WILAYAH PELAYANAN V,341,JL. GUBERNUR SWAKA (TASIKMALAYA),12,KILOMETER,2019
294,32,JAWA BARAT,3278,KOTA TASIKMALAYA,UPTD PENGELOLAAN JALAN DAN JEMBATAN WILAYAH PELAYANAN V,342,CISUMUR - GARUDA (LET JEN MASHUDI),12,KILOMETER,2019
295,32,JAWA BARAT,3278,KOTA TASIKMALAYA,UPTD PENGELOLAAN JALAN DAN JEMBATAN WILAYAH PELAYANAN V,343,JL. PERINTIS KEMERDEKAAN (TASIKMALAYA),7.5,KILOMETER,2019
296,32,JAWA BARAT,3278,KOTA TASIKMALAYA,UPTD PENGELOLAAN JALAN DAN JEMBATAN WILAYAH PELAYANAN V,347,SINGAPARNA - TASIKMALAYA,7.5,KILOMETER,2019
297,32,JAWA BARAT,3279,KOTA BANJAR,UPTD PENGELOLAAN JALAN DAN JEMBATAN WILAYAH PELAYANAN V,332,JL. PERINTIS KEMERDEKAAN (BANJAR),6,KILOMETER,2019
298,32,JAWA BARAT,3279,KOTA BANJAR,UPTD PENGELOLAAN JALAN DAN JEMBATAN WILAYAH PELAYANAN V,332,JL. RAYA CIMARAGAS/(BTS. KOTA BANJAR),6,KILOMETER,2019
