id,kode_provinsi,nama_provinsi,nama_pelabuhan,jumlah_kapal_angkutan,satuan,tahun
1,32,JAWA BARAT,PALABUHANRATU,583,UNIT,2015
2,32,JAWA BARAT,PAMANUKAN,1471,UNIT,2015
3,32,JAWA BARAT,PANGANDARAN,68,UNIT,2015
4,32,JAWA BARAT,INDRAMAYU,2861,UNIT,2015
5,32,JAWA BARAT,KSOP CIREBON,1200,UNIT,2015
6,32,JAWA BARAT,PALABUHANRATU,275,UNIT,2016
7,32,JAWA BARAT,PAMANUKAN,1845,UNIT,2016
8,32,JAWA BARAT,PANGANDARAN,18,UNIT,2016
9,32,JAWA BARAT,INDRAMAYU,2810,UNIT,2016
10,32,JAWA BARAT,KSOP CIREBON,1363,UNIT,2016
11,32,JAWA BARAT,PALABUHANRATU,369,UNIT,2017
12,32,JAWA BARAT,PAMANUKAN,1481,UNIT,2017
13,32,JAWA BARAT,PANGANDARAN,30,UNIT,2017
14,32,JAWA BARAT,INDRAMAYU,2428,UNIT,2017
15,32,JAWA BARAT,KSOP CIREBON,1687,UNIT,2017
16,32,JAWA BARAT,PALABUHANRATU,379,UNIT,2018
17,32,JAWA BARAT,PAMANUKAN,122,UNIT,2018
18,32,JAWA BARAT,PANGANDARAN,27,UNIT,2018
19,32,JAWA BARAT,INDRAMAYU,2459,UNIT,2018
20,32,JAWA BARAT,KSOP CIREBON,1633,UNIT,2018
21,32,JAWA BARAT,PALABUHANRATU,845,UNIT,2019
22,32,JAWA BARAT,INDRAMAYU,2119,UNIT,2019
23,32,JAWA BARAT,KSOP CIREBON,2009,UNIT,2019
24,32,JAWA BARAT,PALABUHANRATU,977,UNIT,2020
25,32,JAWA BARAT,INDRAMAYU,1871,UNIT,2020
26,32,JAWA BARAT,KSOP CIREBON,2024,UNIT,2020
