id,kode_provinsi,nama_provinsi,kode_kabupaten_kota,nama_kabupaten_kota,pengelola_museum,jumlah_museum,satuan,tahun
0,32,JAWA BARAT,3201,KABUPATEN BOGOR,NEGERI,0,UNIT,2018
1,32,JAWA BARAT,3201,KABUPATEN BOGOR,SWASTA,0,UNIT,2018
2,32,JAWA BARAT,3202,KABUPATEN SUKABUMI,NEGERI,1,UNIT,2018
3,32,JAWA BARAT,3202,KABUPATEN SUKABUMI,SWASTA,0,UNIT,2018
4,32,JAWA BARAT,3203,KABUPATEN CIANJUR,NEGERI,0,UNIT,2018
5,32,JAWA BARAT,3203,KABUPATEN CIANJUR,SWASTA,0,UNIT,2018
6,32,JAWA BARAT,3204,KABUPATEN BANDUNG,NEGERI,0,UNIT,2018
7,32,JAWA BARAT,3204,KABUPATEN BANDUNG,SWASTA,0,UNIT,2018
8,32,JAWA BARAT,3205,KABUPATEN GARUT,NEGERI,1,UNIT,2018
9,32,JAWA BARAT,3205,KABUPATEN GARUT,SWASTA,1,UNIT,2018
10,32,JAWA BARAT,3206,KABUPATEN TASIKMALAYA,NEGERI,0,UNIT,2018
11,32,JAWA BARAT,3206,KABUPATEN TASIKMALAYA,SWASTA,1,UNIT,2018
12,32,JAWA BARAT,3207,KABUPATEN CIAMIS,NEGERI,0,UNIT,2018
13,32,JAWA BARAT,3207,KABUPATEN CIAMIS,SWASTA,0,UNIT,2018
14,32,JAWA BARAT,3208,KABUPATEN KUNINGAN,NEGERI,0,UNIT,2018
15,32,JAWA BARAT,3208,KABUPATEN KUNINGAN,SWASTA,0,UNIT,2018
16,32,JAWA BARAT,3209,KABUPATEN CIREBON,NEGERI,0,UNIT,2018
17,32,JAWA BARAT,3209,KABUPATEN CIREBON,SWASTA,0,UNIT,2018
18,32,JAWA BARAT,3210,KABUPATEN MAJALENGKA,NEGERI,0,UNIT,2018
19,32,JAWA BARAT,3210,KABUPATEN MAJALENGKA,SWASTA,2,UNIT,2018
20,32,JAWA BARAT,3211,KABUPATEN SUMEDANG,NEGERI,0,UNIT,2018
21,32,JAWA BARAT,3211,KABUPATEN SUMEDANG,SWASTA,0,UNIT,2018
22,32,JAWA BARAT,3212,KABUPATEN INDRAMAYU,NEGERI,1,UNIT,2018
23,32,JAWA BARAT,3212,KABUPATEN INDRAMAYU,SWASTA,0,UNIT,2018
24,32,JAWA BARAT,3213,KABUPATEN SUBANG,NEGERI,3,UNIT,2018
25,32,JAWA BARAT,3213,KABUPATEN SUBANG,SWASTA,0,UNIT,2018
26,32,JAWA BARAT,3214,KABUPATEN PURWAKARTA,NEGERI,4,UNIT,2018
27,32,JAWA BARAT,3214,KABUPATEN PURWAKARTA,SWASTA,0,UNIT,2018
28,32,JAWA BARAT,3215,KABUPATEN KARAWANG,NEGERI,1,UNIT,2018
29,32,JAWA BARAT,3215,KABUPATEN KARAWANG,SWASTA,0,UNIT,2018
30,32,JAWA BARAT,3216,KABUPATEN BEKASI,NEGERI,0,UNIT,2018
31,32,JAWA BARAT,3216,KABUPATEN BEKASI,SWASTA,0,UNIT,2018
32,32,JAWA BARAT,3217,KABUPATEN BANDUNG BARAT,NEGERI,0,UNIT,2018
33,32,JAWA BARAT,3217,KABUPATEN BANDUNG BARAT,SWASTA,2,UNIT,2018
34,32,JAWA BARAT,3218,KABUPATEN PANGANDARAN,NEGERI,1,UNIT,2018
35,32,JAWA BARAT,3218,KABUPATEN PANGANDARAN,SWASTA,0,UNIT,2018
36,32,JAWA BARAT,3271,KOTA BOGOR,NEGERI,6,UNIT,2018
37,32,JAWA BARAT,3271,KOTA BOGOR,SWASTA,1,UNIT,2018
38,32,JAWA BARAT,3272,KOTA SUKABUMI,NEGERI,1,UNIT,2018
39,32,JAWA BARAT,3272,KOTA SUKABUMI,SWASTA,3,UNIT,2018
40,32,JAWA BARAT,3273,KOTA BANDUNG,NEGERI,11,UNIT,2018
41,32,JAWA BARAT,3273,KOTA BANDUNG,SWASTA,7,UNIT,2018
42,32,JAWA BARAT,3274,KOTA CIREBON,NEGERI,0,UNIT,2018
43,32,JAWA BARAT,3274,KOTA CIREBON,SWASTA,4,UNIT,2018
44,32,JAWA BARAT,3275,KOTA BEKASI,NEGERI,0,UNIT,2018
45,32,JAWA BARAT,3275,KOTA BEKASI,SWASTA,0,UNIT,2018
46,32,JAWA BARAT,3276,KOTA DEPOK,NEGERI,0,UNIT,2018
47,32,JAWA BARAT,3276,KOTA DEPOK,SWASTA,0,UNIT,2018
48,32,JAWA BARAT,3277,KOTA CIMAHI,NEGERI,0,UNIT,2018
49,32,JAWA BARAT,3277,KOTA CIMAHI,SWASTA,0,UNIT,2018
50,32,JAWA BARAT,3278,KOTA TASIKMALAYA,NEGERI,0,UNIT,2018
51,32,JAWA BARAT,3278,KOTA TASIKMALAYA,SWASTA,0,UNIT,2018
52,32,JAWA BARAT,3279,KOTA BANJAR,NEGERI,0,UNIT,2018
53,32,JAWA BARAT,3279,KOTA BANJAR,SWASTA,0,UNIT,2018
54,32,JAWA BARAT,3201,KABUPATEN BOGOR,NEGERI,0,UNIT,2019
55,32,JAWA BARAT,3201,KABUPATEN BOGOR,SWASTA,0,UNIT,2019
56,32,JAWA BARAT,3202,KABUPATEN SUKABUMI,NEGERI,1,UNIT,2019
57,32,JAWA BARAT,3202,KABUPATEN SUKABUMI,SWASTA,1,UNIT,2019
58,32,JAWA BARAT,3203,KABUPATEN CIANJUR,NEGERI,0,UNIT,2019
59,32,JAWA BARAT,3203,KABUPATEN CIANJUR,SWASTA,0,UNIT,2019
60,32,JAWA BARAT,3204,KABUPATEN BANDUNG,NEGERI,0,UNIT,2019
61,32,JAWA BARAT,3204,KABUPATEN BANDUNG,SWASTA,0,UNIT,2019
62,32,JAWA BARAT,3205,KABUPATEN GARUT,NEGERI,2,UNIT,2019
63,32,JAWA BARAT,3205,KABUPATEN GARUT,SWASTA,0,UNIT,2019
64,32,JAWA BARAT,3206,KABUPATEN TASIKMALAYA,NEGERI,0,UNIT,2019
65,32,JAWA BARAT,3206,KABUPATEN TASIKMALAYA,SWASTA,1,UNIT,2019
66,32,JAWA BARAT,3207,KABUPATEN CIAMIS,NEGERI,0,UNIT,2019
67,32,JAWA BARAT,3207,KABUPATEN CIAMIS,SWASTA,0,UNIT,2019
68,32,JAWA BARAT,3208,KABUPATEN KUNINGAN,NEGERI,1,UNIT,2019
69,32,JAWA BARAT,3208,KABUPATEN KUNINGAN,SWASTA,0,UNIT,2019
70,32,JAWA BARAT,3209,KABUPATEN CIREBON,NEGERI,1,UNIT,2019
71,32,JAWA BARAT,3209,KABUPATEN CIREBON,SWASTA,2,UNIT,2019
72,32,JAWA BARAT,3210,KABUPATEN MAJALENGKA,NEGERI,0,UNIT,2019
73,32,JAWA BARAT,3210,KABUPATEN MAJALENGKA,SWASTA,2,UNIT,2019
74,32,JAWA BARAT,3211,KABUPATEN SUMEDANG,NEGERI,0,UNIT,2019
75,32,JAWA BARAT,3211,KABUPATEN SUMEDANG,SWASTA,1,UNIT,2019
76,32,JAWA BARAT,3212,KABUPATEN INDRAMAYU,NEGERI,1,UNIT,2019
77,32,JAWA BARAT,3212,KABUPATEN INDRAMAYU,SWASTA,0,UNIT,2019
78,32,JAWA BARAT,3213,KABUPATEN SUBANG,NEGERI,3,UNIT,2019
79,32,JAWA BARAT,3213,KABUPATEN SUBANG,SWASTA,0,UNIT,2019
80,32,JAWA BARAT,3214,KABUPATEN PURWAKARTA,NEGERI,4,UNIT,2019
81,32,JAWA BARAT,3214,KABUPATEN PURWAKARTA,SWASTA,0,UNIT,2019
82,32,JAWA BARAT,3215,KABUPATEN KARAWANG,NEGERI,1,UNIT,2019
83,32,JAWA BARAT,3215,KABUPATEN KARAWANG,SWASTA,0,UNIT,2019
84,32,JAWA BARAT,3216,KABUPATEN BEKASI,NEGERI,0,UNIT,2019
85,32,JAWA BARAT,3216,KABUPATEN BEKASI,SWASTA,0,UNIT,2019
86,32,JAWA BARAT,3217,KABUPATEN BANDUNG BARAT,NEGERI,0,UNIT,2019
87,32,JAWA BARAT,3217,KABUPATEN BANDUNG BARAT,SWASTA,0,UNIT,2019
88,32,JAWA BARAT,3218,KABUPATEN PANGANDARAN,NEGERI,1,UNIT,2019
89,32,JAWA BARAT,3218,KABUPATEN PANGANDARAN,SWASTA,0,UNIT,2019
90,32,JAWA BARAT,3271,KOTA BOGOR,NEGERI,6,UNIT,2019
91,32,JAWA BARAT,3271,KOTA BOGOR,SWASTA,1,UNIT,2019
92,32,JAWA BARAT,3272,KOTA SUKABUMI,NEGERI,1,UNIT,2019
93,32,JAWA BARAT,3272,KOTA SUKABUMI,SWASTA,4,UNIT,2019
94,32,JAWA BARAT,3273,KOTA BANDUNG,NEGERI,11,UNIT,2019
95,32,JAWA BARAT,3273,KOTA BANDUNG,SWASTA,7,UNIT,2019
96,32,JAWA BARAT,3274,KOTA CIREBON,NEGERI,0,UNIT,2019
97,32,JAWA BARAT,3274,KOTA CIREBON,SWASTA,4,UNIT,2019
98,32,JAWA BARAT,3275,KOTA BEKASI,NEGERI,0,UNIT,2019
99,32,JAWA BARAT,3275,KOTA BEKASI,SWASTA,0,UNIT,2019
100,32,JAWA BARAT,3276,KOTA DEPOK,NEGERI,0,UNIT,2019
101,32,JAWA BARAT,3276,KOTA DEPOK,SWASTA,0,UNIT,2019
102,32,JAWA BARAT,3277,KOTA CIMAHI,NEGERI,0,UNIT,2019
103,32,JAWA BARAT,3277,KOTA CIMAHI,SWASTA,0,UNIT,2019
104,32,JAWA BARAT,3278,KOTA TASIKMALAYA,NEGERI,0,UNIT,2019
105,32,JAWA BARAT,3278,KOTA TASIKMALAYA,SWASTA,0,UNIT,2019
106,32,JAWA BARAT,3279,KOTA BANJAR,NEGERI,0,UNIT,2019
107,32,JAWA BARAT,3279,KOTA BANJAR,SWASTA,0,UNIT,2019
