id,kode_provinsi,nama_provinsi,kode_kabupaten_kota,nama_kabupaten_kota,wilayah_uptd,no_ruas,nama_ruas_jalan,km_asal,pengukuran_km,lokasi_km,satuan,tahun
1,32,JAWA BARAT,3201,KABUPATEN BOGOR,UPTD PENGELOLAAN JALAN DAN JEMBATAN WILAYAH PELAYANAN I,97,NAROGONG - CILEUNGSI,JKT,DARI KM,47.43,TITIK,2019
2,32,JAWA BARAT,3201,KABUPATEN BOGOR,UPTD PENGELOLAAN JALAN DAN JEMBATAN WILAYAH PELAYANAN I,97,NAROGONG - CILEUNGSI,JKT,SAMPAI KM,53.47,TITIK,2019
3,32,JAWA BARAT,3201,KABUPATEN BOGOR,UPTD PENGELOLAAN JALAN DAN JEMBATAN WILAYAH PELAYANAN I,97,CILEUNGSI - CIBINONG (CITEUREUP),JKT,DARI KM,53.47,TITIK,2019
4,32,JAWA BARAT,3201,KABUPATEN BOGOR,UPTD PENGELOLAAN JALAN DAN JEMBATAN WILAYAH PELAYANAN I,97,CILEUNGSI - CIBINONG (CITEUREUP),JKT,SAMPAI KM,67.6,TITIK,2019
5,32,JAWA BARAT,3201,KABUPATEN BOGOR,UPTD PENGELOLAAN JALAN DAN JEMBATAN WILAYAH PELAYANAN I,97,JL. MAYOR OKING (CITEUREUP),JKT,DARI KM,67.6,TITIK,2019
6,32,JAWA BARAT,3201,KABUPATEN BOGOR,UPTD PENGELOLAAN JALAN DAN JEMBATAN WILAYAH PELAYANAN I,97,JL. MAYOR OKING (CITEUREUP),JKT,SAMPAI KM,71.21,TITIK,2019
7,32,JAWA BARAT,3201,KABUPATEN BOGOR,UPTD PENGELOLAAN JALAN DAN JEMBATAN WILAYAH PELAYANAN I,97,JL. MAYOR OKING (CIBINONG),JKT,DARI KM,71.21,TITIK,2019
8,32,JAWA BARAT,3201,KABUPATEN BOGOR,UPTD PENGELOLAAN JALAN DAN JEMBATAN WILAYAH PELAYANAN I,97,JL. MAYOR OKING (CIBINONG),JKT,SAMPAI KM,75.0,TITIK,2019
9,32,JAWA BARAT,3201,KABUPATEN BOGOR,UPTD PENGELOLAAN JALAN DAN JEMBATAN WILAYAH PELAYANAN I,202,JL. MOCH. TOHHA (PARUNG PANJANG),JKT,DARI KM,53.86,TITIK,2019
10,32,JAWA BARAT,3201,KABUPATEN BOGOR,UPTD PENGELOLAAN JALAN DAN JEMBATAN WILAYAH PELAYANAN I,202,JL. MOCH. TOHHA (PARUNG PANJANG),JKT,SAMPAI KM,55.36,TITIK,2019
11,32,JAWA BARAT,3201,KABUPATEN BOGOR,UPTD PENGELOLAAN JALAN DAN JEMBATAN WILAYAH PELAYANAN I,202,PARUNG PANJANG - BUNAR,JKT,DARI KM,55.36,TITIK,2019
12,32,JAWA BARAT,3201,KABUPATEN BOGOR,UPTD PENGELOLAAN JALAN DAN JEMBATAN WILAYAH PELAYANAN I,202,PARUNG PANJANG - BUNAR,JKT,SAMPAI KM,82.18,TITIK,2019
13,32,JAWA BARAT,3201,KABUPATEN BOGOR,UPTD PENGELOLAAN JALAN DAN JEMBATAN WILAYAH PELAYANAN I,203,BTS. TANGGERANG/BOGOR - PARUNG,JKT,DARI KM,48.29,TITIK,2019
14,32,JAWA BARAT,3201,KABUPATEN BOGOR,UPTD PENGELOLAAN JALAN DAN JEMBATAN WILAYAH PELAYANAN I,203,BTS. TANGGERANG/BOGOR - PARUNG,JKT,SAMPAI KM,60.03,TITIK,2019
15,32,JAWA BARAT,3201,KABUPATEN BOGOR,UPTD PENGELOLAAN JALAN DAN JEMBATAN WILAYAH PELAYANAN I,216,PONDOK RAJEG - HARAPANG JAYA (CIBINONG),JKT,DARI KM,48.46,TITIK,2019
16,32,JAWA BARAT,3201,KABUPATEN BOGOR,UPTD PENGELOLAAN JALAN DAN JEMBATAN WILAYAH PELAYANAN I,216,PONDOK RAJEG - HARAPANG JAYA (CIBINONG),JKT,SAMPAI KM,53.67,TITIK,2019
17,32,JAWA BARAT,3201,KABUPATEN BOGOR,UPTD PENGELOLAAN JALAN DAN JEMBATAN WILAYAH PELAYANAN I,216,HARAPANG JAYA (CIBINONG) - BTS.KOTA BOGOR (KEDUNGHALANG,JKT,DARI KM,53.67,TITIK,2019
18,32,JAWA BARAT,3201,KABUPATEN BOGOR,UPTD PENGELOLAAN JALAN DAN JEMBATAN WILAYAH PELAYANAN I,216,HARAPANG JAYA (CIBINONG) - BTS.KOTA BOGOR (KEDUNGHALANG,JKT,SAMPAI KM,61.09,TITIK,2019
19,32,JAWA BARAT,3201,KABUPATEN BOGOR,UPTD PENGELOLAAN JALAN DAN JEMBATAN WILAYAH PELAYANAN I,231,CIBARUSAH - CIBUCIL,JKT,DARI KM,76.25,TITIK,2019
20,32,JAWA BARAT,3201,KABUPATEN BOGOR,UPTD PENGELOLAAN JALAN DAN JEMBATAN WILAYAH PELAYANAN I,231,CIBARUSAH - CIBUCIL,JKT,SAMPAI KM,77.65,TITIK,2019
21,32,JAWA BARAT,3201,KABUPATEN BOGOR,UPTD PENGELOLAAN JALAN DAN JEMBATAN WILAYAH PELAYANAN I,233,CILEUNGSI - CIBEET,JKT,DARI KM,53.17,TITIK,2019
22,32,JAWA BARAT,3201,KABUPATEN BOGOR,UPTD PENGELOLAAN JALAN DAN JEMBATAN WILAYAH PELAYANAN I,233,CILEUNGSI - CIBEET,JKT,SAMPAI KM,97.75,TITIK,2019
23,32,JAWA BARAT,3201,KABUPATEN BOGOR,UPTD PENGELOLAAN JALAN DAN JEMBATAN WILAYAH PELAYANAN I,391,CARIU - JAGATAMU/BAGED (BTS. KAB. BOGOR/KARAWANG,JKT,DARI KM,78.74,TITIK,2019
24,32,JAWA BARAT,3201,KABUPATEN BOGOR,UPTD PENGELOLAAN JALAN DAN JEMBATAN WILAYAH PELAYANAN I,391,CARIU - JAGATAMU/BAGED (BTS. KAB. BOGOR/KARAWANG,JKT,SAMPAI KM,85.32,TITIK,2019
25,32,JAWA BARAT,3202,KABUPATEN SUKABUMI,UPTD PENGELOLAAN JALAN DAN JEMBATAN WILAYAH PELAYANAN II,191,SUKABUMI (BAROS) - SAGARENTEN,BDG,DARI KM,101.06,TITIK,2019
26,32,JAWA BARAT,3202,KABUPATEN SUKABUMI,UPTD PENGELOLAAN JALAN DAN JEMBATAN WILAYAH PELAYANAN II,191,SUKABUMI (BAROS) - SAGARENTEN,BDG,SAMPAI KM,148.0,TITIK,2019
27,32,JAWA BARAT,3202,KABUPATEN SUKABUMI,UPTD PENGELOLAAN JALAN DAN JEMBATAN WILAYAH PELAYANAN II,191,JL. RAYA SAGARENTEN (SAGARENTEN),BDG,DARI KM,148.0,TITIK,2019
28,32,JAWA BARAT,3202,KABUPATEN SUKABUMI,UPTD PENGELOLAAN JALAN DAN JEMBATAN WILAYAH PELAYANAN II,191,JL. RAYA SAGARENTEN (SAGARENTEN),BDG,SAMPAI KM,148.55,TITIK,2019
29,32,JAWA BARAT,3202,KABUPATEN SUKABUMI,UPTD PENGELOLAAN JALAN DAN JEMBATAN WILAYAH PELAYANAN II,192,SAGARENTEN - TEGALBULEUD,BDG,DARI KM,149.11,TITIK,2019
30,32,JAWA BARAT,3202,KABUPATEN SUKABUMI,UPTD PENGELOLAAN JALAN DAN JEMBATAN WILAYAH PELAYANAN II,192,SAGARENTEN - TEGALBULEUD,BDG,SAMPAI KM,191.55,TITIK,2019
31,32,JAWA BARAT,3202,KABUPATEN SUKABUMI,UPTD PENGELOLAAN JALAN DAN JEMBATAN WILAYAH PELAYANAN II,192,JL. GUDANG (SAGARENTEN),BDG,DARI KM,148.55,TITIK,2019
32,32,JAWA BARAT,3202,KABUPATEN SUKABUMI,UPTD PENGELOLAAN JALAN DAN JEMBATAN WILAYAH PELAYANAN II,192,JL. GUDANG (SAGARENTEN),BDG,SAMPAI KM,148.97,TITIK,2019
33,32,JAWA BARAT,3202,KABUPATEN SUKABUMI,UPTD PENGELOLAAN JALAN DAN JEMBATAN WILAYAH PELAYANAN II,193,SUKABUMI - CIKEMBAR,BDG,DARI KM,102.72,TITIK,2019
34,32,JAWA BARAT,3202,KABUPATEN SUKABUMI,UPTD PENGELOLAAN JALAN DAN JEMBATAN WILAYAH PELAYANAN II,193,SUKABUMI - CIKEMBAR,BDG,SAMPAI KM,112.4,TITIK,2019
35,32,JAWA BARAT,3202,KABUPATEN SUKABUMI,UPTD PENGELOLAAN JALAN DAN JEMBATAN WILAYAH PELAYANAN II,193,JL. LINGKAR SUKABUMI (CIBOLANG - PELABUHAN II) segmen - 1,BDG,DARI KM,101.95,TITIK,2019
36,32,JAWA BARAT,3202,KABUPATEN SUKABUMI,UPTD PENGELOLAAN JALAN DAN JEMBATAN WILAYAH PELAYANAN II,193,JL. LINGKAR SUKABUMI (CIBOLANG - PELABUHAN II) segmen - 1,BDG,SAMPAI KM,106.45,TITIK,2019
37,32,JAWA BARAT,3202,KABUPATEN SUKABUMI,UPTD PENGELOLAAN JALAN DAN JEMBATAN WILAYAH PELAYANAN II,193,"JL. LINGKAR MESJID RAUDATUL IRVAN (CISAAT,CIBOLANG,SUKABUMI)",LOKAL,DARI KM,106.24,TITIK,2019
38,32,JAWA BARAT,3202,KABUPATEN SUKABUMI,UPTD PENGELOLAAN JALAN DAN JEMBATAN WILAYAH PELAYANAN II,193,"JL. LINGKAR MESJID RAUDATUL IRVAN (CISAAT,CIBOLANG,SUKABUMI)",LOKAL,SAMPAI KM,106.45,TITIK,2019
39,32,JAWA BARAT,3202,KABUPATEN SUKABUMI,UPTD PENGELOLAAN JALAN DAN JEMBATAN WILAYAH PELAYANAN II,194,CIKEMBAR - CIKEMBANG,BDG,DARI KM,112.4,TITIK,2019
40,32,JAWA BARAT,3202,KABUPATEN SUKABUMI,UPTD PENGELOLAAN JALAN DAN JEMBATAN WILAYAH PELAYANAN II,194,CIKEMBAR - CIKEMBANG,BDG,SAMPAI KM,115.9,TITIK,2019
41,32,JAWA BARAT,3202,KABUPATEN SUKABUMI,UPTD PENGELOLAAN JALAN DAN JEMBATAN WILAYAH PELAYANAN II,195,CIKEMBAR - JAMPANG TENGAH,BDG,DARI KM,112.4,TITIK,2019
42,32,JAWA BARAT,3202,KABUPATEN SUKABUMI,UPTD PENGELOLAAN JALAN DAN JEMBATAN WILAYAH PELAYANAN II,195,CIKEMBAR - JAMPANG TENGAH,BDG,SAMPAI KM,119.28,TITIK,2019
43,32,JAWA BARAT,3202,KABUPATEN SUKABUMI,UPTD PENGELOLAAN JALAN DAN JEMBATAN WILAYAH PELAYANAN II,196,JAMPANG TENGAH - KIARA DUA,BDG,DARI KM,119.28,TITIK,2019
44,32,JAWA BARAT,3202,KABUPATEN SUKABUMI,UPTD PENGELOLAAN JALAN DAN JEMBATAN WILAYAH PELAYANAN II,196,JAMPANG TENGAH - KIARA DUA,BDG,SAMPAI KM,165.17,TITIK,2019
45,32,JAWA BARAT,3202,KABUPATEN SUKABUMI,UPTD PENGELOLAAN JALAN DAN JEMBATAN WILAYAH PELAYANAN II,197,SP.SURADE - UJUNG GENTENG,BDG,DARI KM,207.91,TITIK,2019
46,32,JAWA BARAT,3202,KABUPATEN SUKABUMI,UPTD PENGELOLAAN JALAN DAN JEMBATAN WILAYAH PELAYANAN II,197,SP.SURADE - UJUNG GENTENG,BDG,SAMPAI KM,231.11,TITIK,2019
47,32,JAWA BARAT,3202,KABUPATEN SUKABUMI,UPTD PENGELOLAAN JALAN DAN JEMBATAN WILAYAH PELAYANAN II,198,JL. BHAYANGKARA (PELABUAHAN RATU),BDG,DARI KM,147.96,TITIK,2019
48,32,JAWA BARAT,3202,KABUPATEN SUKABUMI,UPTD PENGELOLAAN JALAN DAN JEMBATAN WILAYAH PELAYANAN II,198,JL. BHAYANGKARA (PELABUAHAN RATU),BDG,SAMPAI KM,151.35,TITIK,2019
49,32,JAWA BARAT,3202,KABUPATEN SUKABUMI,UPTD PENGELOLAAN JALAN DAN JEMBATAN WILAYAH PELAYANAN II,198,CIBADAK - CIKIDANG - PELABUHAN RATU,BDG,DARI KM,112.18,TITIK,2019
50,32,JAWA BARAT,3202,KABUPATEN SUKABUMI,UPTD PENGELOLAAN JALAN DAN JEMBATAN WILAYAH PELAYANAN II,198,CIBADAK - CIKIDANG - PELABUHAN RATU,BDG,SAMPAI KM,147.96,TITIK,2019
51,32,JAWA BARAT,3202,KABUPATEN SUKABUMI,UPTD PENGELOLAAN JALAN DAN JEMBATAN WILAYAH PELAYANAN II,199,SP. KARANGHAWU - BTS. PROV. BANTEN (CIKOTOK),BDG,DARI KM,164.68,TITIK,2019
52,32,JAWA BARAT,3202,KABUPATEN SUKABUMI,UPTD PENGELOLAAN JALAN DAN JEMBATAN WILAYAH PELAYANAN II,199,SP. KARANGHAWU - BTS. PROV. BANTEN (CIKOTOK),BDG,SAMPAI KM,188.49,TITIK,2019
53,32,JAWA BARAT,3202,KABUPATEN SUKABUMI,UPTD PENGELOLAAN JALAN DAN JEMBATAN WILAYAH PELAYANAN II,391,WALURAN - MARELENG - PALANGPANG,LOKAL,DARI KM,188.2,TITIK,2019
54,32,JAWA BARAT,3202,KABUPATEN SUKABUMI,UPTD PENGELOLAAN JALAN DAN JEMBATAN WILAYAH PELAYANAN II,391,WALURAN - MARELENG - PALANGPANG,LOKAL,SAMPAI KM,223.05,TITIK,2019
55,32,JAWA BARAT,3202,KABUPATEN SUKABUMI,UPTD PENGELOLAAN JALAN DAN JEMBATAN WILAYAH PELAYANAN II,392,PALANGPANG - PUNCAK DARMA,LOKAL,DARI KM,223.05,TITIK,2019
56,32,JAWA BARAT,3202,KABUPATEN SUKABUMI,UPTD PENGELOLAAN JALAN DAN JEMBATAN WILAYAH PELAYANAN II,392,PALANGPANG - PUNCAK DARMA,LOKAL,SAMPAI KM,228.25,TITIK,2019
57,32,JAWA BARAT,3202,KABUPATEN SUKABUMI,UPTD PENGELOLAAN JALAN DAN JEMBATAN WILAYAH PELAYANAN II,392,SP.3 LOJI (TEGALNYAMPAI) - CIBUTUN,LOKAL,DARI KM,154.5,TITIK,2019
58,32,JAWA BARAT,3202,KABUPATEN SUKABUMI,UPTD PENGELOLAAN JALAN DAN JEMBATAN WILAYAH PELAYANAN II,392,SP.3 LOJI (TEGALNYAMPAI) - CIBUTUN,LOKAL,SAMPAI KM,161.9,TITIK,2019
59,32,JAWA BARAT,3202,KABUPATEN SUKABUMI,UPTD PENGELOLAAN JALAN DAN JEMBATAN WILAYAH PELAYANAN II,392,CIBUTUN - BALEWER,LOKAL,DARI KM,7.4,TITIK,2019
60,32,JAWA BARAT,3202,KABUPATEN SUKABUMI,UPTD PENGELOLAAN JALAN DAN JEMBATAN WILAYAH PELAYANAN II,392,CIBUTUN - BALEWER,LOKAL,SAMPAI KM,23.8,TITIK,2019
61,32,JAWA BARAT,3202,KABUPATEN SUKABUMI,UPTD PENGELOLAAN JALAN DAN JEMBATAN WILAYAH PELAYANAN II,392,BALEWER - PUNCAK DARMA,LOKAL,DARI KM,23.8,TITIK,2019
62,32,JAWA BARAT,3202,KABUPATEN SUKABUMI,UPTD PENGELOLAAN JALAN DAN JEMBATAN WILAYAH PELAYANAN II,392,BALEWER - PUNCAK DARMA,LOKAL,SAMPAI KM,26.8,TITIK,2019
63,32,JAWA BARAT,3203,KABUPATEN CIANJUR,UPTD PENGELOLAAN JALAN DAN JEMBATAN WILAYAH PELAYANAN I,182,SP.3 PERINTIS KEMERDEKAAN (PASIR HAYAM) - CIBEBER,BDG,DARI KM,68.44,TITIK,2019
64,32,JAWA BARAT,3203,KABUPATEN CIANJUR,UPTD PENGELOLAAN JALAN DAN JEMBATAN WILAYAH PELAYANAN I,182,SP.3 PERINTIS KEMERDEKAAN (PASIR HAYAM) - CIBEBER,BDG,SAMPAI KM,79.0,TITIK,2019
65,32,JAWA BARAT,3203,KABUPATEN CIANJUR,UPTD PENGELOLAAN JALAN DAN JEMBATAN WILAYAH PELAYANAN I,182,JL. RAYA CIBEBER (CIBEBER),BDG,DARI KM,79.0,TITIK,2019
66,32,JAWA BARAT,3203,KABUPATEN CIANJUR,UPTD PENGELOLAAN JALAN DAN JEMBATAN WILAYAH PELAYANAN I,182,JL. RAYA CIBEBER (CIBEBER),BDG,SAMPAI KM,81.62,TITIK,2019
67,32,JAWA BARAT,3203,KABUPATEN CIANJUR,UPTD PENGELOLAAN JALAN DAN JEMBATAN WILAYAH PELAYANAN I,183,CIBEBER - SUKANAGARA,BDG,DARI KM,81.62,TITIK,2019
68,32,JAWA BARAT,3203,KABUPATEN CIANJUR,UPTD PENGELOLAAN JALAN DAN JEMBATAN WILAYAH PELAYANAN I,183,CIBEBER - SUKANAGARA,BDG,SAMPAI KM,107.74,TITIK,2019
69,32,JAWA BARAT,3203,KABUPATEN CIANJUR,UPTD PENGELOLAAN JALAN DAN JEMBATAN WILAYAH PELAYANAN I,183,JL. RAYA SUKANAGARA (SUKANAGARA),BDG,DARI KM,107.74,TITIK,2019
70,32,JAWA BARAT,3203,KABUPATEN CIANJUR,UPTD PENGELOLAAN JALAN DAN JEMBATAN WILAYAH PELAYANAN I,183,JL. RAYA SUKANAGARA (SUKANAGARA),BDG,SAMPAI KM,109.81,TITIK,2019
71,32,JAWA BARAT,3203,KABUPATEN CIANJUR,UPTD PENGELOLAAN JALAN DAN JEMBATAN WILAYAH PELAYANAN I,184,SUKANAGARA - SINDANGBARANG,BDG,DARI KM,109.8,TITIK,2019
72,32,JAWA BARAT,3203,KABUPATEN CIANJUR,UPTD PENGELOLAAN JALAN DAN JEMBATAN WILAYAH PELAYANAN I,184,SUKANAGARA - SINDANGBARANG,BDG,SAMPAI KM,172.26,TITIK,2019
73,32,JAWA BARAT,3203,KABUPATEN CIANJUR,UPTD PENGELOLAAN JALAN DAN JEMBATAN WILAYAH PELAYANAN I,184,JL. RAYA SUKANAGARA (SINDANGBARANG),BDG,DARI KM,172.92,TITIK,2019
74,32,JAWA BARAT,3203,KABUPATEN CIANJUR,UPTD PENGELOLAAN JALAN DAN JEMBATAN WILAYAH PELAYANAN I,184,JL. RAYA SUKANAGARA (SINDANGBARANG),BDG,SAMPAI KM,174.18,TITIK,2019
75,32,JAWA BARAT,3203,KABUPATEN CIANJUR,UPTD PENGELOLAAN JALAN DAN JEMBATAN WILAYAH PELAYANAN I,234,SELAJAMBE - CIBOGO - CIBEET,BDG,DARI KM,53.09,TITIK,2019
76,32,JAWA BARAT,3203,KABUPATEN CIANJUR,UPTD PENGELOLAAN JALAN DAN JEMBATAN WILAYAH PELAYANAN I,234,SELAJAMBE - CIBOGO - CIBEET,BDG,SAMPAI KM,81.79,TITIK,2019
77,32,JAWA BARAT,3203,KABUPATEN CIANJUR,UPTD PENGELOLAAN JALAN DAN JEMBATAN WILAYAH PELAYANAN I,241,JBT. CITARUM LAMA - CIHAUR WANGI/CIPEUYEUM,BDG,DARI KM,39.52,TITIK,2019
78,32,JAWA BARAT,3203,KABUPATEN CIANJUR,UPTD PENGELOLAAN JALAN DAN JEMBATAN WILAYAH PELAYANAN I,241,JBT. CITARUM LAMA - CIHAUR WANGI/CIPEUYEUM,BDG,SAMPAI KM,43.58,TITIK,2019
79,32,JAWA BARAT,3203,KABUPATEN CIANJUR,UPTD PENGELOLAAN JALAN DAN JEMBATAN WILAYAH PELAYANAN I,396,SIMPANG MUARA CIKADU - SIMPANG PANCUH TILU,BDG,DARI KM,103.22,TITIK,2019
80,32,JAWA BARAT,3203,KABUPATEN CIANJUR,UPTD PENGELOLAAN JALAN DAN JEMBATAN WILAYAH PELAYANAN I,396,SIMPANG MUARA CIKADU - SIMPANG PANCUH TILU,BDG,SAMPAI KM,107.32,TITIK,2019
81,32,JAWA BARAT,3203,KABUPATEN CIANJUR,UPTD PENGELOLAAN JALAN DAN JEMBATAN WILAYAH PELAYANAN I,397,SIMPANG PANCUH TILU - CIKADU,BDG,DARI KM,84.82,TITIK,2019
82,32,JAWA BARAT,3203,KABUPATEN CIANJUR,UPTD PENGELOLAAN JALAN DAN JEMBATAN WILAYAH PELAYANAN I,397,SIMPANG PANCUH TILU - CIKADU,BDG,SAMPAI KM,103.22,TITIK,2019
83,32,JAWA BARAT,3203,KABUPATEN CIANJUR,UPTD PENGELOLAAN JALAN DAN JEMBATAN WILAYAH PELAYANAN I,398,CIKADU - KEBON MUNCANG - BTS. KAB.BANDUNG/CIANJUR,BDG,DARI KM,58.77,TITIK,2019
84,32,JAWA BARAT,3203,KABUPATEN CIANJUR,UPTD PENGELOLAAN JALAN DAN JEMBATAN WILAYAH PELAYANAN I,398,CIKADU - KEBON MUNCANG - BTS. KAB.BANDUNG/CIANJUR,BDG,SAMPAI KM,84.82,TITIK,2019
85,32,JAWA BARAT,3204,KABUPATEN BANDUNG,UPTD PENGELOLAAN JALAN DAN JEMBATAN WILAYAH PELAYANAN III,106,BANDUNG  ( KOPO ) -  SOREANG,BDG,DARI KM,6.36,TITIK,2019
86,32,JAWA BARAT,3204,KABUPATEN BANDUNG,UPTD PENGELOLAAN JALAN DAN JEMBATAN WILAYAH PELAYANAN III,106,BANDUNG  ( KOPO ) -  SOREANG,BDG,SAMPAI KM,16.5,TITIK,2019
87,32,JAWA BARAT,3204,KABUPATEN BANDUNG,UPTD PENGELOLAAN JALAN DAN JEMBATAN WILAYAH PELAYANAN III,161,DAYEUH KOLOT - BANJARAN,BDG,DARI KM,8.71,TITIK,2019
88,32,JAWA BARAT,3204,KABUPATEN BANDUNG,UPTD PENGELOLAAN JALAN DAN JEMBATAN WILAYAH PELAYANAN III,161,DAYEUH KOLOT - BANJARAN,BDG,SAMPAI KM,17.04,TITIK,2019
89,32,JAWA BARAT,3204,KABUPATEN BANDUNG,UPTD PENGELOLAAN JALAN DAN JEMBATAN WILAYAH PELAYANAN III,161,JL. RAYA DAYEUH KOLOT (DAYEUH KOLOT),BDG,DARI KM,5.19,TITIK,2019
90,32,JAWA BARAT,3204,KABUPATEN BANDUNG,UPTD PENGELOLAAN JALAN DAN JEMBATAN WILAYAH PELAYANAN III,161,JL. RAYA DAYEUH KOLOT (DAYEUH KOLOT),BDG,SAMPAI KM,8.71,TITIK,2019
91,32,JAWA BARAT,3204,KABUPATEN BANDUNG,UPTD PENGELOLAAN JALAN DAN JEMBATAN WILAYAH PELAYANAN III,161,JL. RAYA BANJARAN (BANJARAN),BDG,DARI KM,17.04,TITIK,2019
92,32,JAWA BARAT,3204,KABUPATEN BANDUNG,UPTD PENGELOLAAN JALAN DAN JEMBATAN WILAYAH PELAYANAN III,161,JL. RAYA BANJARAN (BANJARAN),BDG,SAMPAI KM,19.56,TITIK,2019
93,32,JAWA BARAT,3204,KABUPATEN BANDUNG,UPTD PENGELOLAAN JALAN DAN JEMBATAN WILAYAH PELAYANAN III,162,BANJARAN - PANGALENGAN,BDG,DARI KM,19.56,TITIK,2019
94,32,JAWA BARAT,3204,KABUPATEN BANDUNG,UPTD PENGELOLAAN JALAN DAN JEMBATAN WILAYAH PELAYANAN III,162,BANJARAN - PANGALENGAN,BDG,SAMPAI KM,39.95,TITIK,2019
95,32,JAWA BARAT,3204,KABUPATEN BANDUNG,UPTD PENGELOLAAN JALAN DAN JEMBATAN WILAYAH PELAYANAN III,163,PANGALENGAN - CUKUL (BTS.BANDUNG/GARUT),BDG,DARI KM,40.47,TITIK,2019
96,32,JAWA BARAT,3204,KABUPATEN BANDUNG,UPTD PENGELOLAAN JALAN DAN JEMBATAN WILAYAH PELAYANAN III,163,PANGALENGAN - CUKUL (BTS.BANDUNG/GARUT),BDG,SAMPAI KM,55.3,TITIK,2019
97,32,JAWA BARAT,3204,KABUPATEN BANDUNG,UPTD PENGELOLAAN JALAN DAN JEMBATAN WILAYAH PELAYANAN III,163,JL. RAYA CISEWU (PANGALENGAN),BDG,DARI KM,39.95,TITIK,2019
98,32,JAWA BARAT,3204,KABUPATEN BANDUNG,UPTD PENGELOLAAN JALAN DAN JEMBATAN WILAYAH PELAYANAN III,163,JL. RAYA CISEWU (PANGALENGAN),BDG,SAMPAI KM,40.47,TITIK,2019
99,32,JAWA BARAT,3204,KABUPATEN BANDUNG,UPTD PENGELOLAAN JALAN DAN JEMBATAN WILAYAH PELAYANAN III,171,JL. NANJUNG - PATROL,BDG,DARI KM,15.0,TITIK,2019
100,32,JAWA BARAT,3204,KABUPATEN BANDUNG,UPTD PENGELOLAAN JALAN DAN JEMBATAN WILAYAH PELAYANAN III,171,JL. NANJUNG - PATROL,BDG,SAMPAI KM,20.61,TITIK,2019
101,32,JAWA BARAT,3204,KABUPATEN BANDUNG,UPTD PENGELOLAAN JALAN DAN JEMBATAN WILAYAH PELAYANAN III,349,NAGREG - BTS.BANDUNG/GARUT,BDG,DARI KM,40.1,TITIK,2019
102,32,JAWA BARAT,3204,KABUPATEN BANDUNG,UPTD PENGELOLAAN JALAN DAN JEMBATAN WILAYAH PELAYANAN III,349,NAGREG - BTS.BANDUNG/GARUT,BDG,SAMPAI KM,42.43,TITIK,2019
103,32,JAWA BARAT,3204,KABUPATEN BANDUNG,UPTD PENGELOLAAN JALAN DAN JEMBATAN WILAYAH PELAYANAN III,365,TERUSAN BUAHBATU (BTS.KOTA/KAB.BANDUNG) - BOJONGSOANG,BDG,DARI KM,8.65,TITIK,2019
104,32,JAWA BARAT,3204,KABUPATEN BANDUNG,UPTD PENGELOLAAN JALAN DAN JEMBATAN WILAYAH PELAYANAN III,365,TERUSAN BUAHBATU (BTS.KOTA/KAB.BANDUNG) - BOJONGSOANG,BDG,SAMPAI KM,10.65,TITIK,2019
105,32,JAWA BARAT,3204,KABUPATEN BANDUNG,UPTD PENGELOLAAN JALAN DAN JEMBATAN WILAYAH PELAYANAN III,365,BOJONGSOANG - Sp.MUNJUL (JL. SILIWANGI),BDG,DARI KM,10.65,TITIK,2019
106,32,JAWA BARAT,3204,KABUPATEN BANDUNG,UPTD PENGELOLAAN JALAN DAN JEMBATAN WILAYAH PELAYANAN III,365,BOJONGSOANG - Sp.MUNJUL (JL. SILIWANGI),BDG,SAMPAI KM,15.73,TITIK,2019
107,32,JAWA BARAT,3204,KABUPATEN BANDUNG,UPTD PENGELOLAAN JALAN DAN JEMBATAN WILAYAH PELAYANAN III,365,Sp.MUNJUL - CIPARAY (JL. Sp. MUNJUL - JL. RAYA LASWI (CIPARAY),BDG,DARI KM,13.99,TITIK,2019
108,32,JAWA BARAT,3204,KABUPATEN BANDUNG,UPTD PENGELOLAAN JALAN DAN JEMBATAN WILAYAH PELAYANAN III,365,Sp.MUNJUL - CIPARAY (JL. Sp. MUNJUL - JL. RAYA LASWI (CIPARAY),BDG,SAMPAI KM,20.96,TITIK,2019
109,32,JAWA BARAT,3204,KABUPATEN BANDUNG,UPTD PENGELOLAAN JALAN DAN JEMBATAN WILAYAH PELAYANAN III,365,JL. RAYA LASWI (CIPARAY),BDG,DARI KM,20.96,TITIK,2019
110,32,JAWA BARAT,3204,KABUPATEN BANDUNG,UPTD PENGELOLAAN JALAN DAN JEMBATAN WILAYAH PELAYANAN III,365,JL. RAYA LASWI (CIPARAY),BDG,SAMPAI KM,24.36,TITIK,2019
111,32,JAWA BARAT,3204,KABUPATEN BANDUNG,UPTD PENGELOLAAN JALAN DAN JEMBATAN WILAYAH PELAYANAN III,365,JL. RAYA LASWI (s.d SP.3 JL. CKAREO/JL.TENGAH) MAJALAYA,BDG,DARI KM,24.36,TITIK,2019
112,32,JAWA BARAT,3204,KABUPATEN BANDUNG,UPTD PENGELOLAAN JALAN DAN JEMBATAN WILAYAH PELAYANAN III,365,JL. RAYA LASWI (s.d SP.3 JL. CKAREO/JL.TENGAH) MAJALAYA,BDG,SAMPAI KM,29.49,TITIK,2019
113,32,JAWA BARAT,3204,KABUPATEN BANDUNG,UPTD PENGELOLAAN JALAN DAN JEMBATAN WILAYAH PELAYANAN III,367,MAJALAYA (SP.3 JL.CIKAREO/JL.TENGAH) - SAWAHBERA - (SP.3 CIJAPATI) -,BDG,DARI KM,29.49,TITIK,2019
114,32,JAWA BARAT,3204,KABUPATEN BANDUNG,UPTD PENGELOLAAN JALAN DAN JEMBATAN WILAYAH PELAYANAN III,367,MAJALAYA (SP.3 JL.CIKAREO/JL.TENGAH) - SAWAHBERA - (SP.3 CIJAPATI) -,BDG,SAMPAI KM,43.15,TITIK,2019
115,32,JAWA BARAT,3204,KABUPATEN BANDUNG,UPTD PENGELOLAAN JALAN DAN JEMBATAN WILAYAH PELAYANAN III,398,BTS. KAB.BANDUNG/CIANJUR - PONDOK DATAR,BDG,DARI KM,57.9,TITIK,2019
116,32,JAWA BARAT,3204,KABUPATEN BANDUNG,UPTD PENGELOLAAN JALAN DAN JEMBATAN WILAYAH PELAYANAN III,398,BTS. KAB.BANDUNG/CIANJUR - PONDOK DATAR,BDG,SAMPAI KM,58.8,TITIK,2019
117,32,JAWA BARAT,3204,KABUPATEN BANDUNG,UPTD PENGELOLAAN JALAN DAN JEMBATAN WILAYAH PELAYANAN III,400,CIPAMOKOLAN (BTS. KOTA BANDUNG/JBT TOL) - SP. MANIRANCAN -,BDG,DARI KM,13.98,TITIK,2019
118,32,JAWA BARAT,3204,KABUPATEN BANDUNG,UPTD PENGELOLAAN JALAN DAN JEMBATAN WILAYAH PELAYANAN III,400,CIPAMOKOLAN (BTS. KOTA BANDUNG/JBT TOL) - SP. MANIRANCAN -,BDG,SAMPAI KM,29.1,TITIK,2019
119,32,JAWA BARAT,3204,KABUPATEN BANDUNG,UPTD PENGELOLAAN JALAN DAN JEMBATAN WILAYAH PELAYANAN III,401,SP.3 PANENJOAN - SAWAHBERA (SP.CIJAPATI),BDG,DARI KM,33.0,TITIK,2019
120,32,JAWA BARAT,3204,KABUPATEN BANDUNG,UPTD PENGELOLAAN JALAN DAN JEMBATAN WILAYAH PELAYANAN III,401,SP.3 PANENJOAN - SAWAHBERA (SP.CIJAPATI),BDG,SAMPAI KM,38.23,TITIK,2019
121,32,JAWA BARAT,3204,KABUPATEN BANDUNG,UPTD PENGELOLAAN JALAN DAN JEMBATAN WILAYAH PELAYANAN III,402,PARAKAN MUNCANG - SP.3 PANENJOAN,BDG,DARI KM,38.23,TITIK,2019
122,32,JAWA BARAT,3204,KABUPATEN BANDUNG,UPTD PENGELOLAAN JALAN DAN JEMBATAN WILAYAH PELAYANAN III,402,PARAKAN MUNCANG - SP.3 PANENJOAN,BDG,SAMPAI KM,40.08,TITIK,2019
123,32,JAWA BARAT,3205,KABUPATEN GARUT,UPTD PENGELOLAAN JALAN DAN JEMBATAN WILAYAH PELAYANAN IV,164,CUKUL (BTS.BANDUNG/GARUT) - SP.GENTENG,BDG,DARI KM,55.25,TITIK,2019
124,32,JAWA BARAT,3205,KABUPATEN GARUT,UPTD PENGELOLAAN JALAN DAN JEMBATAN WILAYAH PELAYANAN IV,164,CUKUL (BTS.BANDUNG/GARUT) - SP.GENTENG,BDG,SAMPAI KM,58.2,TITIK,2019
125,32,JAWA BARAT,3205,KABUPATEN GARUT,UPTD PENGELOLAAN JALAN DAN JEMBATAN WILAYAH PELAYANAN IV,164,SP.GENTENG - SP.TALEGONG (SUKAMULA),BDG,DARI KM,58.2,TITIK,2019
126,32,JAWA BARAT,3205,KABUPATEN GARUT,UPTD PENGELOLAAN JALAN DAN JEMBATAN WILAYAH PELAYANAN IV,164,SP.GENTENG - SP.TALEGONG (SUKAMULA),BDG,SAMPAI KM,65.16,TITIK,2019
127,32,JAWA BARAT,3205,KABUPATEN GARUT,UPTD PENGELOLAAN JALAN DAN JEMBATAN WILAYAH PELAYANAN IV,164,SP.TALEGONG (SUKAMULA)-CISEWU-SIKARAME-RANCABUAYA (PALEMBUHAN),BDG,DARI KM,67.26,TITIK,2019
128,32,JAWA BARAT,3205,KABUPATEN GARUT,UPTD PENGELOLAAN JALAN DAN JEMBATAN WILAYAH PELAYANAN IV,164,SP.TALEGONG (SUKAMULA)-CISEWU-SIKARAME-RANCABUAYA (PALEMBUHAN),BDG,SAMPAI KM,114.46,TITIK,2019
129,32,JAWA BARAT,3205,KABUPATEN GARUT,UPTD PENGELOLAAN JALAN DAN JEMBATAN WILAYAH PELAYANAN IV,284,MALANGBONG - BTS. GARUT/SUMEDANG,BDG,DARI KM,68.1,TITIK,2019
130,32,JAWA BARAT,3205,KABUPATEN GARUT,UPTD PENGELOLAAN JALAN DAN JEMBATAN WILAYAH PELAYANAN IV,284,MALANGBONG - BTS. GARUT/SUMEDANG,BDG,SAMPAI KM,76.6,TITIK,2019
131,32,JAWA BARAT,3205,KABUPATEN GARUT,UPTD PENGELOLAAN JALAN DAN JEMBATAN WILAYAH PELAYANAN IV,345,JL. SUHERMAN (GARUT),BDG,DARI KM,59.43,TITIK,2019
132,32,JAWA BARAT,3205,KABUPATEN GARUT,UPTD PENGELOLAAN JALAN DAN JEMBATAN WILAYAH PELAYANAN IV,345,JL. SUHERMAN (GARUT),BDG,SAMPAI KM,60.8,TITIK,2019
133,32,JAWA BARAT,3205,KABUPATEN GARUT,UPTD PENGELOLAAN JALAN DAN JEMBATAN WILAYAH PELAYANAN IV,345,JL. MERDEKA (GARUT),BDG,DARI KM,60.8,TITIK,2019
134,32,JAWA BARAT,3205,KABUPATEN GARUT,UPTD PENGELOLAAN JALAN DAN JEMBATAN WILAYAH PELAYANAN IV,345,JL. MERDEKA (GARUT),BDG,SAMPAI KM,61.19,TITIK,2019
135,32,JAWA BARAT,3205,KABUPATEN GARUT,UPTD PENGELOLAAN JALAN DAN JEMBATAN WILAYAH PELAYANAN IV,345,JL. JEND. SUDIRMAN (GARUT),BDG,DARI KM,61.19,TITIK,2019
136,32,JAWA BARAT,3205,KABUPATEN GARUT,UPTD PENGELOLAAN JALAN DAN JEMBATAN WILAYAH PELAYANAN IV,345,JL. JEND. SUDIRMAN (GARUT),BDG,SAMPAI KM,66.77,TITIK,2019
137,32,JAWA BARAT,3205,KABUPATEN GARUT,UPTD PENGELOLAAN JALAN DAN JEMBATAN WILAYAH PELAYANAN IV,345,JL. BRATAYUDA (GARUT),BDG,DARI KM,66.77,TITIK,2019
138,32,JAWA BARAT,3205,KABUPATEN GARUT,UPTD PENGELOLAAN JALAN DAN JEMBATAN WILAYAH PELAYANAN IV,345,JL. BRATAYUDA (GARUT),BDG,SAMPAI KM,67.45,TITIK,2019
139,32,JAWA BARAT,3205,KABUPATEN GARUT,UPTD PENGELOLAAN JALAN DAN JEMBATAN WILAYAH PELAYANAN IV,345,JL. CILEDUG (GARUT),BDG,DARI KM,65.37,TITIK,2019
140,32,JAWA BARAT,3205,KABUPATEN GARUT,UPTD PENGELOLAAN JALAN DAN JEMBATAN WILAYAH PELAYANAN IV,345,JL. CILEDUG (GARUT),BDG,SAMPAI KM,66.28,TITIK,2019
141,32,JAWA BARAT,3205,KABUPATEN GARUT,UPTD PENGELOLAAN JALAN DAN JEMBATAN WILAYAH PELAYANAN IV,345,GARUT - BTS. GARUT/TASIKMALAYA,BDG,DARI KM,66.28,TITIK,2019
142,32,JAWA BARAT,3205,KABUPATEN GARUT,UPTD PENGELOLAAN JALAN DAN JEMBATAN WILAYAH PELAYANAN IV,345,GARUT - BTS. GARUT/TASIKMALAYA,BDG,SAMPAI KM,79.63,TITIK,2019
143,32,JAWA BARAT,3205,KABUPATEN GARUT,UPTD PENGELOLAAN JALAN DAN JEMBATAN WILAYAH PELAYANAN IV,348,KADUNGORA (LELES) - CIBATU - SASAKBEUSI,BDG,DARI KM,49.3,TITIK,2019
144,32,JAWA BARAT,3205,KABUPATEN GARUT,UPTD PENGELOLAAN JALAN DAN JEMBATAN WILAYAH PELAYANAN IV,348,KADUNGORA (LELES) - CIBATU - SASAKBEUSI,BDG,SAMPAI KM,69.12,TITIK,2019
145,32,JAWA BARAT,3205,KABUPATEN GARUT,UPTD PENGELOLAAN JALAN DAN JEMBATAN WILAYAH PELAYANAN IV,350,BTS. BANDUNG/GARUT - GARUT,BDG,DARI KM,42.66,TITIK,2019
146,32,JAWA BARAT,3205,KABUPATEN GARUT,UPTD PENGELOLAAN JALAN DAN JEMBATAN WILAYAH PELAYANAN IV,350,BTS. BANDUNG/GARUT - GARUT,BDG,SAMPAI KM,57.37,TITIK,2019
147,32,JAWA BARAT,3205,KABUPATEN GARUT,UPTD PENGELOLAAN JALAN DAN JEMBATAN WILAYAH PELAYANAN IV,350,JL. OTISTA (GARUT),BDG,DARI KM,57.37,TITIK,2019
148,32,JAWA BARAT,3205,KABUPATEN GARUT,UPTD PENGELOLAAN JALAN DAN JEMBATAN WILAYAH PELAYANAN IV,350,JL. OTISTA (GARUT),BDG,SAMPAI KM,60.74,TITIK,2019
149,32,JAWA BARAT,3205,KABUPATEN GARUT,UPTD PENGELOLAAN JALAN DAN JEMBATAN WILAYAH PELAYANAN IV,350,JL. CIMANUK I (GARUT),BDG,DARI KM,60.74,TITIK,2019
150,32,JAWA BARAT,3205,KABUPATEN GARUT,UPTD PENGELOLAAN JALAN DAN JEMBATAN WILAYAH PELAYANAN IV,350,JL. CIMANUK I (GARUT),BDG,SAMPAI KM,63.2,TITIK,2019
151,32,JAWA BARAT,3205,KABUPATEN GARUT,UPTD PENGELOLAAN JALAN DAN JEMBATAN WILAYAH PELAYANAN IV,351,JL. CIMANUK II (GARUT),BDG,DARI KM,63.2,TITIK,2019
152,32,JAWA BARAT,3205,KABUPATEN GARUT,UPTD PENGELOLAAN JALAN DAN JEMBATAN WILAYAH PELAYANAN IV,351,JL. CIMANUK II (GARUT),BDG,SAMPAI KM,64.99,TITIK,2019
153,32,JAWA BARAT,3205,KABUPATEN GARUT,UPTD PENGELOLAAN JALAN DAN JEMBATAN WILAYAH PELAYANAN IV,351,GARUT - CIKAJANG,BDG,DARI KM,64.99,TITIK,2019
154,32,JAWA BARAT,3205,KABUPATEN GARUT,UPTD PENGELOLAAN JALAN DAN JEMBATAN WILAYAH PELAYANAN IV,351,GARUT - CIKAJANG,BDG,SAMPAI KM,88.19,TITIK,2019
155,32,JAWA BARAT,3205,KABUPATEN GARUT,UPTD PENGELOLAAN JALAN DAN JEMBATAN WILAYAH PELAYANAN IV,352,JL. RAYA CIKAJANG (CIKAJANG),BDG,DARI KM,88.19,TITIK,2019
156,32,JAWA BARAT,3205,KABUPATEN GARUT,UPTD PENGELOLAAN JALAN DAN JEMBATAN WILAYAH PELAYANAN IV,352,JL. RAYA CIKAJANG (CIKAJANG),BDG,SAMPAI KM,91.42,TITIK,2019
157,32,JAWA BARAT,3205,KABUPATEN GARUT,UPTD PENGELOLAAN JALAN DAN JEMBATAN WILAYAH PELAYANAN IV,352,CIKAJANG - PAMEUNGPEUK,BDG,DARI KM,91.42,TITIK,2019
158,32,JAWA BARAT,3205,KABUPATEN GARUT,UPTD PENGELOLAAN JALAN DAN JEMBATAN WILAYAH PELAYANAN IV,352,CIKAJANG - PAMEUNGPEUK,BDG,SAMPAI KM,146.74,TITIK,2019
159,32,JAWA BARAT,3205,KABUPATEN GARUT,UPTD PENGELOLAAN JALAN DAN JEMBATAN WILAYAH PELAYANAN IV,352,JL. RAYA PAMEUNGPEUK (PAMEUNGPEUK),BDG,DARI KM,146.74,TITIK,2019
160,32,JAWA BARAT,3205,KABUPATEN GARUT,UPTD PENGELOLAAN JALAN DAN JEMBATAN WILAYAH PELAYANAN IV,352,JL. RAYA PAMEUNGPEUK (PAMEUNGPEUK),BDG,SAMPAI KM,147.49,TITIK,2019
161,32,JAWA BARAT,3205,KABUPATEN GARUT,UPTD PENGELOLAAN JALAN DAN JEMBATAN WILAYAH PELAYANAN IV,353,KIARAKOHOK (SP. CILAUTEUREUN) - CILAUTEUREUN,BDG,DARI KM,151.96,TITIK,2019
162,32,JAWA BARAT,3205,KABUPATEN GARUT,UPTD PENGELOLAAN JALAN DAN JEMBATAN WILAYAH PELAYANAN IV,353,KIARAKOHOK (SP. CILAUTEUREUN) - CILAUTEUREUN,BDG,SAMPAI KM,154.12,TITIK,2019
163,32,JAWA BARAT,3205,KABUPATEN GARUT,UPTD PENGELOLAAN JALAN DAN JEMBATAN WILAYAH PELAYANAN IV,354,CIKAJANG -SUMADRA,BDG,DARI KM,88.18,TITIK,2019
164,32,JAWA BARAT,3205,KABUPATEN GARUT,UPTD PENGELOLAAN JALAN DAN JEMBATAN WILAYAH PELAYANAN IV,354,CIKAJANG -SUMADRA,BDG,SAMPAI KM,100.84,TITIK,2019
165,32,JAWA BARAT,3205,KABUPATEN GARUT,UPTD PENGELOLAAN JALAN DAN JEMBATAN WILAYAH PELAYANAN IV,355,SUMADRA - BUNGBULANG,BDG,DARI KM,100.84,TITIK,2019
166,32,JAWA BARAT,3205,KABUPATEN GARUT,UPTD PENGELOLAAN JALAN DAN JEMBATAN WILAYAH PELAYANAN IV,355,SUMADRA - BUNGBULANG,BDG,SAMPAI KM,135.83,TITIK,2019
167,32,JAWA BARAT,3205,KABUPATEN GARUT,UPTD PENGELOLAAN JALAN DAN JEMBATAN WILAYAH PELAYANAN IV,355,BUNGBULANG - SUKARAME,BDG,DARI KM,135.83,TITIK,2019
168,32,JAWA BARAT,3205,KABUPATEN GARUT,UPTD PENGELOLAAN JALAN DAN JEMBATAN WILAYAH PELAYANAN IV,355,BUNGBULANG - SUKARAME,BDG,SAMPAI KM,150.91,TITIK,2019
169,32,JAWA BARAT,3205,KABUPATEN GARUT,UPTD PENGELOLAAN JALAN DAN JEMBATAN WILAYAH PELAYANAN IV,368,KADUNGORA (LELES) - BTS. BANDUNG/GARUT (CIJAPATI),BDG,DARI KM,45.75,TITIK,2019
170,32,JAWA BARAT,3205,KABUPATEN GARUT,UPTD PENGELOLAAN JALAN DAN JEMBATAN WILAYAH PELAYANAN IV,368,KADUNGORA (LELES) - BTS. BANDUNG/GARUT (CIJAPATI),BDG,SAMPAI KM,54.35,TITIK,2019
171,32,JAWA BARAT,3206,KABUPATEN TASIKMALAYA,UPTD PENGELOLAAN JALAN DAN JEMBATAN WILAYAH PELAYANAN V,331,TASIKMALAYA - MANONJAYA - PANAEKAN/GOLER,BDG,DARI KM,114.29,TITIK,2019
172,32,JAWA BARAT,3206,KABUPATEN TASIKMALAYA,UPTD PENGELOLAAN JALAN DAN JEMBATAN WILAYAH PELAYANAN V,331,TASIKMALAYA - MANONJAYA - PANAEKAN/GOLER,BDG,SAMPAI KM,130.92,TITIK,2019
173,32,JAWA BARAT,3206,KABUPATEN TASIKMALAYA,UPTD PENGELOLAAN JALAN DAN JEMBATAN WILAYAH PELAYANAN V,343,TASIKMALAYA - KARANGNUNGGAL,BDG,DARI KM,113.14,TITIK,2019
174,32,JAWA BARAT,3206,KABUPATEN TASIKMALAYA,UPTD PENGELOLAAN JALAN DAN JEMBATAN WILAYAH PELAYANAN V,343,TASIKMALAYA - KARANGNUNGGAL,BDG,SAMPAI KM,156.0,TITIK,2019
175,32,JAWA BARAT,3206,KABUPATEN TASIKMALAYA,UPTD PENGELOLAAN JALAN DAN JEMBATAN WILAYAH PELAYANAN V,343,JL. RAYA KARANGNUNGGAL (KARANGNUNGGAL),BDG,DARI KM,156.0,TITIK,2019
176,32,JAWA BARAT,3206,KABUPATEN TASIKMALAYA,UPTD PENGELOLAAN JALAN DAN JEMBATAN WILAYAH PELAYANAN V,343,JL. RAYA KARANGNUNGGAL (KARANGNUNGGAL),BDG,SAMPAI KM,157.0,TITIK,2019
177,32,JAWA BARAT,3206,KABUPATEN TASIKMALAYA,UPTD PENGELOLAAN JALAN DAN JEMBATAN WILAYAH PELAYANAN V,344,KARANGNUNGGAL - CIPATUJAH,BDG,DARI KM,157.0,TITIK,2019
178,32,JAWA BARAT,3206,KABUPATEN TASIKMALAYA,UPTD PENGELOLAAN JALAN DAN JEMBATAN WILAYAH PELAYANAN V,344,KARANGNUNGGAL - CIPATUJAH,BDG,SAMPAI KM,179.61,TITIK,2019
179,32,JAWA BARAT,3206,KABUPATEN TASIKMALAYA,UPTD PENGELOLAAN JALAN DAN JEMBATAN WILAYAH PELAYANAN V,344,JL. RAYA CIPATUJAH (CIPATUJAH),BDG,DARI KM,179.61,TITIK,2019
180,32,JAWA BARAT,3206,KABUPATEN TASIKMALAYA,UPTD PENGELOLAAN JALAN DAN JEMBATAN WILAYAH PELAYANAN V,344,JL. RAYA CIPATUJAH (CIPATUJAH),BDG,SAMPAI KM,180.9,TITIK,2019
181,32,JAWA BARAT,3206,KABUPATEN TASIKMALAYA,UPTD PENGELOLAAN JALAN DAN JEMBATAN WILAYAH PELAYANAN V,346,BTS. GARUT/TASIKMALAYA - SINGAPARNA,BDG,DARI KM,79.7,TITIK,2019
182,32,JAWA BARAT,3206,KABUPATEN TASIKMALAYA,UPTD PENGELOLAAN JALAN DAN JEMBATAN WILAYAH PELAYANAN V,346,BTS. GARUT/TASIKMALAYA - SINGAPARNA,BDG,SAMPAI KM,104.3,TITIK,2019
183,32,JAWA BARAT,3206,KABUPATEN TASIKMALAYA,UPTD PENGELOLAAN JALAN DAN JEMBATAN WILAYAH PELAYANAN V,346,JL. ALTERNATIF KMP. TENJOWARINGIN (SALAWU),BDG,DARI KM,83.0,TITIK,2019
184,32,JAWA BARAT,3206,KABUPATEN TASIKMALAYA,UPTD PENGELOLAAN JALAN DAN JEMBATAN WILAYAH PELAYANAN V,346,JL. ALTERNATIF KMP. TENJOWARINGIN (SALAWU),BDG,SAMPAI KM,83.04,TITIK,2019
185,32,JAWA BARAT,3206,KABUPATEN TASIKMALAYA,UPTD PENGELOLAAN JALAN DAN JEMBATAN WILAYAH PELAYANAN V,346,JL. RAYA SINGAPARNA (SINGAPARNA),BDG,DARI KM,104.3,TITIK,2019
186,32,JAWA BARAT,3206,KABUPATEN TASIKMALAYA,UPTD PENGELOLAAN JALAN DAN JEMBATAN WILAYAH PELAYANAN V,346,JL. RAYA SINGAPARNA (SINGAPARNA),BDG,SAMPAI KM,106.94,TITIK,2019
187,32,JAWA BARAT,3206,KABUPATEN TASIKMALAYA,UPTD PENGELOLAAN JALAN DAN JEMBATAN WILAYAH PELAYANAN V,346,JL. PASAR (SINGAPARNA),BDG,DARI KM,104.7,TITIK,2019
188,32,JAWA BARAT,3206,KABUPATEN TASIKMALAYA,UPTD PENGELOLAAN JALAN DAN JEMBATAN WILAYAH PELAYANAN V,346,JL. PASAR (SINGAPARNA),BDG,SAMPAI KM,104.88,TITIK,2019
189,32,JAWA BARAT,3206,KABUPATEN TASIKMALAYA,UPTD PENGELOLAAN JALAN DAN JEMBATAN WILAYAH PELAYANAN V,347,SINGAPARNA - TASIKMALAYA,BDG,DARI KM,106.94,TITIK,2019
190,32,JAWA BARAT,3206,KABUPATEN TASIKMALAYA,UPTD PENGELOLAAN JALAN DAN JEMBATAN WILAYAH PELAYANAN V,347,SINGAPARNA - TASIKMALAYA,BDG,SAMPAI KM,110.22,TITIK,2019
191,32,JAWA BARAT,3206,KABUPATEN TASIKMALAYA,UPTD PENGELOLAAN JALAN DAN JEMBATAN WILAYAH PELAYANAN V,404,SP.3 PAMOYANAN - SURYALAYA - WARUDOYONG - (BTS.KAB.TASIK/CIAMIS,BDG,DARI KM,80.18,TITIK,2019
192,32,JAWA BARAT,3206,KABUPATEN TASIKMALAYA,UPTD PENGELOLAAN JALAN DAN JEMBATAN WILAYAH PELAYANAN V,404,SP.3 PAMOYANAN - SURYALAYA - WARUDOYONG - (BTS.KAB.TASIK/CIAMIS,BDG,SAMPAI KM,89.68,TITIK,2019
193,32,JAWA BARAT,3207,KABUPATEN CIAMIS,UPTD PENGELOLAAN JALAN DAN JEMBATAN WILAYAH PELAYANAN V,332,PANAEKAN/GOLER - CIMARAGAS - BTS. KOTA BANJAR,BDG,DARI KM,130.92,TITIK,2019
194,32,JAWA BARAT,3207,KABUPATEN CIAMIS,UPTD PENGELOLAAN JALAN DAN JEMBATAN WILAYAH PELAYANAN V,332,PANAEKAN/GOLER - CIMARAGAS - BTS. KOTA BANJAR,BDG,SAMPAI KM,139.05,TITIK,2019
195,32,JAWA BARAT,3207,KABUPATEN CIAMIS,UPTD PENGELOLAAN JALAN DAN JEMBATAN WILAYAH PELAYANAN V,404,WARUDOYONG (BTS.TASIKMALAYA/CIAMIS) - SP.WINDURAJA,BDG,DARI KM,89.68,TITIK,2019
196,32,JAWA BARAT,3207,KABUPATEN CIAMIS,UPTD PENGELOLAAN JALAN DAN JEMBATAN WILAYAH PELAYANAN V,404,WARUDOYONG (BTS.TASIKMALAYA/CIAMIS) - SP.WINDURAJA,BDG,SAMPAI KM,110.18,TITIK,2019
197,32,JAWA BARAT,3208,KABUPATEN KUNINGAN,UPTD PENGELOLAAN JALAN DAN JEMBATAN WILAYAH PELAYANAN V,91,"JL, SILIWANGI (KUNINGAN)",CN,DARI KM,30.97,TITIK,2019
198,32,JAWA BARAT,3208,KABUPATEN KUNINGAN,UPTD PENGELOLAAN JALAN DAN JEMBATAN WILAYAH PELAYANAN V,91,"JL, SILIWANGI (KUNINGAN)",CN,SAMPAI KM,33.24,TITIK,2019
199,32,JAWA BARAT,3208,KABUPATEN KUNINGAN,UPTD PENGELOLAAN JALAN DAN JEMBATAN WILAYAH PELAYANAN V,299,MANDIRANCAN - PAKEMBANGAN,CN,DARI KM,31.75,TITIK,2019
200,32,JAWA BARAT,3208,KABUPATEN KUNINGAN,UPTD PENGELOLAAN JALAN DAN JEMBATAN WILAYAH PELAYANAN V,299,MANDIRANCAN - PAKEMBANGAN,CN,SAMPAI KM,38.35,TITIK,2019
201,32,JAWA BARAT,3208,KABUPATEN KUNINGAN,UPTD PENGELOLAAN JALAN DAN JEMBATAN WILAYAH PELAYANAN V,299,PAKEMBANGAN - BOJONG (JL. LINGGARJATI),CN,DARI KM,23.59,TITIK,2019
202,32,JAWA BARAT,3208,KABUPATEN KUNINGAN,UPTD PENGELOLAAN JALAN DAN JEMBATAN WILAYAH PELAYANAN V,299,PAKEMBANGAN - BOJONG (JL. LINGGARJATI),CN,SAMPAI KM,31.75,TITIK,2019
203,32,JAWA BARAT,3208,KABUPATEN KUNINGAN,UPTD PENGELOLAAN JALAN DAN JEMBATAN WILAYAH PELAYANAN V,308,"JL, LL.RE. MARTADINATA (KUNINGAN)",CN,DARI KM,33.16,TITIK,2019
204,32,JAWA BARAT,3208,KABUPATEN KUNINGAN,UPTD PENGELOLAAN JALAN DAN JEMBATAN WILAYAH PELAYANAN V,308,"JL, LL.RE. MARTADINATA (KUNINGAN)",CN,SAMPAI KM,37.0,TITIK,2019
205,32,JAWA BARAT,3208,KABUPATEN KUNINGAN,UPTD PENGELOLAAN JALAN DAN JEMBATAN WILAYAH PELAYANAN V,308,KUNINGAN - CIAWIGEBANG,CN,DARI KM,37.0,TITIK,2019
206,32,JAWA BARAT,3208,KABUPATEN KUNINGAN,UPTD PENGELOLAAN JALAN DAN JEMBATAN WILAYAH PELAYANAN V,308,KUNINGAN - CIAWIGEBANG,CN,SAMPAI KM,44.93,TITIK,2019
207,32,JAWA BARAT,3208,KABUPATEN KUNINGAN,UPTD PENGELOLAAN JALAN DAN JEMBATAN WILAYAH PELAYANAN V,308,JL. RAYA CIAWIGEBANG (CIAWIGEBANG),CN,DARI KM,44.93,TITIK,2019
208,32,JAWA BARAT,3208,KABUPATEN KUNINGAN,UPTD PENGELOLAAN JALAN DAN JEMBATAN WILAYAH PELAYANAN V,308,JL. RAYA CIAWIGEBANG (CIAWIGEBANG),CN,SAMPAI KM,46.67,TITIK,2019
209,32,JAWA BARAT,3208,KABUPATEN KUNINGAN,UPTD PENGELOLAAN JALAN DAN JEMBATAN WILAYAH PELAYANAN V,309,CIAWIGEBANG - BTS. CIREBON/KUNINGAN (WALED),CN,DARI KM,46.67,TITIK,2019
210,32,JAWA BARAT,3208,KABUPATEN KUNINGAN,UPTD PENGELOLAAN JALAN DAN JEMBATAN WILAYAH PELAYANAN V,309,CIAWIGEBANG - BTS. CIREBON/KUNINGAN (WALED),CN,SAMPAI KM,62.36,TITIK,2019
211,32,JAWA BARAT,3208,KABUPATEN KUNINGAN,UPTD PENGELOLAAN JALAN DAN JEMBATAN WILAYAH PELAYANAN V,309,CIAWIGEBANG - JALAKSANA,CN,DARI KM,27.85,TITIK,2019
212,32,JAWA BARAT,3208,KABUPATEN KUNINGAN,UPTD PENGELOLAAN JALAN DAN JEMBATAN WILAYAH PELAYANAN V,309,CIAWIGEBANG - JALAKSANA,CN,SAMPAI KM,40.45,TITIK,2019
213,32,JAWA BARAT,3208,KABUPATEN KUNINGAN,UPTD PENGELOLAAN JALAN DAN JEMBATAN WILAYAH PELAYANAN V,313,OLECED - LURAGUNG,CN,DARI KM,42.56,TITIK,2019
214,32,JAWA BARAT,3208,KABUPATEN KUNINGAN,UPTD PENGELOLAAN JALAN DAN JEMBATAN WILAYAH PELAYANAN V,313,OLECED - LURAGUNG,CN,SAMPAI KM,50.93,TITIK,2019
215,32,JAWA BARAT,3208,KABUPATEN KUNINGAN,UPTD PENGELOLAAN JALAN DAN JEMBATAN WILAYAH PELAYANAN V,313,JL. RAYA LURAGUNG (LURAGUNG),CN,DARI KM,50.93,TITIK,2019
216,32,JAWA BARAT,3208,KABUPATEN KUNINGAN,UPTD PENGELOLAAN JALAN DAN JEMBATAN WILAYAH PELAYANAN V,313,JL. RAYA LURAGUNG (LURAGUNG),CN,SAMPAI KM,51.14,TITIK,2019
217,32,JAWA BARAT,3208,KABUPATEN KUNINGAN,UPTD PENGELOLAAN JALAN DAN JEMBATAN WILAYAH PELAYANAN V,314,LURAGUNG - CIBINGBIN,CN,DARI KM,51.14,TITIK,2019
218,32,JAWA BARAT,3208,KABUPATEN KUNINGAN,UPTD PENGELOLAAN JALAN DAN JEMBATAN WILAYAH PELAYANAN V,314,LURAGUNG - CIBINGBIN,CN,SAMPAI KM,67.19,TITIK,2019
219,32,JAWA BARAT,3208,KABUPATEN KUNINGAN,UPTD PENGELOLAAN JALAN DAN JEMBATAN WILAYAH PELAYANAN V,315,CIBINGBIN - BTS. JATENG (PENANGGAPAN),CN,DARI KM,67.19,TITIK,2019
220,32,JAWA BARAT,3208,KABUPATEN KUNINGAN,UPTD PENGELOLAAN JALAN DAN JEMBATAN WILAYAH PELAYANAN V,315,CIBINGBIN - BTS. JATENG (PENANGGAPAN),CN,SAMPAI KM,70.62,TITIK,2019
221,32,JAWA BARAT,3209,KABUPATEN CIREBON,UPTD PENGELOLAAN JALAN DAN JEMBATAN WILAYAH PELAYANAN VI,295,JL. DEWI SARTIKA (SUMBER),CN,DARI KM,13.49,TITIK,2019
222,32,JAWA BARAT,3209,KABUPATEN CIREBON,UPTD PENGELOLAAN JALAN DAN JEMBATAN WILAYAH PELAYANAN VI,295,JL. DEWI SARTIKA (SUMBER),CN,SAMPAI KM,16.99,TITIK,2019
223,32,JAWA BARAT,3209,KABUPATEN CIREBON,UPTD PENGELOLAAN JALAN DAN JEMBATAN WILAYAH PELAYANAN VI,295,JL. NYI AGENG SERANG (SUMBER),CN,DARI KM,16.99,TITIK,2019
224,32,JAWA BARAT,3209,KABUPATEN CIREBON,UPTD PENGELOLAAN JALAN DAN JEMBATAN WILAYAH PELAYANAN VI,295,JL. NYI AGENG SERANG (SUMBER),CN,SAMPAI KM,17.19,TITIK,2019
225,32,JAWA BARAT,3209,KABUPATEN CIREBON,UPTD PENGELOLAAN JALAN DAN JEMBATAN WILAYAH PELAYANAN VI,295,SUMBER - BTS. MAJALENGKA/CIREBON (JL. IMAN BONJOL),CN,DARI KM,17.19,TITIK,2019
226,32,JAWA BARAT,3209,KABUPATEN CIREBON,UPTD PENGELOLAAN JALAN DAN JEMBATAN WILAYAH PELAYANAN VI,295,SUMBER - BTS. MAJALENGKA/CIREBON (JL. IMAN BONJOL),CN,SAMPAI KM,24.07,TITIK,2019
227,32,JAWA BARAT,3209,KABUPATEN CIREBON,UPTD PENGELOLAAN JALAN DAN JEMBATAN WILAYAH PELAYANAN VI,297,WERU - SUMBER/JL. FATAHILLAH (SUMBER),CN,DARI KM,7.88,TITIK,2019
228,32,JAWA BARAT,3209,KABUPATEN CIREBON,UPTD PENGELOLAAN JALAN DAN JEMBATAN WILAYAH PELAYANAN VI,297,WERU - SUMBER/JL. FATAHILLAH (SUMBER),CN,SAMPAI KM,14.23,TITIK,2019
229,32,JAWA BARAT,3209,KABUPATEN CIREBON,UPTD PENGELOLAAN JALAN DAN JEMBATAN WILAYAH PELAYANAN VI,298,"SUMBER - MANDIRANCAN (JL.P.KEJAKSAN, SUMBER)",CN,DARI KM,14.58,TITIK,2019
230,32,JAWA BARAT,3209,KABUPATEN CIREBON,UPTD PENGELOLAAN JALAN DAN JEMBATAN WILAYAH PELAYANAN VI,298,"SUMBER - MANDIRANCAN (JL.P.KEJAKSAN, SUMBER)",CN,SAMPAI KM,19.15,TITIK,2019
231,32,JAWA BARAT,3209,KABUPATEN CIREBON,UPTD PENGELOLAAN JALAN DAN JEMBATAN WILAYAH PELAYANAN VI,303,BUDUR - SUSUKAN - TEGALGUBUG,CN,DARI KM,26.5,TITIK,2019
232,32,JAWA BARAT,3209,KABUPATEN CIREBON,UPTD PENGELOLAAN JALAN DAN JEMBATAN WILAYAH PELAYANAN VI,303,BUDUR - SUSUKAN - TEGALGUBUG,CN,SAMPAI KM,34.1,TITIK,2019
233,32,JAWA BARAT,3209,KABUPATEN CIREBON,UPTD PENGELOLAAN JALAN DAN JEMBATAN WILAYAH PELAYANAN VI,305,TEGALGUBUG - ARJAWINANGUN - JAGAPURA,CN,DARI KM,26.66,TITIK,2019
234,32,JAWA BARAT,3209,KABUPATEN CIREBON,UPTD PENGELOLAAN JALAN DAN JEMBATAN WILAYAH PELAYANAN VI,305,TEGALGUBUG - ARJAWINANGUN - JAGAPURA,CN,SAMPAI KM,43.6,TITIK,2019
235,32,JAWA BARAT,3209,KABUPATEN CIREBON,UPTD PENGELOLAAN JALAN DAN JEMBATAN WILAYAH PELAYANAN VI,310,BTS.CIREBON/KUNINGAN (WALED)-CILEDUNG (JL.DEWI SARTIKA),CN,DARI KM,62.36,TITIK,2019
236,32,JAWA BARAT,3209,KABUPATEN CIREBON,UPTD PENGELOLAAN JALAN DAN JEMBATAN WILAYAH PELAYANAN VI,310,BTS.CIREBON/KUNINGAN (WALED)-CILEDUNG (JL.DEWI SARTIKA),CN,SAMPAI KM,65.72,TITIK,2019
237,32,JAWA BARAT,3209,KABUPATEN CIREBON,UPTD PENGELOLAAN JALAN DAN JEMBATAN WILAYAH PELAYANAN VI,310,JL. SILIWANGI (CILEDUNG) (JL. P. WALAMG SUNGSANG),CN,DARI KM,65.72,TITIK,2019
238,32,JAWA BARAT,3209,KABUPATEN CIREBON,UPTD PENGELOLAAN JALAN DAN JEMBATAN WILAYAH PELAYANAN VI,310,JL. SILIWANGI (CILEDUNG) (JL. P. WALAMG SUNGSANG),CN,SAMPAI KM,69.02,TITIK,2019
239,32,JAWA BARAT,3209,KABUPATEN CIREBON,UPTD PENGELOLAAN JALAN DAN JEMBATAN WILAYAH PELAYANAN VI,310,JL. MERDEKA BARAT (CILEDUNG) (JL. JEND. SUPRAPTO),CN,DARI KM,69.02,TITIK,2019
240,32,JAWA BARAT,3209,KABUPATEN CIREBON,UPTD PENGELOLAAN JALAN DAN JEMBATAN WILAYAH PELAYANAN VI,310,JL. MERDEKA BARAT (CILEDUNG) (JL. JEND. SUPRAPTO),CN,SAMPAI KM,69.96,TITIK,2019
241,32,JAWA BARAT,3209,KABUPATEN CIREBON,UPTD PENGELOLAAN JALAN DAN JEMBATAN WILAYAH PELAYANAN VI,310,JL. MERDEKA UTARA (CILEDUNG) (JL. KI BLEDUNG JAYA),CN,DARI KM,69.96,TITIK,2019
242,32,JAWA BARAT,3209,KABUPATEN CIREBON,UPTD PENGELOLAAN JALAN DAN JEMBATAN WILAYAH PELAYANAN VI,310,JL. MERDEKA UTARA (CILEDUNG) (JL. KI BLEDUNG JAYA),CN,SAMPAI KM,70.92,TITIK,2019
243,32,JAWA BARAT,3209,KABUPATEN CIREBON,UPTD PENGELOLAAN JALAN DAN JEMBATAN WILAYAH PELAYANAN VI,311,CILEDUG - LOSARI (JL. LET JEN D.I PANJAITAN),CN,DARI KM,70.92,TITIK,2019
244,32,JAWA BARAT,3209,KABUPATEN CIREBON,UPTD PENGELOLAAN JALAN DAN JEMBATAN WILAYAH PELAYANAN VI,311,CILEDUG - LOSARI (JL. LET JEN D.I PANJAITAN),CN,SAMPAI KM,81.89,TITIK,2019
245,32,JAWA BARAT,3209,KABUPATEN CIREBON,UPTD PENGELOLAAN JALAN DAN JEMBATAN WILAYAH PELAYANAN VI,312,CILEDUG - BTS.JATENG (BANTARSARI) (JL.KAPTEN P.TENDEAN),CN,DARI KM,70.88,TITIK,2019
246,32,JAWA BARAT,3209,KABUPATEN CIREBON,UPTD PENGELOLAAN JALAN DAN JEMBATAN WILAYAH PELAYANAN VI,312,CILEDUG - BTS.JATENG (BANTARSARI) (JL.KAPTEN P.TENDEAN),CN,SAMPAI KM,72.09,TITIK,2019
247,32,JAWA BARAT,3209,KABUPATEN CIREBON,UPTD PENGELOLAAN JALAN DAN JEMBATAN WILAYAH PELAYANAN VI,389,JL. PANGERAN CAKRABUANA (SUMBER),CN,DARI KM,6.73,TITIK,2019
248,32,JAWA BARAT,3209,KABUPATEN CIREBON,UPTD PENGELOLAAN JALAN DAN JEMBATAN WILAYAH PELAYANAN VI,389,JL. PANGERAN CAKRABUANA (SUMBER),CN,SAMPAI KM,11.26,TITIK,2019
249,32,JAWA BARAT,3209,KABUPATEN CIREBON,UPTD PENGELOLAAN JALAN DAN JEMBATAN WILAYAH PELAYANAN VI,390,JL. SULTAN AGUNG (SUMBER),CN,DARI KM,11.26,TITIK,2019
250,32,JAWA BARAT,3209,KABUPATEN CIREBON,UPTD PENGELOLAAN JALAN DAN JEMBATAN WILAYAH PELAYANAN VI,390,JL. SULTAN AGUNG (SUMBER),CN,SAMPAI KM,12.32,TITIK,2019
251,32,JAWA BARAT,3210,KABUPATEN MAJALENGKA,UPTD PENGELOLAAN JALAN DAN JEMBATAN WILAYAH PELAYANAN VI,286,JL. JEND. SUDIRMAN (TALAGA),CN,DARI KM,76.73,TITIK,2019
252,32,JAWA BARAT,3210,KABUPATEN MAJALENGKA,UPTD PENGELOLAAN JALAN DAN JEMBATAN WILAYAH PELAYANAN VI,286,JL. JEND. SUDIRMAN (TALAGA),CN,SAMPAI KM,77.42,TITIK,2019
253,32,JAWA BARAT,3210,KABUPATEN MAJALENGKA,UPTD PENGELOLAAN JALAN DAN JEMBATAN WILAYAH PELAYANAN VI,286,TALAGA - BTS. MAJALENGKA/SUMEDANG (KIRISIK),CN,DARI KM,77.42,TITIK,2019
254,32,JAWA BARAT,3210,KABUPATEN MAJALENGKA,UPTD PENGELOLAAN JALAN DAN JEMBATAN WILAYAH PELAYANAN VI,286,TALAGA - BTS. MAJALENGKA/SUMEDANG (KIRISIK),CN,SAMPAI KM,101.48,TITIK,2019
255,32,JAWA BARAT,3210,KABUPATEN MAJALENGKA,UPTD PENGELOLAAN JALAN DAN JEMBATAN WILAYAH PELAYANAN VI,287,JL. KH. ABDUL HALIM (MAJALEMGKA),CN,DARI KM,51.52,TITIK,2019
256,32,JAWA BARAT,3210,KABUPATEN MAJALENGKA,UPTD PENGELOLAAN JALAN DAN JEMBATAN WILAYAH PELAYANAN VI,287,JL. KH. ABDUL HALIM (MAJALEMGKA),CN,SAMPAI KM,52.22,TITIK,2019
257,32,JAWA BARAT,3210,KABUPATEN MAJALENGKA,UPTD PENGELOLAAN JALAN DAN JEMBATAN WILAYAH PELAYANAN VI,287,JL. JEND. A. YANI (TALAGA),CN,DARI KM,75.53,TITIK,2019
258,32,JAWA BARAT,3210,KABUPATEN MAJALENGKA,UPTD PENGELOLAAN JALAN DAN JEMBATAN WILAYAH PELAYANAN VI,287,JL. JEND. A. YANI (TALAGA),CN,SAMPAI KM,76.44,TITIK,2019
259,32,JAWA BARAT,3210,KABUPATEN MAJALENGKA,UPTD PENGELOLAAN JALAN DAN JEMBATAN WILAYAH PELAYANAN VI,287,MAJALENGKA - TALAGA,CN,DARI KM,52.22,TITIK,2019
260,32,JAWA BARAT,3210,KABUPATEN MAJALENGKA,UPTD PENGELOLAAN JALAN DAN JEMBATAN WILAYAH PELAYANAN VI,287,MAJALENGKA - TALAGA,CN,SAMPAI KM,75.53,TITIK,2019
261,32,JAWA BARAT,3210,KABUPATEN MAJALENGKA,UPTD PENGELOLAAN JALAN DAN JEMBATAN WILAYAH PELAYANAN VI,288,JL. PEUCANG (TALAGA),CN,DARI KM,76.44,TITIK,2019
262,32,JAWA BARAT,3210,KABUPATEN MAJALENGKA,UPTD PENGELOLAAN JALAN DAN JEMBATAN WILAYAH PELAYANAN VI,288,JL. PEUCANG (TALAGA),CN,SAMPAI KM,76.99,TITIK,2019
263,32,JAWA BARAT,3210,KABUPATEN MAJALENGKA,UPTD PENGELOLAAN JALAN DAN JEMBATAN WILAYAH PELAYANAN VI,288,TALAGA - CIKIJING,CN,DARI KM,76.99,TITIK,2019
264,32,JAWA BARAT,3210,KABUPATEN MAJALENGKA,UPTD PENGELOLAAN JALAN DAN JEMBATAN WILAYAH PELAYANAN VI,288,TALAGA - CIKIJING,CN,SAMPAI KM,82.76,TITIK,2019
265,32,JAWA BARAT,3210,KABUPATEN MAJALENGKA,UPTD PENGELOLAAN JALAN DAN JEMBATAN WILAYAH PELAYANAN VI,288,JL. KASTURI (CIKIJING),CN,DARI KM,82.76,TITIK,2019
266,32,JAWA BARAT,3210,KABUPATEN MAJALENGKA,UPTD PENGELOLAAN JALAN DAN JEMBATAN WILAYAH PELAYANAN VI,288,JL. KASTURI (CIKIJING),CN,SAMPAI KM,84.25,TITIK,2019
267,32,JAWA BARAT,3210,KABUPATEN MAJALENGKA,UPTD PENGELOLAAN JALAN DAN JEMBATAN WILAYAH PELAYANAN VI,289,JL. KH. ABDUL HALIM (MAJALEMGKA),CN,DARI KM,51.5,TITIK,2019
268,32,JAWA BARAT,3210,KABUPATEN MAJALENGKA,UPTD PENGELOLAAN JALAN DAN JEMBATAN WILAYAH PELAYANAN VI,289,JL. KH. ABDUL HALIM (MAJALEMGKA),CN,SAMPAI KM,56.56,TITIK,2019
269,32,JAWA BARAT,3210,KABUPATEN MAJALENGKA,UPTD PENGELOLAAN JALAN DAN JEMBATAN WILAYAH PELAYANAN VI,289,MAJALENGKA - KADIPATEN,CN,DARI KM,56.56,TITIK,2019
270,32,JAWA BARAT,3210,KABUPATEN MAJALENGKA,UPTD PENGELOLAAN JALAN DAN JEMBATAN WILAYAH PELAYANAN VI,289,MAJALENGKA - KADIPATEN,CN,SAMPAI KM,63.02,TITIK,2019
271,32,JAWA BARAT,3210,KABUPATEN MAJALENGKA,UPTD PENGELOLAAN JALAN DAN JEMBATAN WILAYAH PELAYANAN VI,289,JL. RAYA MAJALENGKA (MAJALENGKA),CN,DARI KM,63.02,TITIK,2019
272,32,JAWA BARAT,3210,KABUPATEN MAJALENGKA,UPTD PENGELOLAAN JALAN DAN JEMBATAN WILAYAH PELAYANAN VI,289,JL. RAYA MAJALENGKA (MAJALENGKA),CN,SAMPAI KM,64.45,TITIK,2019
273,32,JAWA BARAT,3210,KABUPATEN MAJALENGKA,UPTD PENGELOLAAN JALAN DAN JEMBATAN WILAYAH PELAYANAN VI,290,JL. PASAR BALONG (KADIPATEN),CN,DARI KM,49.17,TITIK,2019
274,32,JAWA BARAT,3210,KABUPATEN MAJALENGKA,UPTD PENGELOLAAN JALAN DAN JEMBATAN WILAYAH PELAYANAN VI,290,JL. PASAR BALONG (KADIPATEN),CN,SAMPAI KM,49.49,TITIK,2019
275,32,JAWA BARAT,3210,KABUPATEN MAJALENGKA,UPTD PENGELOLAAN JALAN DAN JEMBATAN WILAYAH PELAYANAN VI,290,KADIPATEN (JL.PASAR BALONG) - BTS. MAJALENGKA/INDRAMAYU,CN,DARI KM,49.49,TITIK,2019
276,32,JAWA BARAT,3210,KABUPATEN MAJALENGKA,UPTD PENGELOLAAN JALAN DAN JEMBATAN WILAYAH PELAYANAN VI,290,KADIPATEN (JL.PASAR BALONG) - BTS. MAJALENGKA/INDRAMAYU,CN,SAMPAI KM,72.24,TITIK,2019
277,32,JAWA BARAT,3210,KABUPATEN MAJALENGKA,UPTD PENGELOLAAN JALAN DAN JEMBATAN WILAYAH PELAYANAN VI,296,BTS. MAJALENGKA/CIREBON - CIGASONG,CN,DARI KM,24.07,TITIK,2019
278,32,JAWA BARAT,3210,KABUPATEN MAJALENGKA,UPTD PENGELOLAAN JALAN DAN JEMBATAN WILAYAH PELAYANAN VI,296,BTS. MAJALENGKA/CIREBON - CIGASONG,CN,SAMPAI KM,43.6,TITIK,2019
279,32,JAWA BARAT,3210,KABUPATEN MAJALENGKA,UPTD PENGELOLAAN JALAN DAN JEMBATAN WILAYAH PELAYANAN VI,300,LEUWIMUNDING - RAJAGALUH,CN,DARI KM,30.1,TITIK,2019
280,32,JAWA BARAT,3210,KABUPATEN MAJALENGKA,UPTD PENGELOLAAN JALAN DAN JEMBATAN WILAYAH PELAYANAN VI,300,LEUWIMUNDING - RAJAGALUH,CN,SAMPAI KM,36.4,TITIK,2019
281,32,JAWA BARAT,3210,KABUPATEN MAJALENGKA,UPTD PENGELOLAAN JALAN DAN JEMBATAN WILAYAH PELAYANAN VI,301,PARAPATAN - LEUWIMUNDING,CN,DARI KM,25.1,TITIK,2019
282,32,JAWA BARAT,3210,KABUPATEN MAJALENGKA,UPTD PENGELOLAAN JALAN DAN JEMBATAN WILAYAH PELAYANAN VI,301,PARAPATAN - LEUWIMUNDING,CN,SAMPAI KM,30.1,TITIK,2019
283,32,JAWA BARAT,3210,KABUPATEN MAJALENGKA,UPTD PENGELOLAAN JALAN DAN JEMBATAN WILAYAH PELAYANAN VI,302,PARAPATAN - BUDUR,CN,DARI KM,25.1,TITIK,2019
284,32,JAWA BARAT,3210,KABUPATEN MAJALENGKA,UPTD PENGELOLAAN JALAN DAN JEMBATAN WILAYAH PELAYANAN VI,302,PARAPATAN - BUDUR,CN,SAMPAI KM,26.6,TITIK,2019
285,32,JAWA BARAT,3211,KABUPATEN SUMEDANG,UPTD PENGELOLAAN JALAN DAN JEMBATAN WILAYAH PELAYANAN IV,256,SUMEDANG - BTS. SUMEDANG/SUBANG (CIKARAMAS),BDG,DARI KM,40.98,TITIK,2019
286,32,JAWA BARAT,3211,KABUPATEN SUMEDANG,UPTD PENGELOLAAN JALAN DAN JEMBATAN WILAYAH PELAYANAN IV,256,SUMEDANG - BTS. SUMEDANG/SUBANG (CIKARAMAS),BDG,SAMPAI KM,61.89,TITIK,2019
287,32,JAWA BARAT,3211,KABUPATEN SUMEDANG,UPTD PENGELOLAAN JALAN DAN JEMBATAN WILAYAH PELAYANAN IV,273,LEBAKJATI - RANCAKALONG - SELAAWI,BDG,DARI KM,29.52,TITIK,2019
288,32,JAWA BARAT,3211,KABUPATEN SUMEDANG,UPTD PENGELOLAAN JALAN DAN JEMBATAN WILAYAH PELAYANAN IV,273,LEBAKJATI - RANCAKALONG - SELAAWI,BDG,SAMPAI KM,48.03,TITIK,2019
289,32,JAWA BARAT,3211,KABUPATEN SUMEDANG,UPTD PENGELOLAAN JALAN DAN JEMBATAN WILAYAH PELAYANAN IV,274,CIJELAG - BTS. SUMEDANG/INDRAMAYU,BDG,DARI KM,74.93,TITIK,2019
290,32,JAWA BARAT,3211,KABUPATEN SUMEDANG,UPTD PENGELOLAAN JALAN DAN JEMBATAN WILAYAH PELAYANAN IV,274,CIJELAG - BTS. SUMEDANG/INDRAMAYU,BDG,SAMPAI KM,95.88,TITIK,2019
291,32,JAWA BARAT,3211,KABUPATEN SUMEDANG,UPTD PENGELOLAAN JALAN DAN JEMBATAN WILAYAH PELAYANAN IV,281,JL. PRABU TAJI MALELA (SUMEDANG),BDG,DARI KM,46.8,TITIK,2019
292,32,JAWA BARAT,3211,KABUPATEN SUMEDANG,UPTD PENGELOLAAN JALAN DAN JEMBATAN WILAYAH PELAYANAN IV,281,JL. PRABU TAJI MALELA (SUMEDANG),BDG,SAMPAI KM,48.5,TITIK,2019
293,32,JAWA BARAT,3211,KABUPATEN SUMEDANG,UPTD PENGELOLAAN JALAN DAN JEMBATAN WILAYAH PELAYANAN IV,281,SUMEDANG - SITURAJA,BDG,DARI KM,47.3,TITIK,2019
294,32,JAWA BARAT,3211,KABUPATEN SUMEDANG,UPTD PENGELOLAAN JALAN DAN JEMBATAN WILAYAH PELAYANAN IV,281,SUMEDANG - SITURAJA,BDG,SAMPAI KM,58.67,TITIK,2019
295,32,JAWA BARAT,3211,KABUPATEN SUMEDANG,UPTD PENGELOLAAN JALAN DAN JEMBATAN WILAYAH PELAYANAN IV,281,JL. RAYA SITURAJA (SITURAJA),BDG,DARI KM,58.67,TITIK,2019
296,32,JAWA BARAT,3211,KABUPATEN SUMEDANG,UPTD PENGELOLAAN JALAN DAN JEMBATAN WILAYAH PELAYANAN IV,281,JL. RAYA SITURAJA (SITURAJA),BDG,SAMPAI KM,60.24,TITIK,2019
297,32,JAWA BARAT,3211,KABUPATEN SUMEDANG,UPTD PENGELOLAAN JALAN DAN JEMBATAN WILAYAH PELAYANAN IV,282,SITURAJA -DARMARAJA,BDG,DARI KM,60.24,TITIK,2019
298,32,JAWA BARAT,3211,KABUPATEN SUMEDANG,UPTD PENGELOLAAN JALAN DAN JEMBATAN WILAYAH PELAYANAN IV,282,SITURAJA -DARMARAJA,BDG,SAMPAI KM,71.08,TITIK,2019
299,32,JAWA BARAT,3211,KABUPATEN SUMEDANG,UPTD PENGELOLAAN JALAN DAN JEMBATAN WILAYAH PELAYANAN IV,283,SP.KIRISIK (WADO) - BTS. SUMEDANG/GARUT,BDG,DARI KM,75.9,TITIK,2019
300,32,JAWA BARAT,3211,KABUPATEN SUMEDANG,UPTD PENGELOLAAN JALAN DAN JEMBATAN WILAYAH PELAYANAN IV,283,SP.KIRISIK (WADO) - BTS. SUMEDANG/GARUT,BDG,SAMPAI KM,85.44,TITIK,2019
301,32,JAWA BARAT,3211,KABUPATEN SUMEDANG,UPTD PENGELOLAAN JALAN DAN JEMBATAN WILAYAH PELAYANAN IV,285,WADO (SP.KIRISIK) - BTS. SUMEDANG/MAJALENGKA (KIRISIK),BDG,DARI KM,75.61,TITIK,2019
302,32,JAWA BARAT,3211,KABUPATEN SUMEDANG,UPTD PENGELOLAAN JALAN DAN JEMBATAN WILAYAH PELAYANAN IV,285,WADO (SP.KIRISIK) - BTS. SUMEDANG/MAJALENGKA (KIRISIK),BDG,SAMPAI KM,86.92,TITIK,2019
303,32,JAWA BARAT,3211,KABUPATEN SUMEDANG,UPTD PENGELOLAAN JALAN DAN JEMBATAN WILAYAH PELAYANAN IV,403,PARAKAN MUNCANG - WARUNG SIMPANG,BDG,DARI KM,27.55,TITIK,2019
304,32,JAWA BARAT,3211,KABUPATEN SUMEDANG,UPTD PENGELOLAAN JALAN DAN JEMBATAN WILAYAH PELAYANAN IV,403,PARAKAN MUNCANG - WARUNG SIMPANG,BDG,SAMPAI KM,36.65,TITIK,2019
305,32,JAWA BARAT,3212,KABUPATEN INDRAMAYU,UPTD PENGELOLAAN JALAN DAN JEMBATAN WILAYAH PELAYANAN VI,266,CIKAMURANG - BANTARWARU (BTS. SUBANG/INDRAMAYU),CN,DARI KM,107.37,TITIK,2019
306,32,JAWA BARAT,3212,KABUPATEN INDRAMAYU,UPTD PENGELOLAAN JALAN DAN JEMBATAN WILAYAH PELAYANAN VI,266,CIKAMURANG - BANTARWARU (BTS. SUBANG/INDRAMAYU),CN,SAMPAI KM,137.97,TITIK,2019
307,32,JAWA BARAT,3212,KABUPATEN INDRAMAYU,UPTD PENGELOLAAN JALAN DAN JEMBATAN WILAYAH PELAYANAN VI,267,JANGGA - CIKAMURANG,CN,DARI KM,72.55,TITIK,2019
308,32,JAWA BARAT,3212,KABUPATEN INDRAMAYU,UPTD PENGELOLAAN JALAN DAN JEMBATAN WILAYAH PELAYANAN VI,267,JANGGA - CIKAMURANG,CN,SAMPAI KM,107.53,TITIK,2019
309,32,JAWA BARAT,3212,KABUPATEN INDRAMAYU,UPTD PENGELOLAAN JALAN DAN JEMBATAN WILAYAH PELAYANAN VI,275,BTS. SUMEDAMG/INDRAMAYU - CIKAMURANG,BDG,DARI KM,96.08,TITIK,2019
310,32,JAWA BARAT,3212,KABUPATEN INDRAMAYU,UPTD PENGELOLAAN JALAN DAN JEMBATAN WILAYAH PELAYANAN VI,275,BTS. SUMEDAMG/INDRAMAYU - CIKAMURANG,BDG,SAMPAI KM,96.69,TITIK,2019
311,32,JAWA BARAT,3212,KABUPATEN INDRAMAYU,UPTD PENGELOLAAN JALAN DAN JEMBATAN WILAYAH PELAYANAN VI,291,BTS. MAJALENGKA/JATIBARANG - JATIBARANG,CN,DARI KM,72.43,TITIK,2019
312,32,JAWA BARAT,3212,KABUPATEN INDRAMAYU,UPTD PENGELOLAAN JALAN DAN JEMBATAN WILAYAH PELAYANAN VI,291,BTS. MAJALENGKA/JATIBARANG - JATIBARANG,CN,SAMPAI KM,90.04,TITIK,2019
313,32,JAWA BARAT,3212,KABUPATEN INDRAMAYU,UPTD PENGELOLAAN JALAN DAN JEMBATAN WILAYAH PELAYANAN VI,292,JL. JEND. A. YANI (JATIBARANG),CN,DARI KM,49.96,TITIK,2019
314,32,JAWA BARAT,3212,KABUPATEN INDRAMAYU,UPTD PENGELOLAAN JALAN DAN JEMBATAN WILAYAH PELAYANAN VI,292,JL. JEND. A. YANI (JATIBARANG),CN,SAMPAI KM,50.19,TITIK,2019
315,32,JAWA BARAT,3212,KABUPATEN INDRAMAYU,UPTD PENGELOLAAN JALAN DAN JEMBATAN WILAYAH PELAYANAN VI,292,JL. MAYOR DASUKI (JATIBARANG),CN,DARI KM,50.19,TITIK,2019
316,32,JAWA BARAT,3212,KABUPATEN INDRAMAYU,UPTD PENGELOLAAN JALAN DAN JEMBATAN WILAYAH PELAYANAN VI,292,JL. MAYOR DASUKI (JATIBARANG),CN,SAMPAI KM,52.07,TITIK,2019
317,32,JAWA BARAT,3212,KABUPATEN INDRAMAYU,UPTD PENGELOLAAN JALAN DAN JEMBATAN WILAYAH PELAYANAN VI,292,JL. IR. SUTAMI,CN,DARI KM,62.42,TITIK,2019
318,32,JAWA BARAT,3212,KABUPATEN INDRAMAYU,UPTD PENGELOLAAN JALAN DAN JEMBATAN WILAYAH PELAYANAN VI,292,JL. IR. SUTAMI,CN,SAMPAI KM,64.52,TITIK,2019
319,32,JAWA BARAT,3212,KABUPATEN INDRAMAYU,UPTD PENGELOLAAN JALAN DAN JEMBATAN WILAYAH PELAYANAN VI,292,PEKANDANGAN - JATIBARANG,CN,DARI KM,50.7,TITIK,2019
320,32,JAWA BARAT,3212,KABUPATEN INDRAMAYU,UPTD PENGELOLAAN JALAN DAN JEMBATAN WILAYAH PELAYANAN VI,292,PEKANDANGAN - JATIBARANG,CN,SAMPAI KM,62.42,TITIK,2019
321,32,JAWA BARAT,3212,KABUPATEN INDRAMAYU,UPTD PENGELOLAAN JALAN DAN JEMBATAN WILAYAH PELAYANAN VI,293,JL. LETNAN. JONI (JATIBARANG),CN,DARI KM,46.36,TITIK,2019
322,32,JAWA BARAT,3212,KABUPATEN INDRAMAYU,UPTD PENGELOLAAN JALAN DAN JEMBATAN WILAYAH PELAYANAN VI,293,JL. LETNAN. JONI (JATIBARANG),CN,SAMPAI KM,48.11,TITIK,2019
323,32,JAWA BARAT,3212,KABUPATEN INDRAMAYU,UPTD PENGELOLAAN JALAN DAN JEMBATAN WILAYAH PELAYANAN VI,294,KARANGAMPEL - JATIBARANG,CN,DARI KM,32.13,TITIK,2019
324,32,JAWA BARAT,3212,KABUPATEN INDRAMAYU,UPTD PENGELOLAAN JALAN DAN JEMBATAN WILAYAH PELAYANAN VI,294,KARANGAMPEL - JATIBARANG,CN,SAMPAI KM,49.53,TITIK,2019
325,32,JAWA BARAT,3212,KABUPATEN INDRAMAYU,UPTD PENGELOLAAN JALAN DAN JEMBATAN WILAYAH PELAYANAN VI,294,JL. SILIWANGI (JATIBARANG),CN,DARI KM,49.53,TITIK,2019
326,32,JAWA BARAT,3212,KABUPATEN INDRAMAYU,UPTD PENGELOLAAN JALAN DAN JEMBATAN WILAYAH PELAYANAN VI,294,JL. SILIWANGI (JATIBARANG),CN,SAMPAI KM,49.96,TITIK,2019
327,32,JAWA BARAT,3212,KABUPATEN INDRAMAYU,UPTD PENGELOLAAN JALAN DAN JEMBATAN WILAYAH PELAYANAN VI,304,MUNDU - GOPALA (MUNDU - BTS. INDRAMAYU/CIREBON),CN,DARI KM,43.6,TITIK,2019
328,32,JAWA BARAT,3212,KABUPATEN INDRAMAYU,UPTD PENGELOLAAN JALAN DAN JEMBATAN WILAYAH PELAYANAN VI,304,MUNDU - GOPALA (MUNDU - BTS. INDRAMAYU/CIREBON),CN,SAMPAI KM,49.7,TITIK,2019
329,32,JAWA BARAT,3212,KABUPATEN INDRAMAYU,UPTD PENGELOLAAN JALAN DAN JEMBATAN WILAYAH PELAYANAN VI,394,PATROL - HAURGEULIS - BANTARWARU,CN,DARI KM,95.05,TITIK,2019
330,32,JAWA BARAT,3212,KABUPATEN INDRAMAYU,UPTD PENGELOLAAN JALAN DAN JEMBATAN WILAYAH PELAYANAN VI,394,PATROL - HAURGEULIS - BANTARWARU,CN,SAMPAI KM,127.13,TITIK,2019
331,32,JAWA BARAT,3213,KABUPATEN SUBANG,UPTD PENGELOLAAN JALAN DAN JEMBATAN WILAYAH PELAYANAN III,252,SUBANG - BTS. KAB.BANDUNG/KAB.SUBANG,JKT,DARI KM,154.2,TITIK,2019
332,32,JAWA BARAT,3213,KABUPATEN SUBANG,UPTD PENGELOLAAN JALAN DAN JEMBATAN WILAYAH PELAYANAN III,252,SUBANG - BTS. KAB.BANDUNG/KAB.SUBANG,JKT,SAMPAI KM,181.16,TITIK,2019
333,32,JAWA BARAT,3213,KABUPATEN SUBANG,UPTD PENGELOLAAN JALAN DAN JEMBATAN WILAYAH PELAYANAN III,252,JL. A. YANI (SUBANG),JKT,DARI KM,149.67,TITIK,2019
334,32,JAWA BARAT,3213,KABUPATEN SUBANG,UPTD PENGELOLAAN JALAN DAN JEMBATAN WILAYAH PELAYANAN III,252,JL. A. YANI (SUBANG),JKT,SAMPAI KM,154.21,TITIK,2019
335,32,JAWA BARAT,3213,KABUPATEN SUBANG,UPTD PENGELOLAAN JALAN DAN JEMBATAN WILAYAH PELAYANAN III,255,JL. CAGAK - BTS. PURWAKARTA/SUBANG,JKT,DARI KM,167.15,TITIK,2019
336,32,JAWA BARAT,3213,KABUPATEN SUBANG,UPTD PENGELOLAAN JALAN DAN JEMBATAN WILAYAH PELAYANAN III,255,JL. CAGAK - BTS. PURWAKARTA/SUBANG,JKT,SAMPAI KM,180.86,TITIK,2019
337,32,JAWA BARAT,3213,KABUPATEN SUBANG,UPTD PENGELOLAAN JALAN DAN JEMBATAN WILAYAH PELAYANAN III,257,JL. CAGAK - BTS. SUBANG/SUMEDANG (CIKARAMAS),JKT,DARI KM,166.32,TITIK,2019
338,32,JAWA BARAT,3213,KABUPATEN SUBANG,UPTD PENGELOLAAN JALAN DAN JEMBATAN WILAYAH PELAYANAN III,257,JL. CAGAK - BTS. SUBANG/SUMEDANG (CIKARAMAS),JKT,SAMPAI KM,188.83,TITIK,2019
339,32,JAWA BARAT,3213,KABUPATEN SUBANG,UPTD PENGELOLAAN JALAN DAN JEMBATAN WILAYAH PELAYANAN III,259,BTS. PURWAKARTA/SUBANG - SUBANG,JKT,DARI KM,120.1,TITIK,2019
340,32,JAWA BARAT,3213,KABUPATEN SUBANG,UPTD PENGELOLAAN JALAN DAN JEMBATAN WILAYAH PELAYANAN III,259,BTS. PURWAKARTA/SUBANG - SUBANG,JKT,SAMPAI KM,145.23,TITIK,2019
341,32,JAWA BARAT,3213,KABUPATEN SUBANG,UPTD PENGELOLAAN JALAN DAN JEMBATAN WILAYAH PELAYANAN III,259,JL. DANGDEUR (SUBANG),JKT,DARI KM,144.93,TITIK,2019
342,32,JAWA BARAT,3213,KABUPATEN SUBANG,UPTD PENGELOLAAN JALAN DAN JEMBATAN WILAYAH PELAYANAN III,259,JL. DANGDEUR (SUBANG),JKT,SAMPAI KM,145.88,TITIK,2019
343,32,JAWA BARAT,3213,KABUPATEN SUBANG,UPTD PENGELOLAAN JALAN DAN JEMBATAN WILAYAH PELAYANAN III,259,JL. KAPTEN TENDEAN (SUBANG),JKT,DARI KM,145.88,TITIK,2019
344,32,JAWA BARAT,3213,KABUPATEN SUBANG,UPTD PENGELOLAAN JALAN DAN JEMBATAN WILAYAH PELAYANAN III,259,JL. KAPTEN TENDEAN (SUBANG),JKT,SAMPAI KM,147.71,TITIK,2019
345,32,JAWA BARAT,3213,KABUPATEN SUBANG,UPTD PENGELOLAAN JALAN DAN JEMBATAN WILAYAH PELAYANAN III,259,JL. ARIEF RAHMAN HAKIM (SUBANG),JKT,DARI KM,147.71,TITIK,2019
346,32,JAWA BARAT,3213,KABUPATEN SUBANG,UPTD PENGELOLAAN JALAN DAN JEMBATAN WILAYAH PELAYANAN III,259,JL. ARIEF RAHMAN HAKIM (SUBANG),JKT,SAMPAI KM,148.68,TITIK,2019
347,32,JAWA BARAT,3213,KABUPATEN SUBANG,UPTD PENGELOLAAN JALAN DAN JEMBATAN WILAYAH PELAYANAN III,259,JL. MAYJEN SUTOYO (SUBANG),JKT,DARI KM,148.68,TITIK,2019
348,32,JAWA BARAT,3213,KABUPATEN SUBANG,UPTD PENGELOLAAN JALAN DAN JEMBATAN WILAYAH PELAYANAN III,259,JL. MAYJEN SUTOYO (SUBANG),JKT,SAMPAI KM,149.8,TITIK,2019
349,32,JAWA BARAT,3213,KABUPATEN SUBANG,UPTD PENGELOLAAN JALAN DAN JEMBATAN WILAYAH PELAYANAN III,260,JL. RAYA .H. IKHSAN (PAMANUKAN),JKT,DARI KM,140.46,TITIK,2019
350,32,JAWA BARAT,3213,KABUPATEN SUBANG,UPTD PENGELOLAAN JALAN DAN JEMBATAN WILAYAH PELAYANAN III,260,JL. RAYA .H. IKHSAN (PAMANUKAN),JKT,SAMPAI KM,140.86,TITIK,2019
351,32,JAWA BARAT,3213,KABUPATEN SUBANG,UPTD PENGELOLAAN JALAN DAN JEMBATAN WILAYAH PELAYANAN III,260,JL. ION MARTASASMITA (PAMANUKAN),JKT,DARI KM,140.86,TITIK,2019
352,32,JAWA BARAT,3213,KABUPATEN SUBANG,UPTD PENGELOLAAN JALAN DAN JEMBATAN WILAYAH PELAYANAN III,260,JL. ION MARTASASMITA (PAMANUKAN),JKT,SAMPAI KM,141.95,TITIK,2019
353,32,JAWA BARAT,3213,KABUPATEN SUBANG,UPTD PENGELOLAAN JALAN DAN JEMBATAN WILAYAH PELAYANAN III,260,PAMANUKAN - PAGADEN,JKT,DARI KM,141.95,TITIK,2019
354,32,JAWA BARAT,3213,KABUPATEN SUBANG,UPTD PENGELOLAAN JALAN DAN JEMBATAN WILAYAH PELAYANAN III,260,PAMANUKAN - PAGADEN,JKT,SAMPAI KM,161.0,TITIK,2019
355,32,JAWA BARAT,3213,KABUPATEN SUBANG,UPTD PENGELOLAAN JALAN DAN JEMBATAN WILAYAH PELAYANAN III,260,JL. A. YANI (PAGADEN),JKT,DARI KM,161.0,TITIK,2019
356,32,JAWA BARAT,3213,KABUPATEN SUBANG,UPTD PENGELOLAAN JALAN DAN JEMBATAN WILAYAH PELAYANAN III,260,JL. A. YANI (PAGADEN),JKT,SAMPAI KM,162.7,TITIK,2019
357,32,JAWA BARAT,3213,KABUPATEN SUBANG,UPTD PENGELOLAAN JALAN DAN JEMBATAN WILAYAH PELAYANAN III,260,JL. RAYA KAMARUNG (PAGADEN),JKT,DARI KM,162.7,TITIK,2019
358,32,JAWA BARAT,3213,KABUPATEN SUBANG,UPTD PENGELOLAAN JALAN DAN JEMBATAN WILAYAH PELAYANAN III,260,JL. RAYA KAMARUNG (PAGADEN),JKT,SAMPAI KM,164.19,TITIK,2019
359,32,JAWA BARAT,3213,KABUPATEN SUBANG,UPTD PENGELOLAAN JALAN DAN JEMBATAN WILAYAH PELAYANAN III,261,PAGADEN - SUBANG,JKT,DARI KM,164.19,TITIK,2019
360,32,JAWA BARAT,3213,KABUPATEN SUBANG,UPTD PENGELOLAAN JALAN DAN JEMBATAN WILAYAH PELAYANAN III,261,PAGADEN - SUBANG,JKT,SAMPAI KM,172.86,TITIK,2019
361,32,JAWA BARAT,3213,KABUPATEN SUBANG,UPTD PENGELOLAAN JALAN DAN JEMBATAN WILAYAH PELAYANAN III,261,JL. RAYA SUKAMELANG (SUBANG),JKT,DARI KM,172.86,TITIK,2019
362,32,JAWA BARAT,3213,KABUPATEN SUBANG,UPTD PENGELOLAAN JALAN DAN JEMBATAN WILAYAH PELAYANAN III,261,JL. RAYA SUKAMELANG (SUBANG),JKT,SAMPAI KM,174.39,TITIK,2019
363,32,JAWA BARAT,3213,KABUPATEN SUBANG,UPTD PENGELOLAAN JALAN DAN JEMBATAN WILAYAH PELAYANAN III,261,JL. OTO ISKANDARDINATA (SUBANG),JKT,DARI KM,174.39,TITIK,2019
364,32,JAWA BARAT,3213,KABUPATEN SUBANG,UPTD PENGELOLAAN JALAN DAN JEMBATAN WILAYAH PELAYANAN III,261,JL. OTO ISKANDARDINATA (SUBANG),JKT,SAMPAI KM,176.99,TITIK,2019
365,32,JAWA BARAT,3213,KABUPATEN SUBANG,UPTD PENGELOLAAN JALAN DAN JEMBATAN WILAYAH PELAYANAN III,261,JL. MASJID AGUNG (SUBANG),JKT,DARI KM,176.99,TITIK,2019
366,32,JAWA BARAT,3213,KABUPATEN SUBANG,UPTD PENGELOLAAN JALAN DAN JEMBATAN WILAYAH PELAYANAN III,261,JL. MASJID AGUNG (SUBANG),JKT,SAMPAI KM,177.42,TITIK,2019
367,32,JAWA BARAT,3213,KABUPATEN SUBANG,UPTD PENGELOLAAN JALAN DAN JEMBATAN WILAYAH PELAYANAN III,261,JL. S. PARMAN (SUBANG),JKT,DARI KM,149.6,TITIK,2019
368,32,JAWA BARAT,3213,KABUPATEN SUBANG,UPTD PENGELOLAAN JALAN DAN JEMBATAN WILAYAH PELAYANAN III,261,JL. S. PARMAN (SUBANG),JKT,SAMPAI KM,149.8,TITIK,2019
369,32,JAWA BARAT,3213,KABUPATEN SUBANG,UPTD PENGELOLAAN JALAN DAN JEMBATAN WILAYAH PELAYANAN III,265,JL. KAPTEN HANAFIAH (SUBANG),JKT,DARI KM,175.35,TITIK,2019
370,32,JAWA BARAT,3213,KABUPATEN SUBANG,UPTD PENGELOLAAN JALAN DAN JEMBATAN WILAYAH PELAYANAN III,265,JL. KAPTEN HANAFIAH (SUBANG),JKT,SAMPAI KM,176.44,TITIK,2019
371,32,JAWA BARAT,3213,KABUPATEN SUBANG,UPTD PENGELOLAAN JALAN DAN JEMBATAN WILAYAH PELAYANAN III,265,SUBANG - BANTARWARU (BTS. INDRAMAYU),JKT,DARI KM,176.44,TITIK,2019
372,32,JAWA BARAT,3213,KABUPATEN SUBANG,UPTD PENGELOLAAN JALAN DAN JEMBATAN WILAYAH PELAYANAN III,265,SUBANG - BANTARWARU (BTS. INDRAMAYU),JKT,SAMPAI KM,186.65,TITIK,2019
373,32,JAWA BARAT,3213,KABUPATEN SUBANG,UPTD PENGELOLAAN JALAN DAN JEMBATAN WILAYAH PELAYANAN III,393,KALIJATI - SUKAMANDI,JKT,DARI KM,135.05,TITIK,2019
374,32,JAWA BARAT,3213,KABUPATEN SUBANG,UPTD PENGELOLAAN JALAN DAN JEMBATAN WILAYAH PELAYANAN III,393,KALIJATI - SUKAMANDI,JKT,SAMPAI KM,157.05,TITIK,2019
375,32,JAWA BARAT,3214,KABUPATEN PURWAKARTA,UPTD PENGELOLAAN JALAN DAN JEMBATAN WILAYAH PELAYANAN III,242,SP. PURWAKARTA - JATILUHUR,JKT,DARI KM,115.63,TITIK,2019
376,32,JAWA BARAT,3214,KABUPATEN PURWAKARTA,UPTD PENGELOLAAN JALAN DAN JEMBATAN WILAYAH PELAYANAN III,242,SP. PURWAKARTA - JATILUHUR,JKT,SAMPAI KM,122.47,TITIK,2019
377,32,JAWA BARAT,3214,KABUPATEN PURWAKARTA,UPTD PENGELOLAAN JALAN DAN JEMBATAN WILAYAH PELAYANAN III,243,KOSAMBI - BTS.KARAWANG/PURWAKARTA (CURUG),JKT,DARI KM,84.25,TITIK,2019
378,32,JAWA BARAT,3214,KABUPATEN PURWAKARTA,UPTD PENGELOLAAN JALAN DAN JEMBATAN WILAYAH PELAYANAN III,243,KOSAMBI - BTS.KARAWANG/PURWAKARTA (CURUG),JKT,SAMPAI KM,95.95,TITIK,2019
379,32,JAWA BARAT,3214,KABUPATEN PURWAKARTA,UPTD PENGELOLAAN JALAN DAN JEMBATAN WILAYAH PELAYANAN III,244,BTS.KARAWANG (CURUG) - PURWAKARTA,JKT,DARI KM,95.95,TITIK,2019
380,32,JAWA BARAT,3214,KABUPATEN PURWAKARTA,UPTD PENGELOLAAN JALAN DAN JEMBATAN WILAYAH PELAYANAN III,244,BTS.KARAWANG (CURUG) - PURWAKARTA,JKT,SAMPAI KM,103.98,TITIK,2019
381,32,JAWA BARAT,3214,KABUPATEN PURWAKARTA,UPTD PENGELOLAAN JALAN DAN JEMBATAN WILAYAH PELAYANAN III,244,JL. PAHLAWAN (PURWAKARTA),JKT,DARI KM,103.95,TITIK,2019
382,32,JAWA BARAT,3214,KABUPATEN PURWAKARTA,UPTD PENGELOLAAN JALAN DAN JEMBATAN WILAYAH PELAYANAN III,244,JL. PAHLAWAN (PURWAKARTA),JKT,SAMPAI KM,107.12,TITIK,2019
383,32,JAWA BARAT,3214,KABUPATEN PURWAKARTA,UPTD PENGELOLAAN JALAN DAN JEMBATAN WILAYAH PELAYANAN III,253,JL. BASUKI RAHMAT (PURWAKARTA),JKT,DARI KM,114.36,TITIK,2019
384,32,JAWA BARAT,3214,KABUPATEN PURWAKARTA,UPTD PENGELOLAAN JALAN DAN JEMBATAN WILAYAH PELAYANAN III,253,JL. BASUKI RAHMAT (PURWAKARTA),JKT,SAMPAI KM,115.07,TITIK,2019
385,32,JAWA BARAT,3214,KABUPATEN PURWAKARTA,UPTD PENGELOLAAN JALAN DAN JEMBATAN WILAYAH PELAYANAN III,253,JL. KAPTEN HALIM (PURWAKARTA),JKT,DARI KM,115.07,TITIK,2019
386,32,JAWA BARAT,3214,KABUPATEN PURWAKARTA,UPTD PENGELOLAAN JALAN DAN JEMBATAN WILAYAH PELAYANAN III,253,JL. KAPTEN HALIM (PURWAKARTA),JKT,SAMPAI KM,116.42,TITIK,2019
387,32,JAWA BARAT,3214,KABUPATEN PURWAKARTA,UPTD PENGELOLAAN JALAN DAN JEMBATAN WILAYAH PELAYANAN III,253,PURWAKARTA - WANAYASA,JKT,DARI KM,116.42,TITIK,2019
388,32,JAWA BARAT,3214,KABUPATEN PURWAKARTA,UPTD PENGELOLAAN JALAN DAN JEMBATAN WILAYAH PELAYANAN III,253,PURWAKARTA - WANAYASA,JKT,SAMPAI KM,136.59,TITIK,2019
389,32,JAWA BARAT,3214,KABUPATEN PURWAKARTA,UPTD PENGELOLAAN JALAN DAN JEMBATAN WILAYAH PELAYANAN III,253,JL. WANAYASA (WANAYASA),JKT,DARI KM,136.59,TITIK,2019
390,32,JAWA BARAT,3214,KABUPATEN PURWAKARTA,UPTD PENGELOLAAN JALAN DAN JEMBATAN WILAYAH PELAYANAN III,253,JL. WANAYASA (WANAYASA),JKT,SAMPAI KM,138.1,TITIK,2019
391,32,JAWA BARAT,3214,KABUPATEN PURWAKARTA,UPTD PENGELOLAAN JALAN DAN JEMBATAN WILAYAH PELAYANAN III,254,WANAYASA - BTS. PURWAKARTA/SUBANG,JKT,DARI KM,138.1,TITIK,2019
392,32,JAWA BARAT,3214,KABUPATEN PURWAKARTA,UPTD PENGELOLAAN JALAN DAN JEMBATAN WILAYAH PELAYANAN III,254,WANAYASA - BTS. PURWAKARTA/SUBANG,JKT,SAMPAI KM,142.89,TITIK,2019
393,32,JAWA BARAT,3214,KABUPATEN PURWAKARTA,UPTD PENGELOLAAN JALAN DAN JEMBATAN WILAYAH PELAYANAN III,258,SADANG - BTS. PURWAKARTA/SUBANG,JKT,DARI KM,107.9,TITIK,2019
394,32,JAWA BARAT,3214,KABUPATEN PURWAKARTA,UPTD PENGELOLAAN JALAN DAN JEMBATAN WILAYAH PELAYANAN III,258,SADANG - BTS. PURWAKARTA/SUBANG,JKT,SAMPAI KM,120.14,TITIK,2019
395,32,JAWA BARAT,3215,KABUPATEN KARAWANG,UPTD PENGELOLAAN JALAN DAN JEMBATAN WILAYAH PELAYANAN III,232,JL. PROKLAMASI (KARAWANG),JKT,DARI KM,67.37,TITIK,2019
396,32,JAWA BARAT,3215,KABUPATEN KARAWANG,UPTD PENGELOLAAN JALAN DAN JEMBATAN WILAYAH PELAYANAN III,232,JL. PROKLAMASI (KARAWANG),JKT,SAMPAI KM,69.0,TITIK,2019
397,32,JAWA BARAT,3215,KABUPATEN KARAWANG,UPTD PENGELOLAAN JALAN DAN JEMBATAN WILAYAH PELAYANAN III,232,TANJUNG PURA - BATUJAYA (BTS. BEKASI/KARAWANG),JKT,DARI KM,69.0,TITIK,2019
398,32,JAWA BARAT,3215,KABUPATEN KARAWANG,UPTD PENGELOLAAN JALAN DAN JEMBATAN WILAYAH PELAYANAN III,232,TANJUNG PURA - BATUJAYA (BTS. BEKASI/KARAWANG),JKT,SAMPAI KM,104.86,TITIK,2019
399,32,JAWA BARAT,3215,KABUPATEN KARAWANG,UPTD PENGELOLAAN JALAN DAN JEMBATAN WILAYAH PELAYANAN III,391,PALUMBONSARI - JOHAR - TEGALLOA (LOJI),JKT,DARI KM,74.1,TITIK,2019
400,32,JAWA BARAT,3215,KABUPATEN KARAWANG,UPTD PENGELOLAAN JALAN DAN JEMBATAN WILAYAH PELAYANAN III,391,PALUMBONSARI - JOHAR - TEGALLOA (LOJI),JKT,SAMPAI KM,109.72,TITIK,2019
401,32,JAWA BARAT,3215,KABUPATEN KARAWANG,UPTD PENGELOLAAN JALAN DAN JEMBATAN WILAYAH PELAYANAN III,391,TEGALLOA (LOJI) - BAGED/JAGATAMU (BTS.KARAWANG/BOGOR),JKT,DARI KM,109.72,TITIK,2019
402,32,JAWA BARAT,3215,KABUPATEN KARAWANG,UPTD PENGELOLAAN JALAN DAN JEMBATAN WILAYAH PELAYANAN III,391,TEGALLOA (LOJI) - BAGED/JAGATAMU (BTS.KARAWANG/BOGOR),JKT,SAMPAI KM,116.44,TITIK,2019
403,32,JAWA BARAT,3216,KABUPATEN BEKASI,UPTD PENGELOLAAN JALAN DAN JEMBATAN WILAYAH PELAYANAN I,230,CIBARUSAH - MEKARMUKTI,JKT,DARI KM,54.85,TITIK,2019
404,32,JAWA BARAT,3216,KABUPATEN BEKASI,UPTD PENGELOLAAN JALAN DAN JEMBATAN WILAYAH PELAYANAN I,230,CIBARUSAH - MEKARMUKTI,JKT,SAMPAI KM,76.25,TITIK,2019
405,32,JAWA BARAT,3216,KABUPATEN BEKASI,UPTD PENGELOLAAN JALAN DAN JEMBATAN WILAYAH PELAYANAN I,230,MEKARMUKTI - LEMAHABANG,JKT,DARI KM,54.85,TITIK,2019
406,32,JAWA BARAT,3216,KABUPATEN BEKASI,UPTD PENGELOLAAN JALAN DAN JEMBATAN WILAYAH PELAYANAN I,230,MEKARMUKTI - LEMAHABANG,JKT,SAMPAI KM,58.65,TITIK,2019
407,32,JAWA BARAT,3216,KABUPATEN BEKASI,UPTD PENGELOLAAN JALAN DAN JEMBATAN WILAYAH PELAYANAN I,230,JL. AKSES CIKARANG DRYPOT,JKT,DARI KM,56.9,TITIK,2019
408,32,JAWA BARAT,3216,KABUPATEN BEKASI,UPTD PENGELOLAAN JALAN DAN JEMBATAN WILAYAH PELAYANAN I,230,JL. AKSES CIKARANG DRYPOT,JKT,SAMPAI KM,63.23,TITIK,2019
409,32,JAWA BARAT,3217,KABUPATEN BANDUNG BARAT,UPTD PENGELOLAAN JALAN DAN JEMBATAN WILAYAH PELAYANAN III,240,RAJAMANDALA - JBT. CITARUM LAMA,BDG,DARI KM,36.6,TITIK,2019
410,32,JAWA BARAT,3217,KABUPATEN BANDUNG BARAT,UPTD PENGELOLAAN JALAN DAN JEMBATAN WILAYAH PELAYANAN III,240,RAJAMANDALA - JBT. CITARUM LAMA,BDG,SAMPAI KM,39.55,TITIK,2019
411,32,JAWA BARAT,3217,KABUPATEN BANDUNG BARAT,UPTD PENGELOLAAN JALAN DAN JEMBATAN WILAYAH PELAYANAN III,245,SP. ORION - CIHALIWUNG,BDG,DARI KM,16.4,TITIK,2019
412,32,JAWA BARAT,3217,KABUPATEN BANDUNG BARAT,UPTD PENGELOLAAN JALAN DAN JEMBATAN WILAYAH PELAYANAN III,245,SP. ORION - CIHALIWUNG,BDG,SAMPAI KM,18.55,TITIK,2019
413,32,JAWA BARAT,3217,KABUPATEN BANDUNG BARAT,UPTD PENGELOLAAN JALAN DAN JEMBATAN WILAYAH PELAYANAN III,246,PADALARANG (SP.3 STASION) - SP.CISARUA,BDG,DARI KM,16.96,TITIK,2019
414,32,JAWA BARAT,3217,KABUPATEN BANDUNG BARAT,UPTD PENGELOLAAN JALAN DAN JEMBATAN WILAYAH PELAYANAN III,246,PADALARANG (SP.3 STASION) - SP.CISARUA,BDG,SAMPAI KM,24.86,TITIK,2019
415,32,JAWA BARAT,3217,KABUPATEN BANDUNG BARAT,UPTD PENGELOLAAN JALAN DAN JEMBATAN WILAYAH PELAYANAN III,247,JL. BTS.CIMAHI - CISARUA - LEMBANG,BDG,DARI KM,14.27,TITIK,2019
416,32,JAWA BARAT,3217,KABUPATEN BANDUNG BARAT,UPTD PENGELOLAAN JALAN DAN JEMBATAN WILAYAH PELAYANAN III,247,JL. BTS.CIMAHI - CISARUA - LEMBANG,BDG,SAMPAI KM,28.04,TITIK,2019
417,32,JAWA BARAT,3217,KABUPATEN BANDUNG BARAT,UPTD PENGELOLAAN JALAN DAN JEMBATAN WILAYAH PELAYANAN III,250,BTS. KOTA BANDUNG - LEMBANG,BDG,DARI KM,10.93,TITIK,2019
418,32,JAWA BARAT,3217,KABUPATEN BANDUNG BARAT,UPTD PENGELOLAAN JALAN DAN JEMBATAN WILAYAH PELAYANAN III,250,BTS. KOTA BANDUNG - LEMBANG,BDG,SAMPAI KM,14.6,TITIK,2019
419,32,JAWA BARAT,3217,KABUPATEN BANDUNG BARAT,UPTD PENGELOLAAN JALAN DAN JEMBATAN WILAYAH PELAYANAN III,250,JL.RAYA LEMBANG (LEMBANG),BDG,DARI KM,14.6,TITIK,2019
420,32,JAWA BARAT,3217,KABUPATEN BANDUNG BARAT,UPTD PENGELOLAAN JALAN DAN JEMBATAN WILAYAH PELAYANAN III,250,JL.RAYA LEMBANG (LEMBANG),BDG,SAMPAI KM,16.63,TITIK,2019
421,32,JAWA BARAT,3217,KABUPATEN BANDUNG BARAT,UPTD PENGELOLAAN JALAN DAN JEMBATAN WILAYAH PELAYANAN III,250,JL.RAYA PANORAMA (LEMBANG),BDG,DARI KM,16.3,TITIK,2019
422,32,JAWA BARAT,3217,KABUPATEN BANDUNG BARAT,UPTD PENGELOLAAN JALAN DAN JEMBATAN WILAYAH PELAYANAN III,250,JL.RAYA PANORAMA (LEMBANG),BDG,SAMPAI KM,16.6,TITIK,2019
423,32,JAWA BARAT,3217,KABUPATEN BANDUNG BARAT,UPTD PENGELOLAAN JALAN DAN JEMBATAN WILAYAH PELAYANAN III,250,JL.RAYA GRAND HOTEL (LEMBANG),BDG,DARI KM,15.3,TITIK,2019
424,32,JAWA BARAT,3217,KABUPATEN BANDUNG BARAT,UPTD PENGELOLAAN JALAN DAN JEMBATAN WILAYAH PELAYANAN III,250,JL.RAYA GRAND HOTEL (LEMBANG),BDG,SAMPAI KM,16.3,TITIK,2019
425,32,JAWA BARAT,3217,KABUPATEN BANDUNG BARAT,UPTD PENGELOLAAN JALAN DAN JEMBATAN WILAYAH PELAYANAN III,250,LEMBANG - MARIBAYA,BDG,DARI KM,16.6,TITIK,2019
426,32,JAWA BARAT,3217,KABUPATEN BANDUNG BARAT,UPTD PENGELOLAAN JALAN DAN JEMBATAN WILAYAH PELAYANAN III,250,LEMBANG - MARIBAYA,BDG,SAMPAI KM,22.35,TITIK,2019
427,32,JAWA BARAT,3217,KABUPATEN BANDUNG BARAT,UPTD PENGELOLAAN JALAN DAN JEMBATAN WILAYAH PELAYANAN III,251,LEMBANG - BTS.KAB.BANDUNG/KAB.SUBANG,BDG,DARI KM,16.63,TITIK,2019
428,32,JAWA BARAT,3217,KABUPATEN BANDUNG BARAT,UPTD PENGELOLAAN JALAN DAN JEMBATAN WILAYAH PELAYANAN III,251,LEMBANG - BTS.KAB.BANDUNG/KAB.SUBANG,BDG,SAMPAI KM,25.48,TITIK,2019
429,32,JAWA BARAT,3217,KABUPATEN BANDUNG BARAT,UPTD PENGELOLAAN JALAN DAN JEMBATAN WILAYAH PELAYANAN III,395,RAJAMANDALA - CIPEUNGEUY - CIKALONG WETAN,BDG,DARI KM,36.24,TITIK,2019
430,32,JAWA BARAT,3217,KABUPATEN BANDUNG BARAT,UPTD PENGELOLAAN JALAN DAN JEMBATAN WILAYAH PELAYANAN III,395,RAJAMANDALA - CIPEUNGEUY - CIKALONG WETAN,BDG,SAMPAI KM,61.04,TITIK,2019
431,32,JAWA BARAT,3218,KABUPATEN PANGANDARAN,UPTD PENGELOLAAN JALAN DAN JEMBATAN WILAYAH PELAYANAN V,339,KALIPUCANG - MAJINGKLAK,BDG,DARI KM,195.06,TITIK,2019
432,32,JAWA BARAT,3218,KABUPATEN PANGANDARAN,UPTD PENGELOLAAN JALAN DAN JEMBATAN WILAYAH PELAYANAN V,339,KALIPUCANG - MAJINGKLAK,BDG,SAMPAI KM,201.89,TITIK,2019
433,32,JAWA BARAT,3218,KABUPATEN PANGANDARAN,UPTD PENGELOLAAN JALAN DAN JEMBATAN WILAYAH PELAYANAN V,405,JL. BANDARA NUSAWIRU,BDG,DARI KM,233.97,TITIK,2019
434,32,JAWA BARAT,3218,KABUPATEN PANGANDARAN,UPTD PENGELOLAAN JALAN DAN JEMBATAN WILAYAH PELAYANAN V,405,JL. BANDARA NUSAWIRU,BDG,SAMPAI KM,236.02,TITIK,2019
435,32,JAWA BARAT,3271,KOTA BOGOR,UPTD PENGELOLAAN JALAN DAN JEMBATAN WILAYAH PELAYANAN I,204,JL. SILIWANGI (BOGOR),JKT,DARI KM,63.75,TITIK,2019
436,32,JAWA BARAT,3271,KOTA BOGOR,UPTD PENGELOLAAN JALAN DAN JEMBATAN WILAYAH PELAYANAN I,204,JL. SILIWANGI (BOGOR),JKT,SAMPAI KM,63.98,TITIK,2019
437,32,JAWA BARAT,3271,KOTA BOGOR,UPTD PENGELOLAAN JALAN DAN JEMBATAN WILAYAH PELAYANAN I,204,JL. LAWANG GINTUNG (BOGOR),JKT,DARI KM,62.75,TITIK,2019
438,32,JAWA BARAT,3271,KOTA BOGOR,UPTD PENGELOLAAN JALAN DAN JEMBATAN WILAYAH PELAYANAN I,204,JL. LAWANG GINTUNG (BOGOR),JKT,SAMPAI KM,63.75,TITIK,2019
439,32,JAWA BARAT,3271,KOTA BOGOR,UPTD PENGELOLAAN JALAN DAN JEMBATAN WILAYAH PELAYANAN I,204,JL. PAHLAWAN (BOGOR),JKT,DARI KM,60.61,TITIK,2019
440,32,JAWA BARAT,3271,KOTA BOGOR,UPTD PENGELOLAAN JALAN DAN JEMBATAN WILAYAH PELAYANAN I,204,JL. PAHLAWAN (BOGOR),JKT,SAMPAI KM,62.75,TITIK,2019
441,32,JAWA BARAT,3271,KOTA BOGOR,UPTD PENGELOLAAN JALAN DAN JEMBATAN WILAYAH PELAYANAN I,204,JL. EMPANG - R. SALEH SARIEF BUSTAMAN (BOGOR),JKT,DARI KM,60.36,TITIK,2019
442,32,JAWA BARAT,3271,KOTA BOGOR,UPTD PENGELOLAAN JALAN DAN JEMBATAN WILAYAH PELAYANAN I,204,JL. EMPANG - R. SALEH SARIEF BUSTAMAN (BOGOR),JKT,SAMPAI KM,60.61,TITIK,2019
443,32,JAWA BARAT,3271,KOTA BOGOR,UPTD PENGELOLAAN JALAN DAN JEMBATAN WILAYAH PELAYANAN I,210,JL. Ir. H. JUANDA (BOGOR),JKT,DARI KM,58.59,TITIK,2019
444,32,JAWA BARAT,3271,KOTA BOGOR,UPTD PENGELOLAAN JALAN DAN JEMBATAN WILAYAH PELAYANAN I,210,JL. Ir. H. JUANDA (BOGOR),JKT,SAMPAI KM,60.36,TITIK,2019
445,32,JAWA BARAT,3271,KOTA BOGOR,UPTD PENGELOLAAN JALAN DAN JEMBATAN WILAYAH PELAYANAN I,210,JL. JEND. SUDIRMAN (BOGOR),JKT,DARI KM,57.29,TITIK,2019
446,32,JAWA BARAT,3271,KOTA BOGOR,UPTD PENGELOLAAN JALAN DAN JEMBATAN WILAYAH PELAYANAN I,210,JL. JEND. SUDIRMAN (BOGOR),JKT,SAMPAI KM,58.59,TITIK,2019
447,32,JAWA BARAT,3271,KOTA BOGOR,UPTD PENGELOLAAN JALAN DAN JEMBATAN WILAYAH PELAYANAN I,210,JL. PEMUDA (BOGOR),JKT,DARI KM,57.74,TITIK,2019
448,32,JAWA BARAT,3271,KOTA BOGOR,UPTD PENGELOLAAN JALAN DAN JEMBATAN WILAYAH PELAYANAN I,210,JL. PEMUDA (BOGOR),JKT,SAMPAI KM,59.05,TITIK,2019
449,32,JAWA BARAT,3271,KOTA BOGOR,UPTD PENGELOLAAN JALAN DAN JEMBATAN WILAYAH PELAYANAN I,210,JL. KEBON PEDES (BOGOR),JKT,DARI KM,56.75,TITIK,2019
450,32,JAWA BARAT,3271,KOTA BOGOR,UPTD PENGELOLAAN JALAN DAN JEMBATAN WILAYAH PELAYANAN I,210,JL. KEBON PEDES (BOGOR),JKT,SAMPAI KM,57.74,TITIK,2019
451,32,JAWA BARAT,3271,KOTA BOGOR,UPTD PENGELOLAAN JALAN DAN JEMBATAN WILAYAH PELAYANAN I,216,"BTS.KOTA BOGOR (KEDUNGHALANG-SP.3 KEDUNG HALANG, JL.RAYA PEMDA",JKT,DARI KM,61.09,TITIK,2019
452,32,JAWA BARAT,3271,KOTA BOGOR,UPTD PENGELOLAAN JALAN DAN JEMBATAN WILAYAH PELAYANAN I,216,"BTS.KOTA BOGOR (KEDUNGHALANG-SP.3 KEDUNG HALANG, JL.RAYA PEMDA",JKT,SAMPAI KM,63.26,TITIK,2019
453,32,JAWA BARAT,3272,KOTA SUKABUMI,UPTD PENGELOLAAN JALAN DAN JEMBATAN WILAYAH PELAYANAN II,191,JL. JEND. ACHMAD YANI (SUKABUMI),BDG,DARI KM,93.3,TITIK,2019
454,32,JAWA BARAT,3272,KOTA SUKABUMI,UPTD PENGELOLAAN JALAN DAN JEMBATAN WILAYAH PELAYANAN II,191,JL. JEND. ACHMAD YANI (SUKABUMI),BDG,SAMPAI KM,93.47,TITIK,2019
455,32,JAWA BARAT,3272,KOTA SUKABUMI,UPTD PENGELOLAAN JALAN DAN JEMBATAN WILAYAH PELAYANAN II,191,JL. OTTO ISKANDARDINATA (SUKABUMI),BDG,DARI KM,94.41,TITIK,2019
456,32,JAWA BARAT,3272,KOTA SUKABUMI,UPTD PENGELOLAAN JALAN DAN JEMBATAN WILAYAH PELAYANAN II,191,JL. OTTO ISKANDARDINATA (SUKABUMI),BDG,SAMPAI KM,95.36,TITIK,2019
457,32,JAWA BARAT,3272,KOTA SUKABUMI,UPTD PENGELOLAAN JALAN DAN JEMBATAN WILAYAH PELAYANAN II,191,JL. RH. DIDI SUKARDI (SUKABUMI),BDG,DARI KM,95.36,TITIK,2019
458,32,JAWA BARAT,3272,KOTA SUKABUMI,UPTD PENGELOLAAN JALAN DAN JEMBATAN WILAYAH PELAYANAN II,191,JL. RH. DIDI SUKARDI (SUKABUMI),BDG,SAMPAI KM,97.28,TITIK,2019
459,32,JAWA BARAT,3272,KOTA SUKABUMI,UPTD PENGELOLAAN JALAN DAN JEMBATAN WILAYAH PELAYANAN II,191,JL. RAYA BAROS (SUKABUMI),BDG,DARI KM,97.28,TITIK,2019
460,32,JAWA BARAT,3272,KOTA SUKABUMI,UPTD PENGELOLAAN JALAN DAN JEMBATAN WILAYAH PELAYANAN II,191,JL. RAYA BAROS (SUKABUMI),BDG,SAMPAI KM,101.06,TITIK,2019
461,32,JAWA BARAT,3272,KOTA SUKABUMI,UPTD PENGELOLAAN JALAN DAN JEMBATAN WILAYAH PELAYANAN II,191,JL. PEMBANGUNAN (SUKABUMI),BDG,DARI KM,90.56,TITIK,2019
462,32,JAWA BARAT,3272,KOTA SUKABUMI,UPTD PENGELOLAAN JALAN DAN JEMBATAN WILAYAH PELAYANAN II,191,JL. PEMBANGUNAN (SUKABUMI),BDG,SAMPAI KM,93.11,TITIK,2019
463,32,JAWA BARAT,3272,KOTA SUKABUMI,UPTD PENGELOLAAN JALAN DAN JEMBATAN WILAYAH PELAYANAN II,191,JL. SARASA (SUKABUMI),BDG,DARI KM,93.11,TITIK,2019
464,32,JAWA BARAT,3272,KOTA SUKABUMI,UPTD PENGELOLAAN JALAN DAN JEMBATAN WILAYAH PELAYANAN II,191,JL. SARASA (SUKABUMI),BDG,SAMPAI KM,95.22,TITIK,2019
465,32,JAWA BARAT,3272,KOTA SUKABUMI,UPTD PENGELOLAAN JALAN DAN JEMBATAN WILAYAH PELAYANAN II,191,JL. GARUDA (SUKABUMI),BDG,DARI KM,95.22,TITIK,2019
466,32,JAWA BARAT,3272,KOTA SUKABUMI,UPTD PENGELOLAAN JALAN DAN JEMBATAN WILAYAH PELAYANAN II,191,JL. GARUDA (SUKABUMI),BDG,SAMPAI KM,97.62,TITIK,2019
467,32,JAWA BARAT,3272,KOTA SUKABUMI,UPTD PENGELOLAAN JALAN DAN JEMBATAN WILAYAH PELAYANAN II,193,JL. LINGKAR SUKABUMI (SUKABUMI) segmen - 2,BDG,DARI KM,97.35,TITIK,2019
468,32,JAWA BARAT,3272,KOTA SUKABUMI,UPTD PENGELOLAAN JALAN DAN JEMBATAN WILAYAH PELAYANAN II,193,JL. LINGKAR SUKABUMI (SUKABUMI) segmen - 2,BDG,SAMPAI KM,99.55,TITIK,2019
469,32,JAWA BARAT,3272,KOTA SUKABUMI,UPTD PENGELOLAAN JALAN DAN JEMBATAN WILAYAH PELAYANAN II,193,JL. RAYA PELABUHAN (SUKABUMI),BDG,DARI KM,97.43,TITIK,2019
470,32,JAWA BARAT,3272,KOTA SUKABUMI,UPTD PENGELOLAAN JALAN DAN JEMBATAN WILAYAH PELAYANAN II,193,JL. RAYA PELABUHAN (SUKABUMI),BDG,SAMPAI KM,102.72,TITIK,2019
471,32,JAWA BARAT,3272,KOTA SUKABUMI,UPTD PENGELOLAAN JALAN DAN JEMBATAN WILAYAH PELAYANAN II,193,JL. SEJAHTERA (SUKABUMI),BDG,DARI KM,98.08,TITIK,2019
472,32,JAWA BARAT,3272,KOTA SUKABUMI,UPTD PENGELOLAAN JALAN DAN JEMBATAN WILAYAH PELAYANAN II,193,JL. SEJAHTERA (SUKABUMI),BDG,SAMPAI KM,99.52,TITIK,2019
473,32,JAWA BARAT,3272,KOTA SUKABUMI,UPTD PENGELOLAAN JALAN DAN JEMBATAN WILAYAH PELAYANAN II,193,JL. CEMERLANG (SUKABUMI),BDG,DARI KM,99.52,TITIK,2019
474,32,JAWA BARAT,3272,KOTA SUKABUMI,UPTD PENGELOLAAN JALAN DAN JEMBATAN WILAYAH PELAYANAN II,193,JL. CEMERLANG (SUKABUMI),BDG,SAMPAI KM,103.45,TITIK,2019
475,32,JAWA BARAT,3272,KOTA SUKABUMI,UPTD PENGELOLAAN JALAN DAN JEMBATAN WILAYAH PELAYANAN II,193,JL. LINGKAR SUKABUMI (CIBOLANG - PELABUHAN II) segmen - 1,BDG,DARI KM,99.55,TITIK,2019
476,32,JAWA BARAT,3272,KOTA SUKABUMI,UPTD PENGELOLAAN JALAN DAN JEMBATAN WILAYAH PELAYANAN II,193,JL. LINGKAR SUKABUMI (CIBOLANG - PELABUHAN II) segmen - 1,BDG,SAMPAI KM,101.95,TITIK,2019
477,32,JAWA BARAT,3272,KOTA SUKABUMI,UPTD PENGELOLAAN JALAN DAN JEMBATAN WILAYAH PELAYANAN II,193,JL. LINGKAR SUKABUMI (BAROS - JL. PEMBANGUNAN),BDG,DARI KM,92.85,TITIK,2019
478,32,JAWA BARAT,3272,KOTA SUKABUMI,UPTD PENGELOLAAN JALAN DAN JEMBATAN WILAYAH PELAYANAN II,193,JL. LINGKAR SUKABUMI (BAROS - JL. PEMBANGUNAN),BDG,SAMPAI KM,94.49,TITIK,2019
479,32,JAWA BARAT,3273,KOTA BANDUNG,UPTD PENGELOLAAN JALAN DAN JEMBATAN WILAYAH PELAYANAN III,106,JL. KOPO (SP JL. PETA-BTS.KOTA/KAB.BANDUNG),BDG,DARI KM,3.24,TITIK,2019
480,32,JAWA BARAT,3273,KOTA BANDUNG,UPTD PENGELOLAAN JALAN DAN JEMBATAN WILAYAH PELAYANAN III,106,JL. KOPO (SP JL. PETA-BTS.KOTA/KAB.BANDUNG),BDG,SAMPAI KM,6.36,TITIK,2019
481,32,JAWA BARAT,3273,KOTA BANDUNG,UPTD PENGELOLAAN JALAN DAN JEMBATAN WILAYAH PELAYANAN III,161,JL. MOH.TOHA (SP.JL.BKR-BTS.KOTA/KAB.BANDUNG),BDG,DARI KM,2.45,TITIK,2019
482,32,JAWA BARAT,3273,KOTA BANDUNG,UPTD PENGELOLAAN JALAN DAN JEMBATAN WILAYAH PELAYANAN III,161,JL. MOH.TOHA (SP.JL.BKR-BTS.KOTA/KAB.BANDUNG),BDG,SAMPAI KM,5.19,TITIK,2019
483,32,JAWA BARAT,3273,KOTA BANDUNG,UPTD PENGELOLAAN JALAN DAN JEMBATAN WILAYAH PELAYANAN III,248,JL. PAJAJARAN (AKSES BANDARA HUSEN SASTRANAGARA BANDUNG),BDG,DARI KM,4.09,TITIK,2019
484,32,JAWA BARAT,3273,KOTA BANDUNG,UPTD PENGELOLAAN JALAN DAN JEMBATAN WILAYAH PELAYANAN III,248,JL. PAJAJARAN (AKSES BANDARA HUSEN SASTRANAGARA BANDUNG),BDG,SAMPAI KM,5.09,TITIK,2019
485,32,JAWA BARAT,3273,KOTA BANDUNG,UPTD PENGELOLAAN JALAN DAN JEMBATAN WILAYAH PELAYANAN III,249,JL. PASIRKALIKI (SP.PASTEUR - SP.SUKAJADI/EYCKMAN BANDUNG),BDG,DARI KM,3.66,TITIK,2019
486,32,JAWA BARAT,3273,KOTA BANDUNG,UPTD PENGELOLAAN JALAN DAN JEMBATAN WILAYAH PELAYANAN III,249,JL. PASIRKALIKI (SP.PASTEUR - SP.SUKAJADI/EYCKMAN BANDUNG),BDG,SAMPAI KM,4.0,TITIK,2019
487,32,JAWA BARAT,3273,KOTA BANDUNG,UPTD PENGELOLAAN JALAN DAN JEMBATAN WILAYAH PELAYANAN III,249,JL. SUKAJADI (BANDUNG),BDG,DARI KM,4.0,TITIK,2019
488,32,JAWA BARAT,3273,KOTA BANDUNG,UPTD PENGELOLAAN JALAN DAN JEMBATAN WILAYAH PELAYANAN III,249,JL. SUKAJADI (BANDUNG),BDG,SAMPAI KM,6.53,TITIK,2019
489,32,JAWA BARAT,3273,KOTA BANDUNG,UPTD PENGELOLAAN JALAN DAN JEMBATAN WILAYAH PELAYANAN III,249,JL. SETIABUDHI (BANDUNG),BDG,DARI KM,5.95,TITIK,2019
490,32,JAWA BARAT,3273,KOTA BANDUNG,UPTD PENGELOLAAN JALAN DAN JEMBATAN WILAYAH PELAYANAN III,249,JL. SETIABUDHI (BANDUNG),BDG,SAMPAI KM,10.93,TITIK,2019
491,32,JAWA BARAT,3273,KOTA BANDUNG,UPTD PENGELOLAAN JALAN DAN JEMBATAN WILAYAH PELAYANAN III,249,JL. SUKAWANGI (BANDUNG),BDG,DARI KM,5.77,TITIK,2019
492,32,JAWA BARAT,3273,KOTA BANDUNG,UPTD PENGELOLAAN JALAN DAN JEMBATAN WILAYAH PELAYANAN III,249,JL. SUKAWANGI (BANDUNG),BDG,SAMPAI KM,5.95,TITIK,2019
493,32,JAWA BARAT,3273,KOTA BANDUNG,UPTD PENGELOLAAN JALAN DAN JEMBATAN WILAYAH PELAYANAN III,364,JL. TERUSAN BUAH BATU (Sp.4 SOEKARNO HATTA - BTS.KOTA/KAB.BANDUNG,BDG,DARI KM,6.39,TITIK,2019
494,32,JAWA BARAT,3273,KOTA BANDUNG,UPTD PENGELOLAAN JALAN DAN JEMBATAN WILAYAH PELAYANAN III,364,JL. TERUSAN BUAH BATU (Sp.4 SOEKARNO HATTA - BTS.KOTA/KAB.BANDUNG,BDG,SAMPAI KM,8.65,TITIK,2019
495,32,JAWA BARAT,3273,KOTA BANDUNG,UPTD PENGELOLAAN JALAN DAN JEMBATAN WILAYAH PELAYANAN III,364,JL. BUAH BATU (Sp.4 PELAJAR PEJUANG 45 - Sp.4 SOEKARNA HATTA),BDG,DARI KM,4.69,TITIK,2019
496,32,JAWA BARAT,3273,KOTA BANDUNG,UPTD PENGELOLAAN JALAN DAN JEMBATAN WILAYAH PELAYANAN III,364,JL. BUAH BATU (Sp.4 PELAJAR PEJUANG 45 - Sp.4 SOEKARNA HATTA),BDG,SAMPAI KM,6.39,TITIK,2019
497,32,JAWA BARAT,3273,KOTA BANDUNG,UPTD PENGELOLAAN JALAN DAN JEMBATAN WILAYAH PELAYANAN III,369,JL. CICENDO (SP. PAJAJARAN - SP.KEBONKAWUNG) KOTA BANDUNG,BDG,DARI KM,0.0,TITIK,2019
498,32,JAWA BARAT,3273,KOTA BANDUNG,UPTD PENGELOLAAN JALAN DAN JEMBATAN WILAYAH PELAYANAN III,369,JL. CICENDO (SP. PAJAJARAN - SP.KEBONKAWUNG) KOTA BANDUNG,BDG,SAMPAI KM,0.64,TITIK,2019
499,32,JAWA BARAT,3273,KOTA BANDUNG,UPTD PENGELOLAAN JALAN DAN JEMBATAN WILAYAH PELAYANAN III,370,JL. KEBON KAWUNG (SP.CICENDO - SP.PASIRKALIKI) KOTA BANDUNG,BDG,DARI KM,0.0,TITIK,2019
500,32,JAWA BARAT,3273,KOTA BANDUNG,UPTD PENGELOLAAN JALAN DAN JEMBATAN WILAYAH PELAYANAN III,370,JL. KEBON KAWUNG (SP.CICENDO - SP.PASIRKALIKI) KOTA BANDUNG,BDG,SAMPAI KM,0.64,TITIK,2019
501,32,JAWA BARAT,3273,KOTA BANDUNG,UPTD PENGELOLAAN JALAN DAN JEMBATAN WILAYAH PELAYANAN III,371,JL. PAJAJARAN (SP. PASIRKALIKI - SP.CICENDO) KOTA BANDUNG,BDG,DARI KM,2.93,TITIK,2019
502,32,JAWA BARAT,3273,KOTA BANDUNG,UPTD PENGELOLAAN JALAN DAN JEMBATAN WILAYAH PELAYANAN III,371,JL. PAJAJARAN (SP. PASIRKALIKI - SP.CICENDO) KOTA BANDUNG,BDG,SAMPAI KM,3.58,TITIK,2019
503,32,JAWA BARAT,3273,KOTA BANDUNG,UPTD PENGELOLAAN JALAN DAN JEMBATAN WILAYAH PELAYANAN III,372,JL. PASIRKALIKI (SP.KEBONKAWUNG - SP.PAJAJARAN) KOTA BANDUNG,BDG,DARI KM,0.0,TITIK,2019
504,32,JAWA BARAT,3273,KOTA BANDUNG,UPTD PENGELOLAAN JALAN DAN JEMBATAN WILAYAH PELAYANAN III,372,JL. PASIRKALIKI (SP.KEBONKAWUNG - SP.PAJAJARAN) KOTA BANDUNG,BDG,SAMPAI KM,0.66,TITIK,2019
505,32,JAWA BARAT,3273,KOTA BANDUNG,UPTD PENGELOLAAN JALAN DAN JEMBATAN WILAYAH PELAYANAN III,373,JL. TERUSAN PASIR KOJA (SP.JAMIKA-SP.SOEKARNO HATTA) KOTA BANDUNG,BDG,DARI KM,8.2,TITIK,2019
506,32,JAWA BARAT,3273,KOTA BANDUNG,UPTD PENGELOLAAN JALAN DAN JEMBATAN WILAYAH PELAYANAN III,373,JL. TERUSAN PASIR KOJA (SP.JAMIKA-SP.SOEKARNO HATTA) KOTA BANDUNG,BDG,SAMPAI KM,9.32,TITIK,2019
507,32,JAWA BARAT,3273,KOTA BANDUNG,UPTD PENGELOLAAN JALAN DAN JEMBATAN WILAYAH PELAYANAN III,374,JL. PETA (BANDUNG),BDG,DARI KM,7.0,TITIK,2019
508,32,JAWA BARAT,3273,KOTA BANDUNG,UPTD PENGELOLAAN JALAN DAN JEMBATAN WILAYAH PELAYANAN III,374,JL. PETA (BANDUNG),BDG,SAMPAI KM,9.46,TITIK,2019
509,32,JAWA BARAT,3273,KOTA BANDUNG,UPTD PENGELOLAAN JALAN DAN JEMBATAN WILAYAH PELAYANAN III,375,JL. BKR (BANDUNG),BDG,DARI KM,4.73,TITIK,2019
510,32,JAWA BARAT,3273,KOTA BANDUNG,UPTD PENGELOLAAN JALAN DAN JEMBATAN WILAYAH PELAYANAN III,375,JL. BKR (BANDUNG),BDG,SAMPAI KM,6.92,TITIK,2019
511,32,JAWA BARAT,3273,KOTA BANDUNG,UPTD PENGELOLAAN JALAN DAN JEMBATAN WILAYAH PELAYANAN III,376,JL. PELAJAR PEJUANG 45 (BANDUNG),BDG,DARI KM,3.17,TITIK,2019
512,32,JAWA BARAT,3273,KOTA BANDUNG,UPTD PENGELOLAAN JALAN DAN JEMBATAN WILAYAH PELAYANAN III,376,JL. PELAJAR PEJUANG 45 (BANDUNG),BDG,SAMPAI KM,4.73,TITIK,2019
513,32,JAWA BARAT,3273,KOTA BANDUNG,UPTD PENGELOLAAN JALAN DAN JEMBATAN WILAYAH PELAYANAN III,377,JL. LASWI (BANDUNG),BDG,DARI KM,2.0,TITIK,2019
514,32,JAWA BARAT,3273,KOTA BANDUNG,UPTD PENGELOLAAN JALAN DAN JEMBATAN WILAYAH PELAYANAN III,377,JL. LASWI (BANDUNG),BDG,SAMPAI KM,3.17,TITIK,2019
515,32,JAWA BARAT,3273,KOTA BANDUNG,UPTD PENGELOLAAN JALAN DAN JEMBATAN WILAYAH PELAYANAN III,378,JL. AHMAD YANI (BANDUNG) (DARI SP. LASWI - SP. SUPRATMAN),BDG,DARI KM,0.0,TITIK,2019
516,32,JAWA BARAT,3273,KOTA BANDUNG,UPTD PENGELOLAAN JALAN DAN JEMBATAN WILAYAH PELAYANAN III,378,JL. AHMAD YANI (BANDUNG) (DARI SP. LASWI - SP. SUPRATMAN),BDG,SAMPAI KM,0.54,TITIK,2019
517,32,JAWA BARAT,3273,KOTA BANDUNG,UPTD PENGELOLAAN JALAN DAN JEMBATAN WILAYAH PELAYANAN III,380,JL. W.R. SUPRATMAN (BANDUNG),BDG,DARI KM,3.0,TITIK,2019
518,32,JAWA BARAT,3273,KOTA BANDUNG,UPTD PENGELOLAAN JALAN DAN JEMBATAN WILAYAH PELAYANAN III,380,JL. W.R. SUPRATMAN (BANDUNG),BDG,SAMPAI KM,4.68,TITIK,2019
519,32,JAWA BARAT,3273,KOTA BANDUNG,UPTD PENGELOLAAN JALAN DAN JEMBATAN WILAYAH PELAYANAN III,381,JL. P. DIPONEGORO (BANDUNG),BDG,DARI KM,4.68,TITIK,2019
520,32,JAWA BARAT,3273,KOTA BANDUNG,UPTD PENGELOLAAN JALAN DAN JEMBATAN WILAYAH PELAYANAN III,381,JL. P. DIPONEGORO (BANDUNG),BDG,SAMPAI KM,6.05,TITIK,2019
521,32,JAWA BARAT,3273,KOTA BANDUNG,UPTD PENGELOLAAN JALAN DAN JEMBATAN WILAYAH PELAYANAN III,382,JL. CILAMAYA (BANDUNG),BDG,DARI KM,0.0,TITIK,2019
522,32,JAWA BARAT,3273,KOTA BANDUNG,UPTD PENGELOLAAN JALAN DAN JEMBATAN WILAYAH PELAYANAN III,382,JL. CILAMAYA (BANDUNG),BDG,SAMPAI KM,0.24,TITIK,2019
523,32,JAWA BARAT,3273,KOTA BANDUNG,UPTD PENGELOLAAN JALAN DAN JEMBATAN WILAYAH PELAYANAN III,383,JL. CIMANDIRI (BANDUNG),BDG,DARI KM,0.0,TITIK,2019
524,32,JAWA BARAT,3273,KOTA BANDUNG,UPTD PENGELOLAAN JALAN DAN JEMBATAN WILAYAH PELAYANAN III,383,JL. CIMANDIRI (BANDUNG),BDG,SAMPAI KM,0.35,TITIK,2019
525,32,JAWA BARAT,3273,KOTA BANDUNG,UPTD PENGELOLAAN JALAN DAN JEMBATAN WILAYAH PELAYANAN III,384,JL. DEPAN LAN (BANDUNG),BDG,DARI KM,0.0,TITIK,2019
526,32,JAWA BARAT,3273,KOTA BANDUNG,UPTD PENGELOLAAN JALAN DAN JEMBATAN WILAYAH PELAYANAN III,384,JL. DEPAN LAN (BANDUNG),BDG,SAMPAI KM,0.13,TITIK,2019
527,32,JAWA BARAT,3273,KOTA BANDUNG,UPTD PENGELOLAAN JALAN DAN JEMBATAN WILAYAH PELAYANAN III,385,JL. CILAKI (BANDUNG),BDG,DARI KM,0.0,TITIK,2019
528,32,JAWA BARAT,3273,KOTA BANDUNG,UPTD PENGELOLAAN JALAN DAN JEMBATAN WILAYAH PELAYANAN III,385,JL. CILAKI (BANDUNG),BDG,SAMPAI KM,0.2,TITIK,2019
529,32,JAWA BARAT,3273,KOTA BANDUNG,UPTD PENGELOLAAN JALAN DAN JEMBATAN WILAYAH PELAYANAN III,386,JL. ARIA JIPANG (BANDUNG),BDG,DARI KM,0.0,TITIK,2019
530,32,JAWA BARAT,3273,KOTA BANDUNG,UPTD PENGELOLAAN JALAN DAN JEMBATAN WILAYAH PELAYANAN III,386,JL. ARIA JIPANG (BANDUNG),BDG,SAMPAI KM,0.22,TITIK,2019
531,32,JAWA BARAT,3273,KOTA BANDUNG,UPTD PENGELOLAAN JALAN DAN JEMBATAN WILAYAH PELAYANAN III,387,JL. GASIBU BARAT (BANDUNG),BDG,DARI KM,0.0,TITIK,2019
532,32,JAWA BARAT,3273,KOTA BANDUNG,UPTD PENGELOLAAN JALAN DAN JEMBATAN WILAYAH PELAYANAN III,387,JL. GASIBU BARAT (BANDUNG),BDG,SAMPAI KM,0.21,TITIK,2019
533,32,JAWA BARAT,3273,KOTA BANDUNG,UPTD PENGELOLAAN JALAN DAN JEMBATAN WILAYAH PELAYANAN III,387,JL. SENTOT ALIBASYAH (BANDUNG),BDG,DARI KM,0.0,TITIK,2019
534,32,JAWA BARAT,3273,KOTA BANDUNG,UPTD PENGELOLAAN JALAN DAN JEMBATAN WILAYAH PELAYANAN III,387,JL. SENTOT ALIBASYAH (BANDUNG),BDG,SAMPAI KM,0.2,TITIK,2019
535,32,JAWA BARAT,3273,KOTA BANDUNG,UPTD PENGELOLAAN JALAN DAN JEMBATAN WILAYAH PELAYANAN III,400,JL. GEDEBAGE SELATAN (REL KA-SP.3 DERWATI-BTS.KOTA BANDUNG/JBT.TOL,BDG,DARI KM,13.9,TITIK,2019
536,32,JAWA BARAT,3273,KOTA BANDUNG,UPTD PENGELOLAAN JALAN DAN JEMBATAN WILAYAH PELAYANAN III,400,JL. GEDEBAGE SELATAN (REL KA-SP.3 DERWATI-BTS.KOTA BANDUNG/JBT.TOL,BDG,SAMPAI KM,17.3,TITIK,2019
537,32,JAWA BARAT,3274,KOTA CIREBON,UPTD PENGELOLAAN JALAN DAN JEMBATAN WILAYAH PELAYANAN VI,306,JL. NYI MAS GANDA SARI (CIREBON),CN,DARI KM,1.8,TITIK,2019
538,32,JAWA BARAT,3274,KOTA CIREBON,UPTD PENGELOLAAN JALAN DAN JEMBATAN WILAYAH PELAYANAN VI,306,JL. NYI MAS GANDA SARI (CIREBON),CN,SAMPAI KM,2.83,TITIK,2019
539,32,JAWA BARAT,3274,KOTA CIREBON,UPTD PENGELOLAAN JALAN DAN JEMBATAN WILAYAH PELAYANAN VI,307,JL. ARIODINOTO,CN,DARI KM,0.66,TITIK,2019
540,32,JAWA BARAT,3274,KOTA CIREBON,UPTD PENGELOLAAN JALAN DAN JEMBATAN WILAYAH PELAYANAN VI,307,JL. ARIODINOTO,CN,SAMPAI KM,0.86,TITIK,2019
541,32,JAWA BARAT,3274,KOTA CIREBON,UPTD PENGELOLAAN JALAN DAN JEMBATAN WILAYAH PELAYANAN VI,307,JL. KESEPUHAN,CN,DARI KM,0.46,TITIK,2019
542,32,JAWA BARAT,3274,KOTA CIREBON,UPTD PENGELOLAAN JALAN DAN JEMBATAN WILAYAH PELAYANAN VI,307,JL. KESEPUHAN,CN,SAMPAI KM,0.66,TITIK,2019
543,32,JAWA BARAT,3274,KOTA CIREBON,UPTD PENGELOLAAN JALAN DAN JEMBATAN WILAYAH PELAYANAN VI,307,JL. PULASAREN,CN,DARI KM,0.86,TITIK,2019
544,32,JAWA BARAT,3274,KOTA CIREBON,UPTD PENGELOLAAN JALAN DAN JEMBATAN WILAYAH PELAYANAN VI,307,JL. PULASAREN,CN,SAMPAI KM,1.59,TITIK,2019
545,32,JAWA BARAT,3274,KOTA CIREBON,UPTD PENGELOLAAN JALAN DAN JEMBATAN WILAYAH PELAYANAN VI,307,JL. LAWANGGADA,CN,DARI KM,1.59,TITIK,2019
546,32,JAWA BARAT,3274,KOTA CIREBON,UPTD PENGELOLAAN JALAN DAN JEMBATAN WILAYAH PELAYANAN VI,307,JL. LAWANGGADA,CN,SAMPAI KM,1.8,TITIK,2019
547,32,JAWA BARAT,3274,KOTA CIREBON,UPTD PENGELOLAAN JALAN DAN JEMBATAN WILAYAH PELAYANAN VI,307,JL. KESAMBI (CIREBON),CN,DARI KM,1.8,TITIK,2019
548,32,JAWA BARAT,3274,KOTA CIREBON,UPTD PENGELOLAAN JALAN DAN JEMBATAN WILAYAH PELAYANAN VI,307,JL. KESAMBI (CIREBON),CN,SAMPAI KM,4.04,TITIK,2019
549,32,JAWA BARAT,3274,KOTA CIREBON,UPTD PENGELOLAAN JALAN DAN JEMBATAN WILAYAH PELAYANAN VI,388,JL. KALITANJUNG (CIREBON),CN,DARI KM,4.8,TITIK,2019
550,32,JAWA BARAT,3274,KOTA CIREBON,UPTD PENGELOLAAN JALAN DAN JEMBATAN WILAYAH PELAYANAN VI,388,JL. KALITANJUNG (CIREBON),CN,SAMPAI KM,6.73,TITIK,2019
551,32,JAWA BARAT,3275,KOTA BEKASI,UPTD PENGELOLAAN JALAN DAN JEMBATAN WILAYAH PELAYANAN I,97,JL. KARTINI (BEKASI),JKT,DARI KM,34.47,TITIK,2019
552,32,JAWA BARAT,3275,KOTA BEKASI,UPTD PENGELOLAAN JALAN DAN JEMBATAN WILAYAH PELAYANAN I,97,JL. KARTINI (BEKASI),JKT,SAMPAI KM,36.59,TITIK,2019
553,32,JAWA BARAT,3275,KOTA BEKASI,UPTD PENGELOLAAN JALAN DAN JEMBATAN WILAYAH PELAYANAN I,97,JL. SILIWANGI (BEKASI),JKT,DARI KM,36.58,TITIK,2019
554,32,JAWA BARAT,3275,KOTA BEKASI,UPTD PENGELOLAAN JALAN DAN JEMBATAN WILAYAH PELAYANAN I,97,JL. SILIWANGI (BEKASI),JKT,SAMPAI KM,47.68,TITIK,2019
555,32,JAWA BARAT,3275,KOTA BEKASI,UPTD PENGELOLAAN JALAN DAN JEMBATAN WILAYAH PELAYANAN I,224,JL. Ir. H. JUANDA (BEKASI),JKT,DARI KM,31.8,TITIK,2019
556,32,JAWA BARAT,3275,KOTA BEKASI,UPTD PENGELOLAAN JALAN DAN JEMBATAN WILAYAH PELAYANAN I,224,JL. Ir. H. JUANDA (BEKASI),JKT,SAMPAI KM,33.54,TITIK,2019
557,32,JAWA BARAT,3275,KOTA BEKASI,UPTD PENGELOLAAN JALAN DAN JEMBATAN WILAYAH PELAYANAN I,224,JL. PERJUANGAN (BEKASI),JKT,DARI KM,32.6,TITIK,2019
558,32,JAWA BARAT,3275,KOTA BEKASI,UPTD PENGELOLAAN JALAN DAN JEMBATAN WILAYAH PELAYANAN I,224,JL. PERJUANGAN (BEKASI),JKT,SAMPAI KM,39.6,TITIK,2019
559,32,JAWA BARAT,3276,KOTA DEPOK,UPTD PENGELOLAAN JALAN DAN JEMBATAN WILAYAH PELAYANAN I,213,JL. DEWI SARTIKA (DEPOK),JKT,DARI KM,43.23,TITIK,2019
560,32,JAWA BARAT,3276,KOTA DEPOK,UPTD PENGELOLAAN JALAN DAN JEMBATAN WILAYAH PELAYANAN I,213,JL. DEWI SARTIKA (DEPOK),JKT,SAMPAI KM,43.9,TITIK,2019
561,32,JAWA BARAT,3276,KOTA DEPOK,UPTD PENGELOLAAN JALAN DAN JEMBATAN WILAYAH PELAYANAN I,213,JL. MARGONDA RAYA (DEPOK),JKT,DARI KM,37.53,TITIK,2019
562,32,JAWA BARAT,3276,KOTA DEPOK,UPTD PENGELOLAAN JALAN DAN JEMBATAN WILAYAH PELAYANAN I,213,JL. MARGONDA RAYA (DEPOK),JKT,SAMPAI KM,37.66,TITIK,2019
563,32,JAWA BARAT,3276,KOTA DEPOK,UPTD PENGELOLAAN JALAN DAN JEMBATAN WILAYAH PELAYANAN I,214,JL. SILIWANGI (DEPOK),JKT,DARI KM,37.53,TITIK,2019
564,32,JAWA BARAT,3276,KOTA DEPOK,UPTD PENGELOLAAN JALAN DAN JEMBATAN WILAYAH PELAYANAN I,214,JL. SILIWANGI (DEPOK),JKT,SAMPAI KM,38.81,TITIK,2019
565,32,JAWA BARAT,3276,KOTA DEPOK,UPTD PENGELOLAAN JALAN DAN JEMBATAN WILAYAH PELAYANAN I,214,JL. TOLE ISKANDAR (DEPOK),JKT,DARI KM,38.81,TITIK,2019
566,32,JAWA BARAT,3276,KOTA DEPOK,UPTD PENGELOLAAN JALAN DAN JEMBATAN WILAYAH PELAYANAN I,214,JL. TOLE ISKANDAR (DEPOK),JKT,SAMPAI KM,39.87,TITIK,2019
567,32,JAWA BARAT,3276,KOTA DEPOK,UPTD PENGELOLAAN JALAN DAN JEMBATAN WILAYAH PELAYANAN I,215,SP. JALAN TOLE ISKANDAR - PONDOK RAJEG (BTS. DEPOK/BOGOR),JKT,DARI KM,39.87,TITIK,2019
568,32,JAWA BARAT,3276,KOTA DEPOK,UPTD PENGELOLAAN JALAN DAN JEMBATAN WILAYAH PELAYANAN I,215,SP. JALAN TOLE ISKANDAR - PONDOK RAJEG (BTS. DEPOK/BOGOR),JKT,SAMPAI KM,48.46,TITIK,2019
569,32,JAWA BARAT,3277,KOTA CIMAHI,UPTD PENGELOLAAN JALAN DAN JEMBATAN WILAYAH PELAYANAN III,170,JL. GATOT SUBROTO  (CIMAHI),BDG,DARI KM,9.59,TITIK,2019
570,32,JAWA BARAT,3277,KOTA CIMAHI,UPTD PENGELOLAAN JALAN DAN JEMBATAN WILAYAH PELAYANAN III,170,JL. GATOT SUBROTO  (CIMAHI),BDG,SAMPAI KM,11.81,TITIK,2019
571,32,JAWA BARAT,3277,KOTA CIMAHI,UPTD PENGELOLAAN JALAN DAN JEMBATAN WILAYAH PELAYANAN III,170,"JL. BAROS (CIMAHI),",BDG,DARI KM,11.81,TITIK,2019
572,32,JAWA BARAT,3277,KOTA CIMAHI,UPTD PENGELOLAAN JALAN DAN JEMBATAN WILAYAH PELAYANAN III,170,"JL. BAROS (CIMAHI),",BDG,SAMPAI KM,13.23,TITIK,2019
573,32,JAWA BARAT,3277,KOTA CIMAHI,UPTD PENGELOLAAN JALAN DAN JEMBATAN WILAYAH PELAYANAN III,170,JL. SP. LEUWIGAJAH - NANJUNG.,BDG,DARI KM,13.23,TITIK,2019
574,32,JAWA BARAT,3277,KOTA CIMAHI,UPTD PENGELOLAAN JALAN DAN JEMBATAN WILAYAH PELAYANAN III,170,JL. SP. LEUWIGAJAH - NANJUNG.,BDG,SAMPAI KM,15.0,TITIK,2019
575,32,JAWA BARAT,3277,KOTA CIMAHI,UPTD PENGELOLAAN JALAN DAN JEMBATAN WILAYAH PELAYANAN III,247,JL. KOLONEL MASTURI (CIMAHI),BDG,DARI KM,10.32,TITIK,2019
576,32,JAWA BARAT,3277,KOTA CIMAHI,UPTD PENGELOLAAN JALAN DAN JEMBATAN WILAYAH PELAYANAN III,247,JL. KOLONEL MASTURI (CIMAHI),BDG,SAMPAI KM,14.27,TITIK,2019
577,32,JAWA BARAT,3278,KOTA TASIKMALAYA,UPTD PENGELOLAAN JALAN DAN JEMBATAN WILAYAH PELAYANAN V,331,JL. GARUDA (TASIKMALAYA),BDG,DARI KM,109.1,TITIK,2019
578,32,JAWA BARAT,3278,KOTA TASIKMALAYA,UPTD PENGELOLAAN JALAN DAN JEMBATAN WILAYAH PELAYANAN V,331,JL. GARUDA (TASIKMALAYA),BDG,SAMPAI KM,114.29,TITIK,2019
579,32,JAWA BARAT,3278,KOTA TASIKMALAYA,UPTD PENGELOLAAN JALAN DAN JEMBATAN WILAYAH PELAYANAN V,340,JL. Ir. H. JUANDA (TASIKMALAYA),BDG,DARI KM,104.99,TITIK,2019
580,32,JAWA BARAT,3278,KOTA TASIKMALAYA,UPTD PENGELOLAAN JALAN DAN JEMBATAN WILAYAH PELAYANAN V,340,JL. Ir. H. JUANDA (TASIKMALAYA),BDG,SAMPAI KM,107.84,TITIK,2019
581,32,JAWA BARAT,3278,KOTA TASIKMALAYA,UPTD PENGELOLAAN JALAN DAN JEMBATAN WILAYAH PELAYANAN V,340,JL. BRIGJEN WASITA KUSUMAH,BDG,DARI KM,100.7,TITIK,2019
582,32,JAWA BARAT,3278,KOTA TASIKMALAYA,UPTD PENGELOLAAN JALAN DAN JEMBATAN WILAYAH PELAYANAN V,340,JL. BRIGJEN WASITA KUSUMAH,BDG,SAMPAI KM,102.91,TITIK,2019
583,32,JAWA BARAT,3278,KOTA TASIKMALAYA,UPTD PENGELOLAAN JALAN DAN JEMBATAN WILAYAH PELAYANAN V,340,JL. LETNAN HARUN,BDG,DARI KM,102.91,TITIK,2019
584,32,JAWA BARAT,3278,KOTA TASIKMALAYA,UPTD PENGELOLAAN JALAN DAN JEMBATAN WILAYAH PELAYANAN V,340,JL. LETNAN HARUN,BDG,SAMPAI KM,104.94,TITIK,2019
585,32,JAWA BARAT,3278,KOTA TASIKMALAYA,UPTD PENGELOLAAN JALAN DAN JEMBATAN WILAYAH PELAYANAN V,341,JL. GUBERNUR SWAKA (TASIKMALAYA),BDG,DARI KM,107.89,TITIK,2019
586,32,JAWA BARAT,3278,KOTA TASIKMALAYA,UPTD PENGELOLAAN JALAN DAN JEMBATAN WILAYAH PELAYANAN V,341,JL. GUBERNUR SWAKA (TASIKMALAYA),BDG,SAMPAI KM,111.67,TITIK,2019
587,32,JAWA BARAT,3278,KOTA TASIKMALAYA,UPTD PENGELOLAAN JALAN DAN JEMBATAN WILAYAH PELAYANAN V,342,CISUMUR - GARUDA (LET JEN MASHUDI),BDG,DARI KM,111.68,TITIK,2019
588,32,JAWA BARAT,3278,KOTA TASIKMALAYA,UPTD PENGELOLAAN JALAN DAN JEMBATAN WILAYAH PELAYANAN V,342,CISUMUR - GARUDA (LET JEN MASHUDI),BDG,SAMPAI KM,118.08,TITIK,2019
589,32,JAWA BARAT,3278,KOTA TASIKMALAYA,UPTD PENGELOLAAN JALAN DAN JEMBATAN WILAYAH PELAYANAN V,343,JL. PERINTIS KEMERDEKAAN (TASIKMALAYA),BDG,DARI KM,111.05,TITIK,2019
590,32,JAWA BARAT,3278,KOTA TASIKMALAYA,UPTD PENGELOLAAN JALAN DAN JEMBATAN WILAYAH PELAYANAN V,343,JL. PERINTIS KEMERDEKAAN (TASIKMALAYA),BDG,SAMPAI KM,113.14,TITIK,2019
591,32,JAWA BARAT,3278,KOTA TASIKMALAYA,UPTD PENGELOLAAN JALAN DAN JEMBATAN WILAYAH PELAYANAN V,347,SINGAPARNA - TASIKMALAYA,BDG,DARI KM,110.22,TITIK,2019
592,32,JAWA BARAT,3278,KOTA TASIKMALAYA,UPTD PENGELOLAAN JALAN DAN JEMBATAN WILAYAH PELAYANAN V,347,SINGAPARNA - TASIKMALAYA,BDG,SAMPAI KM,115.63,TITIK,2019
593,32,JAWA BARAT,3279,KOTA BANJAR,UPTD PENGELOLAAN JALAN DAN JEMBATAN WILAYAH PELAYANAN V,332,JL. PERINTIS KEMERDEKAAN (BANJAR),BDG,DARI KM,147.38,TITIK,2019
594,32,JAWA BARAT,3279,KOTA BANJAR,UPTD PENGELOLAAN JALAN DAN JEMBATAN WILAYAH PELAYANAN V,332,JL. PERINTIS KEMERDEKAAN (BANJAR),BDG,SAMPAI KM,148.02,TITIK,2019
595,32,JAWA BARAT,3279,KOTA BANJAR,UPTD PENGELOLAAN JALAN DAN JEMBATAN WILAYAH PELAYANAN V,332,JL. RAYA CIMARAGAS/(BTS. KOTA BANJAR),BDG,DARI KM,139.05,TITIK,2019
596,32,JAWA BARAT,3279,KOTA BANJAR,UPTD PENGELOLAAN JALAN DAN JEMBATAN WILAYAH PELAYANAN V,332,JL. RAYA CIMARAGAS/(BTS. KOTA BANJAR),BDG,SAMPAI KM,147.38,TITIK,2019
