id,kode_provinsi,nama_provinsi,kode_kabupaten_kota,nama_kabupaten_kota,nama_pelabuhan,status_pelabuhan,status_hirarki,tahun
1,32,JAWA BARAT,3202,KABUPATEN SUKABUMI,PALABUHANRATU,PELABUHAN UMUM,PELABUHAN PENGUMPAN REGIONAL,2015
2,32,JAWA BARAT,3203,KABUPATEN CIANJUR,SINDANG BARANG,RENCANA PELABUHAN,PELABUHAN PENGUMPAN LOKAL,2015
3,32,JAWA BARAT,3206,KABUPATEN TASIKMALAYA,CIPATUJAH,RENCANA PELABUHAN,PELABUHAN PENGUMPAN LOKAL,2015
4,32,JAWA BARAT,3209,KABUPATEN CIREBON,MUARA GEBANG,PELABUHAN PERIKANAN,PELABUHAN PENGUMPAN LOKAL,2015
5,32,JAWA BARAT,3209,KABUPATEN CIREBON,ASTANAJAPURA,RENCANA PELABUHAN,PELABUHAN PENGUMPAN LOKAL,2015
6,32,JAWA BARAT,3209,KABUPATEN CIREBON,BONDET,RENCANA PELABUHAN,PELABUHAN PENGUMPAN LOKAL,2015
7,32,JAWA BARAT,3212,KABUPATEN INDRAMAYU,INDRAMAYU/LOSARANG,PERIKANAN PESISIR,PELABUHAN PENGUMPAN LOKAL,2015
8,32,JAWA BARAT,3213,KABUPATEN SUBANG,PAMANUKAN/BLANAKAN,PERIKANAN PESISIR,PELABUHAN PENGUMPAN LOKAL,2015
9,32,JAWA BARAT,3213,KABUPATEN SUBANG,PATIMBAN,PELABUHAN UMUM,PELABUHAN UTAMA,2015
10,32,JAWA BARAT,3216,KABUPATEN BEKASI,MUARA GEMBONG,PELABUHAN PENYEBERANGAN,PELABUHAN PENGUMPAN LOKAL,2015
11,32,JAWA BARAT,3216,KABUPATEN BEKASI,TARUMAJAYA,RENCANA PELABUHAN,PELABUHAN PENGUMPAN REGIONAL,2015
12,32,JAWA BARAT,3218,KABUPATEN PANGANDARAN,PANGANDARAN/BOJONGSALAWE,PELABUHAN UMUM,PELABUHAN PENGUMPAN LOKAL,2015
13,32,JAWA BARAT,3274,KOTA CIREBON,CIREBON,PERIKANAN PESISIR,PELABUHAN PENGUMPUL,2015
14,32,JAWA BARAT,3202,KABUPATEN SUKABUMI,PALABUHANRATU,PELABUHAN UMUM,PELABUHAN PENGUMPAN REGIONAL,2016
15,32,JAWA BARAT,3203,KABUPATEN CIANJUR,SINDANG BARANG,RENCANA PELABUHAN,PELABUHAN PENGUMPAN LOKAL,2016
16,32,JAWA BARAT,3206,KABUPATEN TASIKMALAYA,CIPATUJAH,RENCANA PELABUHAN,PELABUHAN PENGUMPAN LOKAL,2016
17,32,JAWA BARAT,3209,KABUPATEN CIREBON,MUARA GEBANG,PELABUHAN PERIKANAN,PELABUHAN PENGUMPAN LOKAL,2016
18,32,JAWA BARAT,3209,KABUPATEN CIREBON,ASTANAJAPURA,RENCANA PELABUHAN,PELABUHAN PENGUMPAN LOKAL,2016
19,32,JAWA BARAT,3209,KABUPATEN CIREBON,BONDET,RENCANA PELABUHAN,PELABUHAN PENGUMPAN LOKAL,2016
20,32,JAWA BARAT,3212,KABUPATEN INDRAMAYU,INDRAMAYU/LOSARANG,PERIKANAN PESISIR,PELABUHAN PENGUMPAN LOKAL,2016
21,32,JAWA BARAT,3213,KABUPATEN SUBANG,PAMANUKAN/BLANAKAN,PERIKANAN PESISIR,PELABUHAN PENGUMPAN LOKAL,2016
22,32,JAWA BARAT,3213,KABUPATEN SUBANG,PATIMBAN,PELABUHAN UMUM,PELABUHAN UTAMA,2016
23,32,JAWA BARAT,3216,KABUPATEN BEKASI,MUARA GEMBONG,PELABUHAN PENYEBERANGAN,PELABUHAN PENGUMPAN LOKAL,2016
24,32,JAWA BARAT,3216,KABUPATEN BEKASI,TARUMAJAYA,RENCANA PELABUHAN,PELABUHAN PENGUMPAN REGIONAL,2016
25,32,JAWA BARAT,3218,KABUPATEN PANGANDARAN,PANGANDARAN/BOJONGSALAWE,PELABUHAN UMUM,PELABUHAN PENGUMPAN LOKAL,2016
26,32,JAWA BARAT,3274,KOTA CIREBON,CIREBON,PERIKANAN PESISIR,PELABUHAN PENGUMPUL,2016
27,32,JAWA BARAT,3202,KABUPATEN SUKABUMI,PALABUHANRATU,PELABUHAN UMUM,PELABUHAN PENGUMPAN REGIONAL,2017
28,32,JAWA BARAT,3203,KABUPATEN CIANJUR,SINDANG BARANG,RENCANA PELABUHAN,PELABUHAN PENGUMPAN LOKAL,2017
29,32,JAWA BARAT,3206,KABUPATEN TASIKMALAYA,CIPATUJAH,RENCANA PELABUHAN,PELABUHAN PENGUMPAN LOKAL,2017
30,32,JAWA BARAT,3209,KABUPATEN CIREBON,MUARA GEBANG,PELABUHAN PERIKANAN,PELABUHAN PENGUMPAN LOKAL,2017
31,32,JAWA BARAT,3209,KABUPATEN CIREBON,ASTANAJAPURA,RENCANA PELABUHAN,PELABUHAN PENGUMPAN LOKAL,2017
32,32,JAWA BARAT,3209,KABUPATEN CIREBON,BONDET,RENCANA PELABUHAN,PELABUHAN PENGUMPAN LOKAL,2017
33,32,JAWA BARAT,3212,KABUPATEN INDRAMAYU,INDRAMAYU/LOSARANG,PERIKANAN PESISIR,PELABUHAN PENGUMPAN LOKAL,2017
34,32,JAWA BARAT,3213,KABUPATEN SUBANG,PAMANUKAN/BLANAKAN,PERIKANAN PESISIR,PELABUHAN PENGUMPAN LOKAL,2017
35,32,JAWA BARAT,3213,KABUPATEN SUBANG,PATIMBAN,PELABUHAN UMUM,PELABUHAN UTAMA,2017
36,32,JAWA BARAT,3216,KABUPATEN BEKASI,MUARA GEMBONG,PELABUHAN PENYEBERANGAN,PELABUHAN PENGUMPAN LOKAL,2017
37,32,JAWA BARAT,3216,KABUPATEN BEKASI,TARUMAJAYA,RENCANA PELABUHAN,PELABUHAN PENGUMPAN REGIONAL,2017
38,32,JAWA BARAT,3218,KABUPATEN PANGANDARAN,PANGANDARAN/BOJONGSALAWE,PELABUHAN UMUM,PELABUHAN PENGUMPAN LOKAL,2017
39,32,JAWA BARAT,3274,KOTA CIREBON,CIREBON,PERIKANAN PESISIR,PELABUHAN PENGUMPUL,2017
40,32,JAWA BARAT,3202,KABUPATEN SUKABUMI,PALABUHANRATU,PELABUHAN UMUM,PELABUHAN PENGUMPAN REGIONAL,2018
41,32,JAWA BARAT,3203,KABUPATEN CIANJUR,SINDANG BARANG,RENCANA PELABUHAN,PELABUHAN PENGUMPAN LOKAL,2018
42,32,JAWA BARAT,3206,KABUPATEN TASIKMALAYA,CIPATUJAH,RENCANA PELABUHAN,PELABUHAN PENGUMPAN LOKAL,2018
43,32,JAWA BARAT,3209,KABUPATEN CIREBON,MUARA GEBANG,PELABUHAN PERIKANAN,PELABUHAN PENGUMPAN LOKAL,2018
44,32,JAWA BARAT,3209,KABUPATEN CIREBON,ASTANAJAPURA,RENCANA PELABUHAN,PELABUHAN PENGUMPAN LOKAL,2018
45,32,JAWA BARAT,3209,KABUPATEN CIREBON,BONDET,RENCANA PELABUHAN,PELABUHAN PENGUMPAN LOKAL,2018
46,32,JAWA BARAT,3212,KABUPATEN INDRAMAYU,INDRAMAYU/LOSARANG,PERIKANAN PESISIR,PELABUHAN PENGUMPAN LOKAL,2018
47,32,JAWA BARAT,3213,KABUPATEN SUBANG,PAMANUKAN/BLANAKAN,PERIKANAN PESISIR,PELABUHAN PENGUMPAN LOKAL,2018
48,32,JAWA BARAT,3213,KABUPATEN SUBANG,PATIMBAN,PELABUHAN UMUM,PELABUHAN UTAMA,2018
49,32,JAWA BARAT,3216,KABUPATEN BEKASI,MUARA GEMBONG,PELABUHAN PENYEBERANGAN,PELABUHAN PENGUMPAN LOKAL,2018
50,32,JAWA BARAT,3216,KABUPATEN BEKASI,TARUMAJAYA,RENCANA PELABUHAN,PELABUHAN PENGUMPAN REGIONAL,2018
51,32,JAWA BARAT,3218,KABUPATEN PANGANDARAN,PANGANDARAN/BOJONGSALAWE,PELABUHAN UMUM,PELABUHAN PENGUMPAN LOKAL,2018
52,32,JAWA BARAT,3274,KOTA CIREBON,CIREBON,PERIKANAN PESISIR,PELABUHAN PENGUMPUL,2018
53,32,JAWA BARAT,3202,KABUPATEN SUKABUMI,PALABUHANRATU,PELABUHAN UMUM,PELABUHAN PENGUMPAN REGIONAL,2019
54,32,JAWA BARAT,3203,KABUPATEN CIANJUR,SINDANG BARANG,RENCANA PELABUHAN,PELABUHAN PENGUMPAN LOKAL,2019
55,32,JAWA BARAT,3206,KABUPATEN TASIKMALAYA,CIPATUJAH,RENCANA PELABUHAN,PELABUHAN PENGUMPAN LOKAL,2019
56,32,JAWA BARAT,3209,KABUPATEN CIREBON,MUARA GEBANG,PELABUHAN PERIKANAN,PELABUHAN PENGUMPAN LOKAL,2019
57,32,JAWA BARAT,3209,KABUPATEN CIREBON,ASTANAJAPURA,RENCANA PELABUHAN,PELABUHAN PENGUMPAN LOKAL,2019
58,32,JAWA BARAT,3209,KABUPATEN CIREBON,BONDET,RENCANA PELABUHAN,PELABUHAN PENGUMPAN LOKAL,2019
59,32,JAWA BARAT,3212,KABUPATEN INDRAMAYU,INDRAMAYU/LOSARANG,PERIKANAN PESISIR,PELABUHAN PENGUMPAN LOKAL,2019
60,32,JAWA BARAT,3213,KABUPATEN SUBANG,PAMANUKAN/BLANAKAN,PERIKANAN PESISIR,PELABUHAN PENGUMPAN LOKAL,2019
61,32,JAWA BARAT,3213,KABUPATEN SUBANG,PATIMBAN,PELABUHAN UMUM,PELABUHAN UTAMA,2019
62,32,JAWA BARAT,3216,KABUPATEN BEKASI,MUARA GEMBONG,PELABUHAN PENYEBERANGAN,PELABUHAN PENGUMPAN LOKAL,2019
63,32,JAWA BARAT,3216,KABUPATEN BEKASI,TARUMAJAYA,RENCANA PELABUHAN,PELABUHAN PENGUMPUL,2019
64,32,JAWA BARAT,3218,KABUPATEN PANGANDARAN,PANGANDARAN/BOJONGSALAWE,PELABUHAN UMUM,PELABUHAN PENGUMPAN LOKAL,2019
65,32,JAWA BARAT,3274,KOTA CIREBON,CIREBON,PERIKANAN PESISIR,PELABUHAN PENGUMPUL,2019
66,32,JAWA BARAT,3202,KABUPATEN SUKABUMI,PALABUHANRATU,PELABUHAN UMUM,PELABUHAN PENGUMPAN REGIONAL,2020
67,32,JAWA BARAT,3203,KABUPATEN CIANJUR,SINDANG BARANG,RENCANA PELABUHAN,PELABUHAN PENGUMPAN LOKAL,2020
68,32,JAWA BARAT,3206,KABUPATEN TASIKMALAYA,CIPATUJAH,RENCANA PELABUHAN,PELABUHAN PENGUMPAN LOKAL,2020
69,32,JAWA BARAT,3209,KABUPATEN CIREBON,MUARA GEBANG,PELABUHAN PERIKANAN,PELABUHAN PENGUMPAN LOKAL,2020
70,32,JAWA BARAT,3209,KABUPATEN CIREBON,ASTANAJAPURA,RENCANA PELABUHAN,PELABUHAN PENGUMPAN LOKAL,2020
71,32,JAWA BARAT,3209,KABUPATEN CIREBON,BONDET,RENCANA PELABUHAN,PELABUHAN PENGUMPAN LOKAL,2020
72,32,JAWA BARAT,3212,KABUPATEN INDRAMAYU,INDRAMAYU/LOSARANG,PERIKANAN PESISIR,PELABUHAN PENGUMPAN LOKAL,2020
73,32,JAWA BARAT,3213,KABUPATEN SUBANG,PAMANUKAN/BLANAKAN,PERIKANAN PESISIR,PELABUHAN PENGUMPAN LOKAL,2020
74,32,JAWA BARAT,3213,KABUPATEN SUBANG,PATIMBAN,PELABUHAN UMUM,PELABUHAN UTAMA,2020
75,32,JAWA BARAT,3216,KABUPATEN BEKASI,MUARA GEMBONG,PELABUHAN PENYEBERANGAN,PELABUHAN PENGUMPAN LOKAL,2020
76,32,JAWA BARAT,3216,KABUPATEN BEKASI,TARUMAJAYA,RENCANA PELABUHAN,PELABUHAN PENGUMPUL,2020
77,32,JAWA BARAT,3218,KABUPATEN PANGANDARAN,PANGANDARAN/BOJONGSALAWE,PELABUHAN UMUM,PELABUHAN PENGUMPAN LOKAL,2020
78,32,JAWA BARAT,3274,KOTA CIREBON,CIREBON,PERIKANAN PESISIR,PELABUHAN PENGUMPUL,2020
