id,komoditi_bukan_makanan,daerah,persentase_garis_kemiskinan,satuan,tahun
1,PERUMAHAN,PERKOTAAN,9.49,PERSEN,2021
2,PERUMAHAN,PERDESAAN,9.52,PERSEN,2021
3,BENSIN,PERKOTAAN,4.0,PERSEN,2021
4,BENSIN,PERDESAAN,3.01,PERSEN,2021
5,LISTRIK,PERKOTAAN,2.87,PERSEN,2021
6,LISTRIK,PERDESAAN,1.66,PERSEN,2021
7,PENDIDIKAN,PERKOTAAN,1.74,PERSEN,2021
8,PENDIDIKAN,PERDESAAN,1.19,PERSEN,2021
9,PERLENGKAPAN MANDI,PERKOTAAN,1.28,PERSEN,2021
10,PERLENGKAPAN MANDI,PERDESAAN,1.08,PERSEN,2021
11,LAINNYA,PERKOTAAN,7.63,PERSEN,2021
12,LAINNYA,PERDESAAN,7.77,PERSEN,2021
