id,kode_provinsi,nama_provinsi,wilayah_pelayanan,jenis_aktivitas,jumlah_angkutan_barang,satuan,tahun
1,32,JAWA BARAT,CIRATA,BONGKAR,7344074.0,TON,2015
2,32,JAWA BARAT,SAGULING,BONGKAR,485790.0,TON,2015
3,32,JAWA BARAT,JATILUHUR,BONGKAR,852294.0,TON,2015
4,32,JAWA BARAT,KALIPUCANG,BONGKAR,298122.0,TON,2015
5,32,JAWA BARAT,MAJINGKLAK,BONGKAR,400822.0,TON,2015
6,32,JAWA BARAT,MUARA GEMBONG,BONGKAR,38926.0,TON,2015
7,32,JAWA BARAT,CIRATA,MUAT,7053353.0,TON,2015
8,32,JAWA BARAT,SAGULING,MUAT,409130.0,TON,2015
9,32,JAWA BARAT,JATILUHUR,MUAT,465217.0,TON,2015
10,32,JAWA BARAT,KALIPUCANG,MUAT,97633.0,TON,2015
11,32,JAWA BARAT,MAJINGKLAK,MUAT,123822.0,TON,2015
12,32,JAWA BARAT,MUARA GEMBONG,MUAT,42426.0,TON,2015
13,32,JAWA BARAT,CIRATA,BONGKAR,57812.0,TON,2017
14,32,JAWA BARAT,SAGULING,BONGKAR,407.0,TON,2017
15,32,JAWA BARAT,JATILUHUR,BONGKAR,462.0,TON,2017
16,32,JAWA BARAT,KALIPUCANG,BONGKAR,340.0,TON,2017
17,32,JAWA BARAT,MAJINGKLAK,BONGKAR,282.0,TON,2017
18,32,JAWA BARAT,MUARA GEMBONG,BONGKAR,190.0,TON,2017
19,32,JAWA BARAT,CIRATA,MUAT,88846.0,TON,2017
20,32,JAWA BARAT,SAGULING,MUAT,409.0,TON,2017
21,32,JAWA BARAT,JATILUHUR,MUAT,406.0,TON,2017
22,32,JAWA BARAT,KALIPUCANG,MUAT,185.0,TON,2017
23,32,JAWA BARAT,MAJINGKLAK,MUAT,188.0,TON,2017
24,32,JAWA BARAT,MUARA GEMBONG,MUAT,157.0,TON,2017
25,32,JAWA BARAT,CIRATA,BONGKAR,4847.46,TON,2018
26,32,JAWA BARAT,SAGULING,BONGKAR,301.2,TON,2018
27,32,JAWA BARAT,JATILUHUR,BONGKAR,656.1,TON,2018
28,32,JAWA BARAT,KALIPUCANG,BONGKAR,406.45,TON,2018
29,32,JAWA BARAT,MAJINGKLAK,BONGKAR,152.8,TON,2018
30,32,JAWA BARAT,MUARA GEMBONG,BONGKAR,8441.57,TON,2018
31,32,JAWA BARAT,CIRATA,MUAT,9720.2,TON,2018
32,32,JAWA BARAT,SAGULING,MUAT,365.6,TON,2018
33,32,JAWA BARAT,JATILUHUR,MUAT,791.3,TON,2018
34,32,JAWA BARAT,KALIPUCANG,MUAT,228.7,TON,2018
35,32,JAWA BARAT,MAJINGKLAK,MUAT,267.5,TON,2018
36,32,JAWA BARAT,MUARA GEMBONG,MUAT,8227.27,TON,2018
37,32,JAWA BARAT,CIRATA,BONGKAR,16916.9,TON,2019
38,32,JAWA BARAT,SAGULING,BONGKAR,537.1,TON,2019
39,32,JAWA BARAT,JATILUHUR,BONGKAR,194.8,TON,2019
40,32,JAWA BARAT,KALIPUCANG,BONGKAR,69.5,TON,2019
41,32,JAWA BARAT,MAJINGKLAK,BONGKAR,399.0,TON,2019
42,32,JAWA BARAT,MUARA GEMBONG,BONGKAR,1002.0,TON,2019
43,32,JAWA BARAT,CIRATA,MUAT,33839.2,TON,2019
44,32,JAWA BARAT,SAGULING,MUAT,662.4,TON,2019
45,32,JAWA BARAT,JATILUHUR,MUAT,205.5,TON,2019
46,32,JAWA BARAT,KALIPUCANG,MUAT,313.0,TON,2019
47,32,JAWA BARAT,MAJINGKLAK,MUAT,320.65,TON,2019
48,32,JAWA BARAT,MUARA GEMBONG,MUAT,759.0,TON,2019
49,32,JAWA BARAT,CIRATA,BONGKAR,10860.16,TON,2020
50,32,JAWA BARAT,SAGULING,BONGKAR,2884.8,TON,2020
51,32,JAWA BARAT,JATILUHUR,BONGKAR,552.8,TON,2020
52,32,JAWA BARAT,KALIPUCANG,BONGKAR,3.5,TON,2020
53,32,JAWA BARAT,MAJINGKLAK,BONGKAR,159.5,TON,2020
54,32,JAWA BARAT,MUARA GEMBONG,BONGKAR,651.8,TON,2020
55,32,JAWA BARAT,CIRATA,MUAT,21577.8,TON,2020
56,32,JAWA BARAT,SAGULING,MUAT,2211.7,TON,2020
57,32,JAWA BARAT,JATILUHUR,MUAT,534.2,TON,2020
58,32,JAWA BARAT,KALIPUCANG,MUAT,288.2,TON,2020
59,32,JAWA BARAT,MAJINGKLAK,MUAT,377.5,TON,2020
60,32,JAWA BARAT,MUARA GEMBONG,MUAT,394.72,TON,2020
